Symbol,Date,Close,R3M,R6M,R9M,R12M,RS_Blend,MA_30W,MA_30W_Slope_10S_Pct,Stage,MA_10W,High_52W,Near_52W_High,Low_52W,Volume_Ratio,U_D,AvgValue20,SMA_50,Below_50DMA,Ext_Pct,Extended_20Pct,Pct_From_52W_High,Above_MA_30W,Above_MA_10W,MA10W_Above_MA30W,MA_30W_Rising,Distribution,Heavy_Distribution,Breakout,Breakout_Confirmed,SMA_150,SMA_200,SMA_200_Rising,ATR_Pct,VCP_Contractions,Contraction_Ratio,Base_Depth_Pct,Volume_DryUp,VCP_Setup,VCP_Pivot,RS_Line,RS_Line_High_52W,RS_Line_At_High,Pct_To_Pivot,RS_Score,Liquid_UI_Filter,RS_Not_Lagging,Trend_Health,TT1_Above_150_200,TT2_150_Above_200,TT3_200_Rising,TT4_50_Above_150_200,TT5_Above_50,TT6_Above_52W_Low,TT7_Near_52W_High,TT8_RS,Trend_Template_Score,Trend_Template_Pass,RS_Line_NH_Before_Price,Stage1_Readiness,Company Name,Industry,Series,ISIN Code,Action,Action_Reason
360ONE,2026-08-24,1189.800048828125,0.06957930844601656,0.07482191873874933,0.05922002020233852,0.11617794869804032,0.07787570090623226,1093.0539621849582,0.3518708722548558,Stage 2 — Advancing,1133.1411803002452,1229.0652744329707,False,900.8207868154223,0.6112867183077535,0.728647429851313,1087592814.237445,1133.1880029296874,False,8.850989062770175,False,-3.194722560440144,True,True,True,True,False,False,False,False,1093.7413293457032,1104.0473861694336,True,2.540042493470486,3,0.8167807394739507,13.271734858774664,0.6371203728302273,False,1222.9000244140625,0.05060448706830096,0.051163296820319254,False,2.781977998617391,57.0,True,True,5,True,False,True,True,True,True,True,False,6,False,False,,360 ONE WAM Ltd.,Financial Services,EQ,INE466L01038,HOLD,Stage 2 + RS 57; trend/leadership is adequate without a stronger entry trigger.
3MINDIA,2026-08-25,33695.0,0.016896722133989295,-0.06193790245368702,-0.03136917450350474,0.12001909217884177,0.012101091897925721,33314.57730334052,0.17173247892197097,Stage 2 — Advancing,34495.857460171566,37487.09942436396,False,28319.862583025053,0.2983346072776967,0.7251573932278373,142749300.25,34548.996640625,True,1.141910621274289,False,-10.115745103232399,True,False,True,True,False,False,False,False,33314.7727734375,33670.87827148438,True,2.482352192991754,1,1.818766132538038,14.971359973910307,1.2384462353261187,False,37300.0,1.427052828162535,1.5957972004548862,False,10.698916753227472,46.0,True,False,3,True,False,True,True,False,False,True,False,4,False,False,,3M India Ltd.,Diversified,EQ,INE470A01017,WAIT,Stage 2 + RS 46; wait because the close is below its 50-session average — short-term timing has weakened even though the 30-week trend is intact.
ABB,2026-08-25,7627.0,0.1423816375201461,0.25631933993612765,0.528123312727927,0.5191353469306457,0.3176682549269985,6670.809857930222,2.7977544517022057,Stage 2 — Advancing,7246.035184972427,7832.294844565128,True,4564.870705303207,0.5340940124119439,1.9927438122004535,2114062740.5398927,7252.169736328125,False,14.333943890381828,False,-2.6211327412882457,True,True,True,True,False,False,False,False,6616.61359375,6220.720673828125,True,1.9233169561558423,3,0.9756852997410669,15.256478182662764,0.4211572045493427,False,7832.294844565128,0.32301919929947037,0.32689961302851106,False,2.6916853882932745,85.0,True,True,5,True,True,True,True,True,True,True,True,8,True,False,,ABB India Ltd.,Capital Goods,EQ,INE117A01022,HOLD,Stage 2 + RS 85; trend/leadership is adequate without a stronger entry trigger.
ACC,2026-08-24,1300.9000244140625,-0.03792118589220739,-0.19187990806046673,-0.31628401699330755,-0.28151816937080665,-0.17310489324179915,1417.0582626551798,-1.7650542907841738,Stage 4 — Declining,1351.6745174632354,1975.569036609613,False,1244.4991052892974,0.5375963507667803,0.6510087429243698,237893407.2147278,1351.5800073242187,True,-8.197139193378577,False,-34.150616844723814,False,False,False,False,True,False,False,False,1424.8423527018228,1513.914790649414,False,1.6384275883431978,1,1.6468631101620914,9.04590297797511,0.6343290987065032,False,1413.9000244140625,0.05532978295592895,0.08036860726139042,False,8.686293941065637,9.0,True,False,0,False,False,False,False,False,False,False,False,0,False,False,,ACC Ltd.,Construction Materials,EQ,INE012A01025,SELL,Stage 4 takes precedence: the guide requires SELL regardless of RS.
ACMESOLAR,2026-08-24,409.1499938964844,0.40988965088186546,0.7666234158629999,0.7564256397538571,0.4082209815365554,0.5502098677834287,304.54582068038314,3.6858610480903664,Stage 2 — Advancing,370.6392146091835,411.5,True,195.72747422084996,1.1141875914132948,2.570083088069001,874101614.8328949,371.1069989013672,False,34.34759767262803,True,-0.5710828927133926,True,True,True,True,False,False,False,False,301.98123423258465,284.78244132995604,True,3.1336754545635976,1,0.800251343216746,20.534629404617256,0.9422891814726297,False,411.5,0.017401937069613464,0.017401937069613464,True,0.5743629814424889,94.0,True,True,5,True,True,True,True,True,True,True,True,8,True,False,,ACME Solar Holdings Ltd.,Power,EQ,INE622W01025,WAIT,"Stage 2 + RS 94; wait because price is more than 20% above the 30-week line (currently +34%) — the guide treats that as poor entry timing, not a failed trend."
AIAENG,2026-08-24,4276.2998046875,0.07068097263082129,0.10796447727428848,0.14504891899167682,0.3832303343812229,0.1555211351817662,4190.243455347521,0.8719517173012781,Stage 2 — Advancing,4662.335286458333,5180.0,False,2985.486170743132,0.25933410600138374,0.9018584752812008,269641385.53706056,4666.19798828125,True,2.053731489757582,False,-17.44594971645753,True,False,True,True,False,False,False,False,4177.462006835937,4083.451506347656,True,3.674569367337762,3,1.070693517006725,17.625482625482626,0.7038700128404867,False,5180.0,0.18187926482237604,0.22097221935568148,False,21.13276048423691,70.0,True,True,4,True,True,True,True,False,True,True,True,7,False,False,,AIA Engineering Ltd.,Capital Goods,EQ,INE212H01026,HOLD,Stage 2 + RS 70; trend/leadership is adequate without a stronger entry trigger.
APLAPOLLO,2026-08-25,2139.300048828125,0.12677766582605354,-0.040930711391995556,0.25959727866005555,0.300328295842887,0.1545100389526108,1967.2691759083368,0.586454410792081,Stage 2 — Advancing,1896.835298426011,2301.39990234375,False,1578.0,1.0557507683064158,1.8584105519141405,1441346639.6356568,1897.9320043945313,False,8.744653503776734,False,-7.043532649434036,True,True,False,True,False,False,False,False,1966.5466642252604,1928.860498046875,True,2.0096690125801437,3,1.445054786744673,19.45416346387538,0.7527485656823368,False,2172.800048828125,0.09060377459470025,0.09731586051187452,False,1.5659327460096462,69.0,True,True,4,True,True,True,False,True,True,True,False,6,False,False,,APL Apollo Tubes Ltd.,Capital Goods,EQ,INE702C01027,HOLD,Stage 2 + RS 69; trend/leadership is adequate without a stronger entry trigger.
ASKAUTOLTD,2026-08-24,615.4000244140625,0.35657666382463216,0.44378059869264197,0.2958131888941946,0.20681778629131964,0.3319129803054841,464.9109944382759,2.876739565633968,Stage 2 — Advancing,524.2377798043045,687.7000122070312,False,373.9332517882958,0.27810708571607734,5.983038349086197,1155226103.6858811,525.7154565429687,False,32.3694280789409,True,-10.513303258631169,True,True,True,True,False,False,False,False,464.2600996907552,466.5405171203613,True,5.506290979081341,1,1.4140689760091047,36.10673414799269,0.4776211920010584,False,687.7000122070312,0.026174148007445747,0.028605804607407824,False,11.748453838916785,86.0,True,True,5,True,False,True,True,True,True,True,True,7,False,False,,ASK Automotive Ltd.,Automobile and Auto Components,EQ,INE491J01022,WAIT,"Stage 2 + RS 86; wait because price is more than 20% above the 30-week line (currently +32%) — the guide treats that as poor entry timing, not a failed trend."
AUBANK,2026-08-25,1128.5999755859375,0.13048731809153802,0.15028614103227245,0.196648474994902,0.5070651029774487,0.22299487103753984,999.9011113415025,0.7000850524310209,Stage 2 — Advancing,1050.541211894914,1144.0999755859375,True,681.4882278715522,3.105433852861001,3.4171369663817193,1948819828.5221252,1051.1098889160157,False,12.87115923611366,False,-1.3547767092698226,True,True,True,True,False,False,True,True,999.630117594401,990.5597048950195,True,2.098681709510383,3,1.1743957620147536,16.172656316329984,1.040027406037475,False,1144.0999755859375,0.04779853945760736,0.04779853945760736,True,1.3733829820395727,77.0,True,True,5,True,True,True,True,True,True,True,True,8,True,False,,AU Small Finance Bank Ltd.,Financial Services,EQ,INE949L01017,WAIT,"Stage 2 + RS 77; wait because a breakout without leadership is not an entry: RS needs 80, short by 3."
AWL,2026-08-25,200.63999938964844,0.04469139433600522,0.057453547018816,-0.25699722556548177,-0.22323078838884136,-0.06667833565269934,191.15068409540882,-0.6359126047442043,Stage 3 — Topping,189.35782009947533,281.42985528309595,False,170.3003850027749,4.429291034901729,3.934275807020715,751954922.8201683,189.2200793457031,False,4.964311448398084,False,-28.70692443492868,True,True,False,False,False,False,False,False,191.61123219807942,205.22910049438477,False,2.531543038855949,2,0.9694383331780023,12.362077150079669,1.210946965082144,False,204.82000732421875,0.008497518283766941,0.011664737051174908,False,2.083337294301235,28.0,True,False,2,False,False,False,False,True,False,False,False,1,False,False,,AWL Agri Business Ltd.,Fast Moving Consumer Goods,EQ,INE699H01024,SELL,Stage 3 + RS 28; RS below 50 in Stage 3 triggers SELL.
AXISCADES,2026-08-24,1556.9000244140625,-0.21936421713017862,0.05581177959495265,0.10504648834934227,0.2806614188914687,0.0005582505150812725,1645.4315143741974,1.1415554352842472,Stage 1 — Basing,1633.7274600758271,2211.0,False,1063.300048828125,0.4407105251853997,0.7798066279061048,239745161.14657593,1628.2860083007813,True,-5.38044210207107,False,-29.58389758416723,False,False,False,True,False,False,False,False,1632.4773396809896,1569.595005493164,True,4.069442519296978,2,0.7043002289528187,28.83919720673681,0.7270045664026166,False,1990.0,0.06621795589073814,0.09403153538512572,False,27.81809806631188,42.0,True,False,1,False,True,True,False,False,True,False,False,3,False,False,2.0,AXISCADES Technologies Ltd.,Capital Goods,EQ,INE555B01013,AVOID,Stage 1 + RS 42; weak RS in a basing stage is AVOID.
AADHARHFC,2026-08-25,475.0,0.003697834125726329,0.0388190267905959,-0.024740761923786048,-0.08168197196713389,-0.012041607769774275,485.22499941473137,0.12163430813740828,Stage 1 — Basing,506.20980236577054,563.0,False,430.1499938964844,1.0589268497234379,0.868753212700838,193521904.07930452,506.6339984130859,True,-2.10726970520162,False,-15.630550621669625,False,False,True,True,False,False,False,False,484.81433247884115,485.2354997253418,False,2.7015041265272552,3,0.888671983636463,18.41918511670182,0.999476806157902,False,563.0,0.020117230846630186,0.02384431524932254,False,18.526315789473678,39.0,True,False,2,False,False,False,True,False,False,True,False,2,False,False,1.0,Aadhar Housing Finance Ltd.,Financial Services,EQ,INE883F01010,AVOID,Stage 1 + RS 39; weak RS in a basing stage is AVOID.
AARTIDRUGS,2026-08-24,421.04998779296875,0.07975374948680858,0.13951282217312255,-0.01624500999978684,-0.12367299361461737,0.031820463506467105,379.65621070339256,0.713325441494983,Stage 2 — Advancing,401.10490267884495,531.6963704720772,False,318.95001220703125,0.9914276980665742,1.8481355675813742,97312422.29702607,401.6190008544922,False,10.902963239528084,False,-20.81006920940026,True,True,True,True,False,False,False,False,379.48960306803383,388.53895751953127,False,3.1808230260810344,1,2.3674463593544885,19.14471669172631,1.6563683327938958,False,453.6499938964844,0.017908066723785712,0.022248616235203425,False,7.742550064992559,50.0,True,True,5,True,False,False,True,True,True,True,False,5,False,False,,Aarti Drugs Ltd.,Healthcare,EQ,INE767A01016,HOLD,Stage 2 + RS 50; trend/leadership is adequate without a stronger entry trigger.
AARTIIND,2026-08-25,538.9000244140625,0.11665979610135091,0.1808918970230533,0.419091571860599,0.3869515927026739,0.2440509307578056,463.4349329700209,2.553010262241373,Stage 2 — Advancing,493.21372776405485,551.75,True,338.04998779296875,0.9911465699319804,3.2085435652985392,988536131.08983,493.1440020751953,False,16.28385908684258,False,-2.3289489054712287,True,True,True,True,False,False,False,False,460.31000142415365,438.64750091552736,True,3.2877820835168254,3,1.0034227930776964,17.62573629361124,1.3414300675980029,False,551.75,0.02282352883029966,0.02310121638814901,False,2.38448227941892,79.0,True,True,5,True,True,True,True,True,True,True,True,8,True,False,,Aarti Industries Ltd.,Chemicals,EQ,INE769A01020,HOLD,Stage 2 + RS 79; trend/leadership is adequate without a stronger entry trigger.
AARTIPHARM,2026-08-25,834.9500122070312,0.13994129058875315,0.17880845206379048,0.23246382833500245,0.013755388147043579,0.14098204994466856,706.279053988522,0.8003006421539283,Stage 2 — Advancing,727.1774519378064,944.0989338759356,False,585.0,0.5791057999655952,7.802357706241801,1156239552.991507,728.9340014648437,False,18.21814727364126,False,-11.561174126190432,True,True,True,True,False,False,False,False,707.9042484537761,714.7483209228516,False,5.7548366834833375,2,0.9596014401909031,31.444349954626126,1.3643237483683397,False,932.5999755859375,0.03536185713887482,0.040382449670908586,False,11.695306539464223,68.0,True,True,5,True,False,False,True,True,True,True,False,5,False,False,,Aarti Pharmalabs Ltd.,Healthcare,EQ,INE0LRU01027,HOLD,Stage 2 + RS 68; trend/leadership is adequate without a stronger entry trigger.
AAVAS,2026-08-25,1313.199951171875,-0.04494549005681814,0.021230209378253928,-0.18873170396949113,-0.19529387123859965,-0.09053726918869463,1350.7684978328339,-0.24618329921983761,Stage 4 — Declining,1437.3725609872856,1771.9000244140625,False,1060.4000244140625,0.8974827971901427,0.4718394830106301,102274949.05426025,1438.2500122070312,True,-2.7812720478182396,False,-25.887469209436453,False,False,True,False,True,True,False,False,1352.8486710611978,1396.999501953125,False,2.734326498764251,2,0.7858249317437683,15.198397638525387,0.5249653882381844,False,1544.9000244140625,0.05561672961159599,0.07290896978560894,False,17.643929474366992,23.0,True,False,1,False,False,False,True,False,False,False,False,1,False,False,,Aavas Financiers Ltd.,Financial Services,EQ,INE216P01012,SELL,Stage 4 takes precedence: the guide requires SELL regardless of RS.
ABBOTINDIA,2026-08-24,26420.0,-0.028450158857661334,0.02553504196705636,-0.08885487643737988,-0.15174171486377774,-0.05439237340988479,26211.116103916953,-0.03246410353590079,Stage 3 — Topping,26651.186006433825,32025.594940162126,False,24574.941813474234,0.9097184948727365,0.5937746464062253,248767033.0,26671.1162109375,True,0.7969286590273406,False,-17.503484168321737,True,False,True,False,True,True,False,False,26230.412278645832,26699.239638671876,False,1.9479290580728885,2,2.034724080698906,14.008038473109002,1.1821444118700808,False,28635.0,1.1236934724127299,1.3972645042803573,False,8.383800151400456,31.0,True,False,2,False,False,False,False,False,False,True,False,1,False,False,,Abbott India Ltd.,Healthcare,EQ,INE358A01014,SELL,Stage 3 + RS 31; RS below 50 in Stage 3 triggers SELL.
ACE,2026-08-25,1154.800048828125,0.3041956439186493,0.32552804482020514,0.1913752846087695,0.06876450608803797,0.23881182467086223,935.3517142517926,2.231974745134835,Stage 2 — Advancing,1044.3029438093597,1196.0,False,745.0999755859375,0.2959582289571263,1.6667583243274353,471569321.5733215,1046.5790026855468,False,23.461584688693684,True,-3.4448119708925584,True,True,True,True,False,False,False,False,931.7186686197916,936.0540023803711,True,3.3846309200421967,2,1.0037678668387873,22.144646788121864,0.8143230720389355,False,1196.0,0.048908166661000424,0.0505084190946617,False,3.567712974526116,78.0,True,True,5,True,False,True,True,True,True,True,True,7,False,False,,Action Construction Equipment Ltd.,Capital Goods,EQ,INE731H01025,HOLD,Stage 2 + RS 78; trend/leadership is adequate without a stronger entry trigger.
ACUTAAS,2026-08-24,3173.0,0.07515588658777661,0.47423682944560697,0.6947976085641434,1.2306557676986083,0.5100003957767825,2758.426710154912,3.7140467865463878,Stage 2 — Advancing,3342.094113817402,3740.0,False,1302.0,0.9604591413010841,0.6697498180635578,1077778558.1599853,3347.0019970703124,True,15.02933858343496,False,-15.16042780748663,True,False,True,True,True,False,False,False,2728.5726643880207,2474.870499267578,True,3.5570215155919365,3,0.4986648712592398,20.850268685243982,0.6476791185522608,True,3740.0,0.13495379969589674,0.15868608046725632,False,17.869524109675396,93.0,True,True,4,True,True,True,True,False,True,True,True,7,False,False,,Acutaas Chemicals Ltd.,Healthcare,EQ,INE00FF01025,REDUCE,Stage 2 + RS 93; distribution warning (U/D 0.67) triggers REDUCE.
ADANIENSOL,2026-08-25,1594.5,0.1354411055746918,0.5740375123395853,0.6412763767370047,0.9789016444306546,0.4930195489313257,1331.8143858191086,3.384466480511583,Stage 2 — Advancing,1606.382360121783,1789.0,False,744.9000244140625,0.8737709910024981,1.0084852403252655,3340963728.5415406,1608.6880078125,True,19.723890729662852,False,-10.871995528228062,True,False,True,True,False,False,False,False,1319.7813354492187,1237.3375009155272,True,2.8952203952341757,2,1.2345520340557288,18.11067635550587,1.1601128269039416,False,1789.0,0.06753036754726702,0.07457985437971158,False,12.198181248040129,92.0,True,True,4,True,True,True,True,False,True,True,True,7,False,False,,Adani Energy Solutions Ltd.,Power,EQ,INE931S01010,WAIT,Stage 2 + RS 92; wait because the close is below its 50-session average — short-term timing has weakened even though the 30-week trend is intact.
ADANIENT,2026-08-25,3110.0,0.0918309640894428,0.3941795507870345,0.3337008928744367,0.3510750745985931,0.25252348928779,2580.240149929099,2.3862056226179096,Stage 2 — Advancing,3059.9176480162378,3245.0,False,1752.216581309528,1.3650872805722285,0.9161561817653883,3217636484.345361,3062.2439990234375,False,20.531416429802384,True,-4.1602465331278875,True,True,True,True,False,False,False,False,2564.9957975260418,2491.209093017578,True,1.972669146725712,2,1.0428132414944113,9.620953811151772,0.6652918342277143,False,3245.0,0.13171492196425238,0.1378515671461701,False,4.340836012861726,79.0,True,True,5,True,True,True,True,True,True,True,True,8,True,False,,Adani Enterprises Ltd.,Metals & Mining,EQ,INE423A01024,HOLD,Stage 2 + RS 79; trend/leadership is adequate without a stronger entry trigger.
ADANIGREEN,2026-08-25,1330.0,-0.057472877180273496,0.379453369622921,0.3147489443439728,0.3795249804790053,0.19175630801707044,1231.548287587623,2.212683580517094,Stage 2 — Advancing,1443.811762791054,1631.5,False,765.0,1.0777526227504695,0.6402788782416677,2015501875.3865724,1443.037998046875,True,7.994141472538274,False,-18.47992644805394,True,False,True,True,True,False,False,False,1221.6336665852864,1170.2062496948242,True,2.3297538716350026,1,1.0227746690120254,21.47716974649479,0.4889621665276393,False,1631.5,0.05632824637056452,0.06916112468322001,False,22.669172932330817,73.0,True,True,4,True,True,True,True,False,True,True,True,7,False,False,,Adani Green Energy Ltd.,Power,EQ,INE364U01010,REDUCE,Stage 2 + RS 73; distribution warning (U/D 0.64) triggers REDUCE.
ADANIPORTS,2026-08-25,1702.699951171875,-0.05159697441569111,0.11851639618547782,0.15228507538108138,0.27564599815226587,0.08865070417748858,1642.5795313168878,1.13675561651283,Stage 2 — Advancing,1767.7705820121016,1891.0999755859375,False,1286.5777387006826,0.6521635547151784,0.45744711731301063,3638565573.5964785,1766.6859936523438,True,3.6601223081592638,False,-9.962457133218916,True,False,True,True,True,True,False,False,1635.0830680338543,1595.6597052001953,True,1.5777462113589005,1,0.8652524165932205,13.256832235651542,0.6970116629443442,False,1891.0999755859375,0.07211285890583274,0.08156737562579439,False,11.064781219051367,59.0,True,True,4,True,True,True,True,False,True,True,False,6,False,False,,Adani Ports and Special Economic Zone Ltd.,Services,EQ,INE742F01042,REDUCE,Stage 2 + RS 59; distribution warning (U/D 0.46) triggers REDUCE.
ADANIPOWER,2026-08-25,206.3300018310547,-0.11590540100185731,0.468123037482836,0.4051348881558998,0.703376591344161,0.26896474299583645,194.29061711977607,2.1599527614052816,Stage 2 — Advancing,216.06254966586243,254.1999969482422,False,116.69999694824219,0.5953795133650263,0.6799796973478158,2902043226.9361086,215.93180053710938,True,6.19658575887716,False,-18.831626944092505,True,False,True,True,True,False,False,False,192.76946736653645,180.95810050964354,True,1.9632214071286629,2,0.5727665420191916,14.46709440518843,0.5037924404353724,True,235.5,0.008738501636675697,0.01083753491595467,False,14.137545635670579,81.0,True,True,4,True,True,True,True,False,True,True,True,7,False,False,,Adani Power Ltd.,Power,EQ,INE814H01029,REDUCE,Stage 2 + RS 81; distribution warning (U/D 0.68) triggers REDUCE.
ATGL,2026-08-24,639.5999755859375,-0.019878427657385234,0.23482260924117937,0.063006037581125,0.03573179748762634,0.05876071779903206,625.1216524725091,1.1071899884082637,Stage 2 — Advancing,689.4882357728247,859.5498025483846,False,462.63840779150803,0.2701301070033095,1.7591364497937736,661135715.0043579,688.8770007324218,True,2.3160808870022365,False,-25.588956720173982,True,False,True,True,False,False,False,False,622.8010638427735,613.9282725524903,True,2.293287842064152,1,1.0601063983763264,14.933333333333335,0.49789331544635784,False,750.0,0.02720341852843525,0.03519195409356111,False,17.260792468437014,55.0,True,True,4,True,True,True,True,False,True,False,False,5,False,False,,Adani Total Gas Ltd.,Oil Gas & Consumable Fuels,EQ,INE399L01023,HOLD,Stage 2 + RS 55; trend/leadership is adequate without a stronger entry trigger.
ABCAPITAL,2026-08-25,410.8500061035156,0.12979516842908856,0.16355139904208849,0.18931825614552178,0.440567982182529,0.2106055948456633,361.3770542928617,0.9751153373453336,Stage 2 — Advancing,399.77450980392155,430.70001220703125,False,272.70001220703125,0.9670265828521046,1.3657953922713426,1656917748.394661,400.29400024414065,False,13.690119841023662,False,-4.608777696986466,True,True,True,True,False,False,False,False,361.0973329671224,358.1279995727539,True,2.232307299183393,2,0.6762510475826092,14.418389678072508,0.788424957758607,False,430.70001220703125,0.017400346139208094,0.017892991661374247,False,4.831448413929018,76.0,True,True,5,True,True,True,True,True,True,True,True,8,True,False,,Aditya Birla Capital Ltd.,Financial Services,EQ,INE674K01013,HOLD,Stage 2 + RS 76; trend/leadership is adequate without a stronger entry trigger.
ABFRL,2026-08-25,54.47999954223633,-0.19121141554942178,-0.20940361853162226,-0.27774096086675915,-0.33544770295952187,-0.24100302269134938,62.046095835019464,-1.4235965025726882,Stage 4 — Declining,58.821960748410696,94.94999694824219,False,53.5099983215332,0.49358304795795105,0.9023785881096515,469892745.72518253,58.778999938964844,True,-12.194314873415058,False,-42.622431497355706,False,False,False,False,False,False,False,False,62.11086659749349,65.7033999633789,False,3.3721409963576026,2,1.2948365804105908,16.458657547893495,0.6259985527015699,False,64.0999984741211,0.002307340478558895,0.003998041459379272,False,17.657854281784147,4.0,True,False,0,False,False,False,False,False,False,False,False,0,False,False,,Aditya Birla Fashion and Retail Ltd.,Consumer Services,EQ,INE647O01011,SELL,Stage 4 takes precedence: the guide requires SELL regardless of RS.
ABLBL,2026-08-24,85.12999725341797,-0.1611248165033673,-0.18056257198340908,-0.32644383772803653,-0.40072789201869863,-0.24599678694737578,99.6093358079048,-1.7045625142913634,Stage 4 — Declining,94.2459670422124,150.53067573506257,False,84.23999786376953,0.8508148090866627,0.8256333201486973,104900464.28191452,94.13906311035156,True,-14.536125993661908,False,-43.446744766330085,False,False,False,False,False,False,False,False,99.93419026692709,106.45599639892578,False,2.312649967140149,2,1.1214966853621942,17.619342095722914,1.2026547236910354,False,102.25701033081445,0.0036207427032619,0.006464836753620593,False,20.11865808759772,4.0,True,False,0,False,False,False,False,False,False,False,False,0,False,False,,Aditya Birla Lifestyle Brands Ltd.,Consumer Services,EQ,INE14LE01019,SELL,Stage 4 takes precedence: the guide requires SELL regardless of RS.
ABREL,2026-08-25,1408.0,0.09694697375468664,0.11728020036452458,-0.1864483481341016,-0.23569171959648827,-0.022193183971338404,1326.7658749933112,-0.12318277065389571,Stage 3 — Topping,1388.6595865885417,1961.880003431885,False,1078.220335805519,0.5612672215503545,2.0528452140834177,309468981.21641237,1390.1645703125,False,6.122717394061583,False,-28.232104025882908,True,True,True,False,False,False,False,False,1327.021328938802,1417.9107202148436,False,3.47910113148875,1,0.9856832844383149,15.477089190625698,1.8006071133784793,False,1486.0,0.0596317074359059,0.08222320842603205,False,5.539772727272729,37.0,True,False,3,False,False,False,False,True,True,False,False,2,False,False,,Aditya Birla Real Estate Ltd.,Realty,EQ,INE055A01016,SELL,Stage 3 + RS 37; RS below 50 in Stage 3 triggers SELL.
ABSLAMC,2026-08-24,998.7000122070312,0.011887280017325308,0.10416480110938098,0.4278908489574016,0.1604243870729638,0.1432509194348794,984.3575723726456,1.4843915825154763,Stage 2 — Advancing,1069.5125493068322,1194.9557175378152,False,690.6919781874805,0.269088808700547,1.4112337427670631,176444661.93615723,1068.5411596679687,True,1.4570355566844828,False,-16.423680179142142,True,False,True,True,False,False,False,False,978.6886417643229,921.3988732910157,True,2.2779617584442287,2,0.46666634872702434,18.5492840020519,0.3160905445502391,True,1194.9557175378152,0.04247663454260237,0.05083183799390338,False,19.651116744965048,68.0,True,True,4,True,True,True,True,False,True,True,False,6,False,False,,Aditya Birla Sun Life AMC Ltd.,Financial Services,EQ,INE404A01024,HOLD,Stage 2 + RS 68; trend/leadership is adequate without a stronger entry trigger.
CPPLUS,2026-08-24,3419.5,0.41599842934996567,1.3201440031712104,1.1281819546559877,1.5146476819181474,0.9589940996890555,2597.0257576720355,5.6284209355404125,Stage 2 — Advancing,3552.3401022518383,4094.0,False,1200.2551516327533,0.7394696197380913,0.8376519914010612,890177790.4631226,3556.091455078125,True,31.66985309630612,True,-16.475329750854904,True,False,True,True,False,False,False,False,2565.0334895833334,2305.0720159912107,True,4.722703616534895,1,1.8603452512914522,20.59110893991207,1.3513034131294992,False,4094.0,0.14543791933820324,0.1647104641191047,False,19.72510600965054,98.0,True,True,4,True,True,True,True,False,True,True,True,7,False,False,,Aditya Infotech Ltd.,Capital Goods,EQ,INE819V01029,WAIT,"Stage 2 + RS 98; wait because price is more than 20% above the 30-week line (currently +32%) — the guide treats that as poor entry timing, not a failed trend."
AVL,2026-08-24,587.25,0.09692458796227954,0.22298418694751088,0.07971749040609999,0.17172723165901793,0.13365561698743758,546.3227171179367,1.4860670301284795,Stage 2 — Advancing,626.464552935432,703.5025243881884,False,435.6227250181752,0.5870916691697781,1.1500877276812846,106695691.58815917,627.6699475097656,True,7.491411504535361,False,-16.52481979212358,True,False,True,True,False,False,False,False,544.480355834961,535.9067723083496,True,3.1702877696087852,2,0.3647051197348566,19.546098744975822,0.542100365837146,True,703.5025243881884,0.02497687326549491,0.029005649732506793,False,19.79608759270981,66.0,True,True,4,True,True,True,True,False,True,True,False,6,False,False,,Aditya Vision Ltd.,Consumer Services,EQ,INE679V01027,HOLD,Stage 2 + RS 66; trend/leadership is adequate without a stronger entry trigger.
ADVENZYMES,2026-08-25,299.75,-0.2011589212767002,-0.010539814553178317,-0.03650747142126065,-0.026694869654986353,-0.09521199963656517,319.9023690419654,0.49057117996051947,Stage 1 — Basing,323.1041475183824,417.20001286678644,False,250.86763242464252,0.5893567524929872,1.1666984311650652,114881431.9795517,322.2268963623047,True,-6.2995372939303795,False,-28.151967700031854,False,False,True,True,False,False,False,False,318.5642734781901,315.49981674194333,True,3.3194325698312577,3,0.2043178070265994,24.341734221132732,0.7666559641332324,False,384.69027117756684,0.012695031465847155,0.017335545982790617,False,28.337037924125717,22.0,True,False,2,False,True,True,True,False,False,False,False,3,False,False,3.0,Advanced Enzyme Tech Ltd.,Healthcare,EQ,INE837H01020,AVOID,Stage 1 + RS 22; weak RS in a basing stage is AVOID.
AEGISLOG,2026-08-24,1341.5,0.8616164904032777,0.9280173868740891,0.769415062162204,0.8347706546699003,0.8510872169025498,886.2187892966075,4.820905387358643,Stage 2 — Advancing,1258.9063218060662,1497.800048828125,False,573.0465115667306,0.4205965959909626,1.583700690799016,1534199490.9348388,1264.5027880859375,False,51.37345497546373,True,-10.43530803396714,True,True,True,True,False,False,False,False,880.3718522135416,846.8594512939453,True,5.7116244891778924,2,0.7570407364652235,35.873811416233615,0.2856721320735237,False,1497.800048828125,0.057056578093931755,0.060258474279423956,False,11.651140426994044,97.0,True,True,5,True,True,True,True,True,True,True,True,8,True,False,,Aegis Logistics Ltd.,Oil Gas & Consumable Fuels,EQ,INE208C01025,WAIT,"Stage 2 + RS 97; wait because price is more than 20% above the 30-week line (currently +51%) — the guide treats that as poor entry timing, not a failed trend."
AEGISVOPAK,2026-08-24,270.29998779296875,0.30441406636876045,0.18742904670409377,0.046812443528357006,0.06671003909540296,0.18195593241307495,224.7367450243806,1.7105493793840187,Stage 2 — Advancing,269.6848638197955,311.489990234375,False,157.88530940558778,0.34040590722824215,1.1401724044025943,287880982.2898148,270.44812469482423,True,20.274051207623046,True,-13.22353967471429,True,True,True,True,False,False,False,False,224.23477661132813,231.27629722595213,True,4.640347882019338,3,0.8152088351849618,27.164532066506876,0.29507552022436034,False,311.489990234375,0.011496378950651004,0.013107963743717832,False,15.238625342800605,72.0,True,True,5,True,False,True,True,False,True,True,True,6,False,False,,Aegis Vopak Terminals Ltd.,Oil Gas & Consumable Fuels,EQ,INE0INX01018,HOLD,Stage 2 + RS 72; trend/leadership is adequate without a stronger entry trigger.
AEQUS,2026-08-25,255.1999969482422,,,,,,187.1389039967158,4.335950764032659,Stage 2 — Advancing,237.5005885105507,,False,,0.2805572474208222,1.1813460152759763,831865369.1723038,238.27100036621093,False,36.36929120452732,True,,True,True,True,True,False,False,False,False,185.74519989013672,,False,4.2232987139729445,3,0.6687490335820315,28.492293363786775,0.458226458474999,False,274.3900146484375,0.010808246843509698,,False,7.51959950222385,,True,False,4,False,False,False,False,True,False,False,False,1,False,False,,Aequs Ltd.,Capital Goods,EQ,INE947N01017,WAIT,"Stage 2 + RS unavailable; wait because price is more than 20% above the 30-week line (currently +36%) — the guide treats that as poor entry timing, not a failed trend."
AETHER,2026-08-24,1667.800048828125,0.5864167900374466,0.7282902060395078,0.8143051931771825,1.1623234477164202,0.7755504854016008,1210.8534282527557,3.666753873134998,Stage 2 — Advancing,1449.0294069776348,1692.0,True,726.4500122070312,0.7666071938667434,3.3494168490153173,622351162.6145935,1455.0179956054687,False,37.737566737101844,True,-1.430257161458337,True,True,True,True,False,False,False,False,1204.4880033365885,1123.2177529907226,True,3.0647739484691527,3,0.3574922366120849,32.91962174940898,0.46997772393828136,True,1692.0,0.07093474747001499,0.07093474747001499,True,1.4510103407707087,97.0,True,True,5,True,True,True,True,True,True,True,True,8,True,False,,Aether Industries Ltd.,Chemicals,EQ,INE0BWX01014,WAIT,"Stage 2 + RS 97; wait because price is more than 20% above the 30-week line (currently +38%) — the guide treats that as poor entry timing, not a failed trend."
AFCONS,2026-08-24,278.6499938964844,-0.06549409624339153,-0.08900842149120491,-0.3008959994707796,-0.3489142584792716,-0.17396137438560785,305.86863813008347,-1.5992449398507413,Stage 4 — Declining,292.4996182310815,476.09320955207187,False,259.1000061035156,0.6004693387350138,1.177370520429945,287175146.8377365,291.8914666748047,True,-8.898801917058009,False,-41.47154626325174,False,False,False,False,False,False,False,False,306.9142262776693,327.7395932006836,False,3.3657163402980936,1,1.915983241694834,20.891557624194622,0.638329704207309,False,327.52510139519455,0.011851520788392373,0.019899006397263275,False,17.539963599233666,9.0,True,False,0,False,False,False,False,False,False,False,False,0,False,False,,Afcons Infrastructure Ltd.,Construction,EQ,INE101I01011,SELL,Stage 4 takes precedence: the guide requires SELL regardless of RS.
AFFLE,2026-08-24,1740.0,0.2157630375652806,0.24419020378977474,0.014399784567574514,-0.10695956774930448,0.11663129914772119,1493.2178043731271,0.11040543257652136,Stage 2 — Advancing,1552.2117680568322,2185.89990234375,False,1251.300048828125,0.4749175411107373,4.272395506521188,811671449.4823303,1553.5280029296875,False,16.526872027920625,False,-20.398916796951696,True,True,True,True,False,False,False,False,1497.2299967447916,1552.8594982910156,False,3.210590531673337,2,0.9121607925964266,20.46104342538719,0.43256332350467197,False,1748.199951171875,0.07400555041628122,0.09181209988687947,False,0.47126156160202104,63.0,True,True,5,True,False,False,True,True,True,True,False,5,False,False,,Affle 3i Ltd.,Information Technology,EQ,INE00WC01027,HOLD,Stage 2 + RS 63; trend/leadership is adequate without a stronger entry trigger.
AHLUCONT,2026-08-24,649.5999755859375,-0.19439449959193833,-0.19703340471453956,-0.3459854260398314,-0.3025809308640056,-0.24687775216045066,809.831164634391,-1.0705739974051665,Stage 4 — Declining,822.3784311331955,1077.949951171875,False,645.1500244140625,6.875380824392177,0.19799168231385272,53241555.51146851,822.6559997558594,True,-19.78575239454906,False,-39.73746416707604,False,False,True,False,True,True,False,False,811.6086669921875,848.3294995117187,False,4.990984589508358,2,3.161617155756396,27.08474714203743,3.673207639914943,False,885.0,0.027628737783701233,0.04422729962016592,False,36.2376898493157,4.0,True,False,1,False,False,False,False,False,False,False,False,0,False,False,,Ahluwalia Contracts (India) Ltd.,Construction,EQ,INE758C01029,SELL,Stage 4 takes precedence: the guide requires SELL regardless of RS.
AJANTPHARM,2026-08-24,3579.89990234375,0.1625727754143893,0.22514066341026817,0.4363450212945028,0.3845815804089705,0.27424256318850404,3070.4916808245935,2.017464053943274,Stage 2 — Advancing,3381.365593405331,3796.0,False,2283.1397649802702,0.5549851829881945,2.5137056099480155,383249710.28338623,3388.4594482421876,False,16.590444608609168,False,-5.692837135306905,True,True,True,True,False,False,False,False,3059.961611328125,2949.84154296875,True,2.7267309990979407,2,0.6018001519368872,20.94288740972167,0.7421299474224912,False,3796.0,0.15226003603916127,0.15812316776036614,False,6.036484358536676,81.0,True,True,5,True,True,True,True,True,True,True,True,8,True,False,,Ajanta Pharmaceuticals Ltd.,Healthcare,EQ,INE031B01049,HOLD,Stage 2 + RS 81; trend/leadership is adequate without a stronger entry trigger.
AKUMS,2026-08-24,770.3499755859375,0.4883042649290441,0.6001500574823102,0.8693216551833023,0.6123166682283436,0.611679382150409,561.5538298508217,3.77562327322305,Stage 2 — Advancing,671.761334587546,780.8499755859375,True,407.37371334346585,1.4240516434750055,3.340597778710139,292720428.843808,672.8559143066407,False,37.1818576663582,True,-1.3446885225450567,True,True,True,True,False,False,False,False,557.0554624430339,526.171867980957,True,3.926322586133603,2,1.045960023937712,25.051837237287657,1.1397989908302095,False,780.8499755859375,0.03276446779103799,0.03276446779103799,True,1.3630168537376308,95.0,True,True,5,True,True,True,True,True,True,True,True,8,True,False,,Akums Drugs and Pharmaceuticals Ltd.,Healthcare,EQ,INE09XN01023,WAIT,"Stage 2 + RS 95; wait because price is more than 20% above the 30-week line (currently +37%) — the guide treats that as poor entry timing, not a failed trend."
APLLTD,2026-08-24,816.9000244140625,0.09706159306960749,0.10414799311479594,-0.08265614223175566,-0.1493438157062973,0.013254244263191595,755.6267683473352,0.5400961671641946,Stage 2 — Advancing,802.8203507965686,983.3745824758901,False,626.4825498908483,0.3142439789357084,3.0911316895410694,96313622.2799469,804.33798828125,False,8.108931371071026,False,-16.92890593558829,True,True,True,True,False,False,False,False,755.6181648763021,780.91365234375,False,2.596926115794414,3,0.6680033984781579,15.320629309694244,0.56222282845775,False,855.9000244140625,0.034744331001055326,0.0418062198499249,False,4.774146019639747,46.0,True,False,4,True,False,False,True,True,True,True,False,5,False,False,,Alembic Pharmaceuticals Ltd.,Healthcare,EQ,INE901L01018,WAIT,Stage 2 + RS 46; wait because relative strength is below 50 — the trend has turned up but the stock still lags most of the universe.
ALIVUS,2026-08-24,1366.0999755859375,0.31482192067943937,0.5460615814074032,0.5208460624391178,0.4162813191975492,0.4225665608805898,1065.1708925848138,3.1205556930910427,Stage 2 — Advancing,1195.3490181717218,1418.0,False,819.0,0.3590289657792176,4.6149589745322,231305644.07768553,1198.2319995117186,False,28.251718583003083,True,-3.6600863479592682,True,True,True,True,False,False,False,False,1059.8180017089844,1019.8017504882813,True,3.2177119409409807,2,0.6732875158913515,26.99577213174365,0.7100661341449478,False,1418.0,0.05810286242350899,0.05958913140091642,False,3.799138082247744,90.0,True,True,5,True,True,True,True,True,True,True,True,8,True,False,,Alivus Life Sciences Ltd.,Healthcare,EQ,INE03Q201024,WAIT,"Stage 2 + RS 90; wait because price is more than 20% above the 30-week line (currently +28%) — the guide treats that as poor entry timing, not a failed trend."
ALKEM,2026-08-25,5368.0,-0.004239042467867105,-0.043980917644621864,-0.04912137911886649,0.0010080497383451181,-0.02011446639217549,5475.817917915239,-0.330934436946706,Stage 4 — Declining,5531.231971890319,5875.533923201399,False,5065.93337960459,0.3415051092546357,0.5776888895461032,727267987.7210693,5535.0876953125,True,-1.9689828904370876,False,-8.638090254185094,False,False,True,False,True,True,False,False,5480.87890625,5513.053630371094,True,2.345649746249455,3,1.2547814093123404,11.86975560764957,1.1250235993674267,False,5871.990978444605,0.22734588459939123,0.2576734274233371,False,9.388803622291464,37.0,True,False,1,False,False,True,True,False,False,True,False,3,False,False,,Alkem Laboratories Ltd.,Healthcare,EQ,INE540L01014,SELL,Stage 4 takes precedence: the guide requires SELL regardless of RS.
ALKYLAMINE,2026-08-24,2083.800048828125,0.21842143223861998,0.4006837470784028,0.2215464591876728,-0.025682099982352047,0.20667819415219274,1639.6885459586365,1.526215771481243,Stage 2 — Advancing,1854.3167413449755,2189.5401506098196,False,1205.1967651271746,1.9285719366527587,5.853301860626151,348565410.0639343,1855.3108154296874,False,27.08511344816651,True,-4.829329197377108,True,True,True,True,False,False,False,False,1637.977683919271,1638.9835070800782,True,3.3040607337156533,2,0.9649259494310173,21.45153433436761,0.6945554703659289,False,2115.0,0.08862802848907993,0.09171200323643698,False,1.4972622344173958,75.0,True,True,5,True,False,True,True,True,True,True,True,7,False,False,,Alkyl Amines Chemicals Ltd.,Chemicals,EQ,INE150B01039,HOLD,Stage 2 + RS 75; trend/leadership is adequate without a stronger entry trigger.
ABDL,2026-08-24,610.3499755859375,0.14792998986375183,0.24169994379430593,-0.054687420239043716,0.17915127771985517,0.13240475620052422,547.8697562382139,1.8116067190099505,Stage 2 — Advancing,628.6949869791666,711.7000122070312,False,378.81990505354565,1.1012957807881767,0.9694456960769929,209421976.71903992,628.8196813964844,True,11.404210332164633,False,-14.240555695200886,True,False,True,True,False,False,False,False,544.4628029378255,558.8097877502441,True,3.6922631713128173,2,0.8706414214269977,18.504989454562512,0.6864434373278333,False,711.7000122070312,0.02595935970678225,0.029986410128634487,False,16.605233173606248,66.0,True,True,4,True,False,True,True,False,True,True,False,5,False,False,,Allied Blenders and Distillers Ltd.,Fast Moving Consumer Goods,EQ,INE552Z01027,HOLD,Stage 2 + RS 66; trend/leadership is adequate without a stronger entry trigger.
ALOKINDS,2026-08-25,11.289999961853027,-0.10467880497722715,-0.22137931297565328,-0.31987953599953856,-0.37451521113240716,-0.22502633401241068,13.18424657272966,-1.746128589496565,Stage 4 — Declining,12.299803883421655,19.34000015258789,False,11.109999656677246,1.1894852333134247,0.5352643272131311,29159280.33296051,12.286999969482421,True,-14.367499882736556,False,-41.623578734345,False,False,False,False,True,True,False,False,13.218933340708414,14.003600025177002,False,1.6386189516723881,2,0.730504197584583,18.208303593233786,0.5804179579784854,False,13.729999542236328,0.00047815481156009127,0.0008120280535645641,False,21.612042414770947,5.0,False,False,0,False,False,False,False,False,False,False,False,0,False,False,,Alok Industries Ltd.,Textiles,EQ,INE270A01029,SELL,Stage 4 takes precedence: the guide requires SELL regardless of RS.
ARE&M,2026-08-25,920.8499755859375,0.048639834633139145,0.09228688171737853,-0.020337889530011477,-0.05571292763111979,0.022703146764505112,843.6114861475278,0.6620397555326951,Stage 2 — Advancing,887.7854733934589,1045.6584377625288,False,666.0087356197063,0.25327555360814347,1.525768234916117,1295540859.476706,888.8730712890625,False,9.155694381442148,False,-11.935872907376243,True,True,True,True,False,False,False,False,843.5918151855469,863.8322875976562,False,2.8347258503093853,2,1.5992093267912029,19.816028148438434,0.9986075535900325,False,1017.2999877929688,0.03899989796626542,0.0449982666947456,False,10.47402017311887,47.0,True,False,4,True,False,False,True,True,True,True,False,5,False,False,,Amara Raja Energy & Mobility Ltd.,Automobile and Auto Components,EQ,INE885A01032,WAIT,Stage 2 + RS 47; wait because relative strength is below 50 — the trend has turned up but the stock still lags most of the universe.
AMBER,2026-08-25,7432.0,-0.0039536286269517,-0.07613897694076699,0.04118800784533483,0.010812648758925514,-0.0064091155180820095,7430.33904109589,1.0820460507140695,Stage 2 — Advancing,7516.931372549019,8974.0,False,5400.5,0.5087269771759474,1.9090480956025195,2406945351.075,7511.06,True,0.022353743145808735,False,-17.182973033207038,True,False,True,True,False,False,False,False,7386.293333333333,7226.81,False,2.559876210979548,3,0.6754375450218075,15.417376490630325,1.2849161694039375,False,8218.0,0.3147605466361169,0.3817543461194995,False,10.57588805166847,41.0,True,False,3,True,True,False,True,False,True,True,False,5,False,False,,Amber Enterprises India Ltd.,Consumer Durables,EQ,INE371P01015,WAIT,Stage 2 + RS 41; wait because the close is below its 50-session average — short-term timing has weakened even though the 30-week trend is intact.
AMBUJACEM,2026-08-25,413.1000061035156,-0.06065214446589173,-0.18774251834687705,-0.23945253909471864,-0.28546508325716324,-0.1667928859261085,447.4650960425808,-1.7650957461687544,Stage 4 — Declining,427.46764717850033,597.8407381419596,False,392.0593533114177,0.5339895310252751,0.7238861563286215,1263868187.4785094,427.4960003662109,True,-7.679948725161568,False,-30.901328774048274,False,False,False,False,False,False,False,False,449.73008443196613,473.8066111755371,False,1.9236094490069662,2,1.0956367253433625,10.099889012208656,1.0551476317131583,False,450.5,0.01749563828532371,0.025238144721117673,False,9.05349633113115,11.0,True,False,0,False,False,False,False,False,False,False,False,0,False,False,,Ambuja Cements Ltd.,Construction Materials,EQ,INE079A01024,SELL,Stage 4 takes precedence: the guide requires SELL regardless of RS.
ANANDRATHI,2026-08-25,2164.39990234375,0.19669359639930217,0.4193174793943675,0.5014165462183928,0.5499301643624432,0.37281027655476157,1791.4140708609802,2.4654967258070704,Stage 2 — Advancing,2052.7196092792587,2230.0,True,1351.1991966764108,0.34875394953271216,2.614731006132167,451507397.4306763,2058.3160009765625,False,20.82074923657975,True,-2.94170841507847,True,True,True,True,False,False,False,False,1783.857801920573,1713.1040118408202,True,2.021015966534614,3,0.2715658208561968,21.076233183856502,0.46225248568623245,True,2230.0,0.09166680522078537,0.09361076294161871,False,3.0308677054186717,88.0,True,True,5,True,True,True,True,True,True,True,True,8,True,False,,Anand Rathi Wealth Ltd.,Financial Services,EQ,INE463V01026,WAIT,"Stage 2 + RS 88; wait because price is more than 20% above the 30-week line (currently +21%) — the guide treats that as poor entry timing, not a failed trend."
ANANTRAJ,2026-08-25,613.1500244140625,0.21016257812085914,0.14251241161631523,0.033239415411850715,0.139333131986898,0.14708202305135645,533.1113481913527,1.1463301223889832,Stage 2 — Advancing,582.3783473594516,742.4300925158334,False,402.3389018697037,0.34462153907153026,1.7052428446282903,1210213267.1066406,583.2296533203125,False,15.013500743184526,False,-17.41309645244664,True,True,True,True,False,False,False,False,532.7309779866537,541.1812617492676,False,2.8680947854089003,3,1.3340186499258313,21.354190707887273,0.6878866552465428,False,649.0,0.02596816965211501,0.0316419246218884,False,5.846852182742124,69.0,True,True,5,True,False,False,True,True,True,True,False,5,False,False,,Anant Raj Ltd.,Realty,EQ,INE242C01024,HOLD,Stage 2 + RS 69; trend/leadership is adequate without a stronger entry trigger.
ANGELONE,2026-08-25,300.8999938964844,-0.12879041107498113,0.221061739780817,0.14115608722649142,0.25345750242653486,0.07161890145677621,293.5083632795778,0.791956181997211,Stage 2 — Advancing,318.08131318933823,359.3387168134344,False,206.12110217790155,1.8272973620820985,0.4441973130091827,1492576316.6929123,317.4994134521484,True,2.5183713793755835,False,-16.262851783736654,True,False,True,True,True,True,False,False,292.4288379923503,282.6940029144287,True,2.812988935244242,2,0.7037651951722841,21.633825433366834,0.7363058264584341,False,359.3387168134344,0.012743736082031979,0.01534267578363301,False,19.42131076847218,57.0,True,True,4,True,True,True,True,False,True,True,False,6,False,False,,Angel One Ltd.,Financial Services,EQ,INE732I01021,REDUCE,Stage 2 + RS 57; distribution warning (U/D 0.44) triggers REDUCE.
ANTHEM,2026-08-24,883.3499755859375,0.13969000614777793,0.2697534497565959,0.4020152750318493,0.07625838697841525,0.20548142481248327,739.9857558158978,2.466878442586462,Stage 2 — Advancing,800.9372367110907,904.0,True,577.6439689831894,1.0249264437343264,1.815595461264435,543151800.7044036,801.52720703125,False,19.373916138692195,False,-2.2842947360688592,True,True,True,True,False,False,False,False,736.3209098307292,715.8264297485351,True,2.692267928456405,2,0.7558898103308843,19.02654867256637,0.926275228450218,False,904.0,0.03757057537554361,0.038108253312598976,False,2.33769457007853,75.0,True,True,5,True,True,True,True,True,True,True,True,8,True,False,,Anthem Biosciences Ltd.,Healthcare,EQ,INE0CZ201020,HOLD,Stage 2 + RS 75; trend/leadership is adequate without a stronger entry trigger.
ANURAS,2026-08-24,1255.5,-0.08096038178940734,-0.010482383603633294,0.05442181194712359,0.11037415248738647,-0.0015214365495875883,1279.2089683795798,-0.39225810450002063,Stage 4 — Declining,1247.7764772901348,1415.0,False,1045.199951171875,1.8673448504071308,2.2300315404339064,356062570.80113524,1247.3420068359376,False,-1.8534085490045316,False,-11.272084805653716,False,True,False,False,False,False,False,False,1278.9373356119793,1271.4830041503906,True,1.6038012543913922,2,1.2585835745433636,9.254887991966159,1.3830556610827704,False,1313.9000244140625,0.05339883249864429,0.06144606148638546,False,4.651535198252699,42.0,True,False,1,False,True,True,False,True,False,True,False,4,False,False,,Anupam Rasayan India Ltd.,Chemicals,EQ,INE930P01018,SELL,Stage 4 takes precedence: the guide requires SELL regardless of RS.
APARINDS,2026-08-25,17001.0,0.3622596153846154,0.6070517062104168,0.9033811016569637,1.1000555864369095,0.6670015250147042,12611.20890410959,5.2660983835775665,Stage 2 — Advancing,15307.0,18465.0,False,6801.0,0.8820207022421586,2.553366581860782,2994920267.6,15289.78,False,34.80864625484015,True,-7.928513403736803,True,True,True,True,False,False,False,False,12463.233333333334,11503.1575,True,4.546371221860899,2,1.3630829886066431,28.069320335770374,1.0754575133809103,False,18465.0,0.7200274560495996,0.7603775948009182,False,8.61125816128463,96.0,True,True,5,True,True,True,True,True,True,True,True,8,True,False,,Apar Industries Ltd.,Capital Goods,EQ,INE372A01015,WAIT,"Stage 2 + RS 96; wait because price is more than 20% above the 30-week line (currently +35%) — the guide treats that as poor entry timing, not a failed trend."
APOLLOHOSP,2026-08-25,8889.0,0.05894186505097321,0.14343413279903028,0.21562821900212392,0.13503535382410936,0.12239628714544201,8076.026420697774,1.3876285508425346,Stage 2 — Advancing,8764.520067401962,9039.4765625,True,6679.845437739152,0.78329989101713,0.8188703543082448,3627784955.9259276,8772.1955859375,False,10.066504701107526,False,-1.6646601322497734,True,True,True,True,False,False,False,False,8042.472421875,7834.8015966796875,True,2.0034224423621945,2,1.2326124786593842,7.348057936824214,1.632110205307084,False,9039.4765625,0.3764675052540963,0.3857242529408201,False,1.6928401676229,64.0,True,True,5,True,True,True,True,True,True,True,False,7,False,False,,Apollo Hospitals Enterprise Ltd.,Healthcare,EQ,INE437A01024,HOLD,Stage 2 + RS 64; trend/leadership is adequate without a stronger entry trigger.
APOLLO,2026-08-25,389.6499938964844,-0.04544345359092905,0.6296527977828232,0.42912159405520023,0.5552761234458949,0.3046327216204121,321.1126022338867,3.1352519298917914,Stage 2 — Advancing,401.1029405780867,466.5,False,179.5,0.5441703593821948,2.0987581679680933,1822050080.2365997,400.41599914550784,True,21.34372528072801,True,-16.473741930014064,True,False,True,True,False,False,False,False,318.57993275960285,303.67769973754883,True,2.894540107514116,3,0.3332518299771192,19.828510182207932,0.33486023432347384,True,466.5,0.016502481845481302,0.01940402589481409,False,19.722830054485208,84.0,True,True,4,True,True,True,True,False,True,True,True,7,False,False,,Apollo Micro Systems Ltd.,Capital Goods,EQ,INE713T01028,WAIT,"Stage 2 + RS 84; wait because price is more than 20% above the 30-week line (currently +21%) — the guide treats that as poor entry timing, not a failed trend."
APOLLOTYRE,2026-08-25,441.3999938964844,0.14310359870931144,-0.041717673861240145,-0.1437283368605311,-0.04032503346038063,0.0120872306472942,429.4333203459439,-0.937999360245434,Stage 3 — Topping,433.36833879059435,533.7088183031568,False,363.2227809620478,0.4474863742899198,2.5161867483787015,471667345.52214354,433.75406677246093,False,2.7866197110415936,False,-17.295727790324655,True,True,True,False,False,False,False,False,431.22426025390627,450.53000411987307,False,2.352903034290595,1,1.5601002076378025,11.553273578338866,1.2360710761502967,False,467.3999938964844,0.018694201206140487,0.022283213883416485,False,5.890348971345349,46.0,True,False,3,False,False,False,False,True,False,True,False,2,False,False,,Apollo Tyres Ltd.,Automobile and Auto Components,EQ,INE438A01022,SELL,Stage 3 + RS 46; RS below 50 in Stage 3 triggers SELL.
APTUS,2026-08-25,254.39999389648438,-0.03104168453784495,0.038331366574668735,-0.0845656090236876,-0.2334084214014972,-0.0683452065852412,255.13756394059692,-0.23932158393835667,Stage 4 — Declining,272.9754913928462,347.60280033473435,False,191.24135126964168,4.864247987233531,0.8167990509637222,332478790.8649429,273.04700134277346,True,-0.2890872017122015,False,-26.813019443024512,False,False,True,False,False,False,False,False,255.25285064697266,261.4253255462647,False,2.580302164131278,2,0.7063774591786515,20.24271943422583,1.128313421957881,False,309.0,0.010774365062309235,0.014940871448353902,False,21.46226706504264,27.0,True,False,1,False,False,False,True,False,True,False,False,2,False,False,,Aptus Value Housing Finance India Ltd.,Financial Services,EQ,INE852O01025,SELL,Stage 4 takes precedence: the guide requires SELL regardless of RS.
ACI,2026-08-25,499.25,-0.0791946384276413,-0.15003183336379677,-0.05615073872651788,-0.26793822577239934,-0.1265020149435993,556.5127885374304,-0.3859412615130897,Stage 4 — Declining,530.3421594956342,722.5861228075659,False,480.72878574771465,3.5210258984184453,0.6056846454305884,160330353.40776214,530.4000024414063,True,-10.289572803515012,False,-30.907889835997192,False,False,False,False,True,False,False,False,556.074404296875,551.2811503601074,False,2.946565058944443,3,0.9456403178002013,19.89243065072921,1.0485021985751075,False,604.25,0.02114426842143183,0.030708519116068003,False,21.03154732098147,15.0,True,False,0,False,True,False,False,False,False,False,False,1,False,False,,Archean Chemical Industries Ltd.,Chemicals,EQ,INE128X01021,SELL,Stage 4 takes precedence: the guide requires SELL regardless of RS.
ARVINDFASN,2026-08-24,442.95001220703125,-0.014417349900104681,-5.029398210454339e-06,-0.10274973786439812,-0.14749182179645126,-0.05581625777185384,450.9732285591021,-0.17882260131268923,Stage 4 — Declining,460.5887911927466,576.9839137121372,False,364.92489307412075,0.47906804813315745,0.4176945778533435,103232514.19511871,460.599716796875,True,-1.779089277140844,False,-23.230093304122303,False,False,True,False,True,True,False,False,450.7208034261068,461.94963760375975,False,2.9654763319054447,2,0.9863490339422697,13.800857987317954,0.9310073311048066,False,493.2763856796553,0.018839516931195305,0.024084970899559494,False,11.361637224450938,30.0,True,False,1,False,False,False,False,False,False,True,False,1,False,False,,Arvind Fashions Ltd.,Consumer Services,EQ,INE955V01021,SELL,Stage 4 takes precedence: the guide requires SELL regardless of RS.
ARVIND,2026-08-24,531.75,0.10700529456308083,0.487204637545388,0.47913769123783023,0.8083659992340768,0.3977437834286914,444.55445025718376,3.7355605581044893,Stage 2 — Advancing,536.1431322284774,600.0,False,274.79998779296875,0.9665287960613025,0.8390653447657779,424943787.7325638,536.8919946289062,True,19.614143934982952,False,-11.375000000000002,True,False,True,True,False,False,False,False,440.6729982503255,412.0274984741211,True,4.445564822918765,2,0.7096266963225639,19.941665649414062,1.1894466410461437,False,600.0,0.022616351398768702,0.025530914134322107,False,12.834978843441469,89.0,True,True,4,True,True,True,True,False,True,True,True,7,False,False,,Arvind Ltd.,Textiles,EQ,INE034A01011,WAIT,Stage 2 + RS 89; wait because the close is below its 50-session average — short-term timing has weakened even though the 30-week trend is intact.
ASAHIINDIA,2026-08-24,962.1500244140625,0.1239414031120265,0.030580601515340256,-0.08597349346985017,0.09241255375919177,0.05698049360574698,884.2979472957245,0.009166234801694095,Stage 2 — Advancing,894.8245107613358,1074.0,False,775.0999755859375,0.747119427517287,2.027767900748635,233399711.63651124,894.8640014648438,False,8.80382877246495,False,-10.414336646735334,True,True,True,True,False,False,False,False,885.6300016276042,912.758501586914,False,2.8845371524254992,2,1.015883508452756,14.763859116321226,1.833425113564602,False,974.0,0.040922093183793744,0.04476487420013066,False,1.2316141230837685,54.0,True,True,5,True,False,False,False,True,False,True,False,3,False,False,,Asahi India Glass Ltd.,Automobile and Auto Components,EQ,INE439A01020,HOLD,Stage 2 + RS 54; trend/leadership is adequate without a stronger entry trigger.
ASHAPURMIN,2026-08-25,570.5,-0.15743609426907712,0.043056928910085945,-0.1868006415412301,0.18724524580023316,-0.05427413107381306,623.6770535821784,-1.9400687546620832,Stage 4 — Declining,668.8480380189185,924.9000244140625,False,455.1000061035156,1.2030310082591191,0.6884038211085927,438565942.2383911,668.0949987792969,True,-8.526376475893793,False,-38.31765759100072,False,False,True,False,True,False,False,False,626.7206650797526,663.0569993591308,False,4.7921622636784775,2,1.563467915977159,24.396570148139414,0.7816574287221754,False,751.9500122070312,0.02416185304842636,0.03766346848122944,False,31.805435969681195,31.0,True,False,1,False,False,False,True,False,False,False,False,1,False,False,,Ashapura Minechem Ltd.,Metals & Mining,EQ,INE348A01023,SELL,Stage 4 takes precedence: the guide requires SELL regardless of RS.
ASHOKLEY,2026-08-25,174.69000244140625,0.08282566203458575,-0.16038923788889947,0.21833663853124707,0.36535378765006943,0.11779050247231772,169.1764183566995,-0.29325328806120154,Stage 3 — Topping,163.4484321743834,211.80679384961218,False,122.90559495054103,0.4319078596779412,2.018889395408453,3416530207.3271017,163.5474008178711,False,3.2590736571108003,False,-17.52389086941174,True,True,False,False,False,False,False,False,169.5503094482422,168.0960791015625,True,2.3359767858471794,2,0.9815001193192602,19.217296768920043,0.7365239637537302,False,182.6999969482422,0.007398482327815074,0.008999157469214435,False,4.5852621185477505,64.0,True,True,3,True,True,True,False,True,True,True,False,6,False,False,,Ashok Leyland Ltd.,Capital Goods,EQ,INE208A01029,REDUCE,Stage 3 with RS 64; the guide requires REDUCE when RS is 50 or higher.
ASHOKA,2026-08-24,113.22000122070312,-0.0827932681348924,-0.1933599264151532,-0.3554960869765752,-0.3786631518920245,-0.21862114031070756,128.52568519278748,-1.7071592863914797,Stage 4 — Declining,124.48607859892003,214.5,False,101.0,0.4866692992557272,0.30326202528279883,77039827.65238151,124.32600006103516,True,-11.908657751270457,False,-47.21678264769085,False,False,False,False,True,True,False,False,128.927466990153,139.93610034942628,False,2.1620352691462528,2,1.029801437486756,20.59517466833499,0.44955759786890714,False,139.7899932861328,0.0048154646600403255,0.008886341152521541,False,23.467577971171384,5.0,True,False,0,False,False,False,False,False,False,False,False,0,False,False,,Ashoka Buildcon Ltd.,Construction,EQ,INE442H01029,SELL,Stage 4 takes precedence: the guide requires SELL regardless of RS.
ASIANPAINT,2026-08-24,2640.800048828125,0.00905806531538711,0.1038545400662636,-0.07484310538229255,0.06523019156229348,0.022471551375407753,2519.4790758106806,-0.1330391943399012,Stage 3 — Topping,2698.704824410233,2960.0187763517797,False,2096.8080953222207,0.3369671779823742,1.1594503248943109,2710721081.0763674,2698.3641552734375,True,4.815319729472556,False,-10.784348061369109,True,False,True,False,False,False,False,False,2523.6373177083333,2592.503358154297,True,1.6120649176640196,1,1.319956872326672,9.919696147215433,0.5210011856005481,False,2864.0,0.11231831100739524,0.1234889690980411,False,8.45198224193162,47.0,True,False,2,True,False,True,True,False,False,True,False,4,False,False,,Asian Paints Ltd.,Consumer Durables,EQ,INE021A01026,SELL,Stage 3 + RS 47; RS below 50 in Stage 3 triggers SELL.
ASTERDM,2026-08-25,765.25,0.024568181799609512,0.19608148596658248,0.16454835569047876,0.2816430079274077,0.1382818426367376,721.0554123969928,1.9614202543813297,Stage 2 — Advancing,802.5558866613052,891.2999877929688,False,516.8361420654307,0.7980608651354316,0.0820101305178334,4436212668.052035,803.0060046386719,True,6.129152745153377,False,-14.142262932718408,True,False,True,True,True,True,False,False,716.773135172526,694.9918576049805,True,4.118635936296786,1,1.641908209118171,16.526420936873567,14.152851760585209,False,891.2999877929688,0.032409917695544736,0.036797208555845576,False,16.471739665856756,67.0,True,True,4,True,True,True,True,False,True,True,False,6,False,False,,Aster DM Quality Care Ltd.,Healthcare,EQ,INE914M01019,REDUCE,Stage 2 + RS 67; distribution warning (U/D 0.08) triggers REDUCE.
ASTRAMICRO,2026-08-25,1708.0,0.3823244041341489,0.7880136090028789,0.8098971896858413,0.6483641101237609,0.6021847434161558,1305.4654060259256,4.029380315077247,Stage 2 — Advancing,1740.576463886336,1960.0,False,851.0,0.589003275152774,1.3208044513442023,1144357997.7603943,1745.7859936523437,True,30.834566133733322,True,-12.857142857142856,True,False,True,True,False,False,False,False,1294.6703283691406,1209.672996520996,True,4.066996161217433,3,0.5222748557219364,24.484695123166453,0.42307981470612144,True,1960.0,0.07233732691798812,0.07941978387396574,False,14.754098360655732,95.0,True,True,4,True,True,True,True,False,True,True,True,7,False,False,,Astra Microwave Products Ltd.,Capital Goods,EQ,INE386C01029,WAIT,"Stage 2 + RS 95; wait because price is more than 20% above the 30-week line (currently +31%) — the guide treats that as poor entry timing, not a failed trend."
ASTRAL,2026-08-25,1540.0,-0.006363420770476913,-0.08363702185809219,0.05248869918324095,0.09163455827482747,0.009551878811804485,1528.2192315924658,0.46784957572942876,Stage 2 — Advancing,1450.1473197189032,1765.9224658214252,False,1309.540253350694,0.6916993822827076,3.178118051344249,1509571919.337134,1447.9193872070311,False,0.7708820936154659,False,-12.79345329107281,True,True,False,True,False,False,False,False,1524.3220857747397,1505.1882891845703,True,2.3738200075521165,2,0.667578378249133,18.025004587358254,2.718620156276746,False,1597.4874371859296,0.06522218000802207,0.07910053295075928,False,3.732950466618812,45.0,True,False,3,True,True,True,False,True,False,True,False,5,False,False,,Astral Ltd.,Capital Goods,EQ,INE006I01046,WAIT,Stage 2 + RS 45; wait because relative strength is below 50 — the trend has turned up but the stock still lags most of the universe.
ATHERENERG,2026-08-25,1439.4000244140625,0.562187959924797,1.0379442861267338,1.1014672585756422,2.446013843304917,1.1419602615713775,974.5931480094179,6.129988755152804,Stage 2 — Advancing,1255.5735270182292,1580.0,False,413.29998779296875,0.239991476651699,2.1153045294649706,6218381709.170649,1260.7239978027344,False,47.692401424532996,True,-8.898732632021355,True,True,True,True,False,False,False,False,965.0906644694011,893.2017486572265,True,3.7768723417362935,2,0.5487594283106519,39.851267367978636,0.4948555994314514,False,1580.0,0.06096156330901647,0.06629647865802596,False,9.76795700994737,98.0,True,True,5,True,True,True,True,True,True,True,True,8,True,False,,Ather Energy Ltd.,Automobile and Auto Components,EQ,INE0LEZ01016,WAIT,"Stage 2 + RS 98; wait because price is more than 20% above the 30-week line (currently +48%) — the guide treats that as poor entry timing, not a failed trend."
ATLANTAELE,2026-08-24,1819.5,,,,,,1455.299658203125,4.27083065436018,Stage 2 — Advancing,1713.3686355890013,,False,,1.4762996380522424,1.5585065948281611,261581771.3343567,1711.0700073242188,False,25.025797246909075,True,,True,True,True,True,False,False,False,False,1432.9846691894531,1304.1440017700195,True,4.9161864362204595,2,1.3151503689609716,25.773094268758236,2.2362895924680912,False,2011.4000244140625,0.07738683849564579,,False,10.546854872990519,,True,False,4,True,True,True,True,True,False,False,False,5,False,False,,Atlanta Electricals Ltd.,Capital Goods,EQ,INE0Z4F01028,WAIT,"Stage 2 + RS unavailable; wait because price is more than 20% above the 30-week line (currently +25%) — the guide treats that as poor entry timing, not a failed trend."
ATUL,2026-08-24,6425.0,-0.08214068030016253,-0.0017499569660949232,0.09056358825124611,-0.006282177980794779,-0.01634998145919373,6524.681791122645,0.7391948708121099,Stage 1 — Basing,6511.369111902573,7144.769440445724,False,5533.215936920114,0.828513729895084,1.0205345215924493,349734592.75,6510.861142578125,True,-1.5277647908940262,False,-10.074075118102366,False,False,False,True,False,False,False,False,6504.422229817708,6361.901169433594,True,2.4847137298499167,2,1.1620210699945548,14.905114930976465,0.7202337097853988,False,7007.0,0.27326762150839473,0.3135730749156398,False,9.05836575875487,38.0,True,False,1,False,True,True,True,False,False,True,False,4,False,False,2.0,Atul Ltd.,Chemicals,EQ,INE100A01010,AVOID,Stage 1 + RS 38; weak RS in a basing stage is AVOID.
AURIONPRO,2026-08-24,708.5999755859375,-0.13479856460813489,-0.20946059587636978,-0.34745376217457147,-0.476389475203406,-0.26058019249412345,837.6777402276862,-2.0974627170571525,Stage 4 — Declining,806.6156891467524,1365.2561646296333,False,680.1500244140625,0.83095095713235,0.7532763828447091,178028600.37277526,805.6970031738281,True,-15.409000196980827,False,-48.09765420263336,False,False,False,False,False,False,False,False,840.797666829427,903.1227493286133,False,2.8209552665520614,3,0.9366003788875532,27.038187566231358,0.8630883055404979,False,932.2000122070312,0.03013812138977054,0.05879922819956126,False,31.555185481935723,3.0,True,False,0,False,False,False,False,False,False,False,False,0,False,False,,Aurionpro Solution Ltd.,Information Technology,EQ,INE132H01018,SELL,Stage 4 takes precedence: the guide requires SELL regardless of RS.
AUROPHARMA,2026-08-25,1617.800048828125,0.1121958448929905,0.33536941710947166,0.3392384510166597,0.5156455048014437,0.2829290125427112,1416.5554767765411,2.1236831414448654,Stage 2 — Advancing,1570.4823476753984,1682.4000244140625,False,1016.0999755859375,0.5125864431729327,1.2465453946476066,1634686267.7940612,1573.9579956054688,False,14.206614237906745,False,-3.839751227323951,True,True,True,True,False,False,False,False,1409.055330403646,1356.8519970703126,True,2.1219296184892698,3,0.41142526142717706,16.785545667857164,0.6618397593019003,True,1682.4000244140625,0.06851717272834731,0.07041941391850726,False,3.9930753885643266,82.0,True,True,5,True,True,True,True,True,True,True,True,8,True,False,,Aurobindo Pharma Ltd.,Healthcare,EQ,INE406A01037,HOLD,Stage 2 + RS 82; trend/leadership is adequate without a stronger entry trigger.
AIIL,2026-08-25,566.6500244140625,0.12687683710082953,0.1502081222660625,0.07941557584660752,-0.06865316667658139,0.08294484112754955,501.8547963181587,-0.6203021454656676,Stage 3 — Topping,543.2539224063648,683.0,False,400.0,0.6043367203919171,2.014108340310564,284111963.4939148,543.0860003662109,False,12.911150510321278,False,-17.035135517706813,True,True,True,False,False,False,False,False,503.51533467610676,520.255200958252,False,4.076589850692032,3,0.9675135262685397,17.961168705206028,0.4114698406474699,False,607.7000122070312,0.023998798632392265,0.028784288776744344,False,7.244328249242726,58.0,True,True,4,True,False,False,True,True,True,True,False,5,False,False,,Authum Investment & Infrastructure Ltd.,Financial Services,EQ,INE206F01022,REDUCE,Stage 3 with RS 58; the guide requires REDUCE when RS is 50 or higher.
AVALON,2026-08-25,2111.5,0.39723403138189384,1.1360647445624683,1.179275412111708,1.4486837874187168,0.9116984013713362,1377.5729499712381,6.260875033693836,Stage 2 — Advancing,1825.4607914943322,2351.0,False,777.2999877929688,0.4764289286328601,2.5685168504110325,1187029655.1298401,1827.2040063476563,False,53.276819209036105,True,-10.187154402381971,True,True,True,True,False,False,False,False,1363.1723380533854,1253.6472528076172,True,5.775514375993708,1,2.704449617749765,31.05061675882603,1.382117415843681,False,2351.0,0.08942638512138872,0.09602244796819438,False,11.342647407056594,98.0,True,True,5,True,True,True,True,True,True,True,True,8,True,False,,Avalon Technologies Ltd.,Capital Goods,EQ,INE0LCL01028,WAIT,"Stage 2 + RS 98; wait because price is more than 20% above the 30-week line (currently +53%) — the guide treats that as poor entry timing, not a failed trend."
AVANTIFEED,2026-08-25,843.9000244140625,-0.36625144509226915,-0.3704122693140107,0.032817962339920737,0.3388800860821217,-0.1462434222153013,1122.856422319804,0.068346297068822,Stage 1 — Basing,925.6663088331036,1575.9303166617983,False,607.3630625211847,0.27997247287765487,0.7212721427252079,394197698.26419675,924.3860766601563,True,-24.843461048156268,False,-46.450676435894266,False,False,False,True,False,False,False,False,1113.1158410644532,1036.2653579711914,True,3.603332681490348,2,0.6140507206222738,21.117447561434997,0.6508349784988184,False,1052.0704500027455,0.035740908637083256,0.065011672214492,False,24.667664363823192,13.0,True,False,1,False,True,True,False,False,True,False,False,3,False,False,3.0,Avanti Feeds Ltd.,Fast Moving Consumer Goods,EQ,INE871C01038,AVOID,Stage 1 + RS 13; weak RS in a basing stage is AVOID.
DMART,2026-08-25,3909.60009765625,-0.04578738863453102,0.005503869850604026,-0.01980644789293906,-0.1726239055185611,-0.05570025216599164,4090.493841301905,0.3380353589282681,Stage 1 — Basing,4065.2764772901346,4949.5,False,3600.0,0.3624674692210237,1.348780992651951,1636525921.532837,4062.5560107421875,True,-4.422295954076805,False,-21.01020107776038,False,False,False,True,False,False,False,False,4079.4673404947916,4030.0975085449218,False,2.0199359559971666,3,1.1122289887835284,15.223276731701386,0.5116065015808893,False,4429.39990234375,0.16557963722643937,0.21474421533017907,False,13.295472470422553,30.0,True,False,1,False,True,False,False,False,False,True,False,2,False,False,2.0,Avenue Supermarts Ltd.,Consumer Services,EQ,INE192R01011,AVOID,Stage 1 + RS 30; weak RS in a basing stage is AVOID.
CCAVENUE,2026-08-24,15.029999732971191,0.08598262769244158,-0.15180585127652968,-0.23821591071017367,-0.05531113280205702,-0.054673527880775445,15.529862998283072,0.0013383279013456928,Stage 1 — Basing,16.303333319869697,20.5,False,12.920000076293945,0.40738944884759126,0.9714447961017195,267998931.18063626,16.35359998703003,True,-3.218722955683151,False,-26.68292813184785,False,False,True,True,False,False,False,False,15.523399982452393,16.01375,False,3.6831095827464946,3,0.8408805329884708,26.55999755859375,0.5289516552250416,False,18.75,0.0006392548293075246,0.0008419415805485654,False,24.750501218361798,31.0,True,False,2,False,False,False,True,False,False,False,False,1,False,False,2.0,AvenuesAI Ltd.,Financial Services,EQ,INE483S01020,AVOID,Stage 1 + RS 31; weak RS in a basing stage is AVOID.
AWFIS,2026-08-24,277.70001220703125,-0.19167509220119727,-0.08861174571156438,-0.4826268985430252,-0.5179237599309938,-0.2945025177175956,311.29438311433137,-3.344040185802666,Stage 4 — Declining,287.6774513394225,639.4000244140625,False,229.0500030517578,4.807490659481742,0.8239926628954993,66094602.85464172,287.3660003662109,True,-10.791833302999777,False,-56.56865786617513,False,False,False,False,False,False,False,False,314.059866027832,364.1566492462158,False,3.0287050471729615,1,1.048253301302022,18.60826189258855,1.3244210785271089,False,321.8999938964844,0.011811116237924921,0.02658486128880113,False,15.916449314557868,2.0,True,False,0,False,False,False,False,False,False,False,False,0,False,False,,Awfis Space Solutions Ltd.,Services,EQ,INE108V01019,SELL,Stage 4 takes precedence: the guide requires SELL regardless of RS.
AXISBANK,2026-08-25,1235.0,-0.05738822957676981,-0.11906454245058062,-0.02396557206496608,0.15509577065506974,-0.020542160602803318,1295.5720356980414,-0.28495402296784267,Stage 4 — Declining,1288.2025146484375,1417.2070248903838,False,1041.6966606316682,0.5608956595912418,1.0782096540059323,6607515982.6417055,1286.6736157226562,True,-4.675312065176351,False,-12.856768396591656,False,False,False,False,False,False,False,False,1295.2050862630208,1287.0658685302735,True,1.4117985863848321,2,0.9344503731981579,13.611022784736404,0.6807063313500805,False,1399.021049380356,0.05230480020123848,0.06098353343007205,False,13.281056629988353,37.0,True,False,0,False,True,True,False,False,False,True,False,3,False,False,,Axis Bank Ltd.,Financial Services,EQ,INE238A01034,SELL,Stage 4 takes precedence: the guide requires SELL regardless of RS.
AZAD,2026-08-25,2804.5,0.37428336703272413,0.615681484681013,0.7286119069265045,0.7889265084837196,0.5763573268313371,2008.8780893822238,4.383330975909705,Stage 2 — Advancing,2370.347072227328,2986.60009765625,False,1360.0,1.1429884095881284,3.0860270621723678,1803040125.323047,2375.1280126953125,False,39.605285896788686,True,-6.097237383711129,True,True,True,True,False,False,False,False,1993.08333984375,1901.0445068359375,True,4.5228333261037745,1,1.378042858647634,34.407020158563064,1.4453080414564978,False,2986.60009765625,0.11877636612499864,0.12306249449854861,False,6.493139513505075,95.0,True,True,5,True,True,True,True,True,True,True,True,8,True,False,,Azad Engineering Ltd.,Capital Goods,EQ,INE02IJ01035,WAIT,"Stage 2 + RS 95; wait because price is more than 20% above the 30-week line (currently +40%) — the guide treats that as poor entry timing, not a failed trend."
BEML,2026-08-25,1923.0,0.05578981485428258,0.12002655094141934,0.047259800832571086,-0.03402902361743043,0.04896739157302503,1745.780224107716,0.7496643226585054,Stage 2 — Advancing,1813.4980349073223,2269.4720026583113,False,1353.2059555406986,1.0423023937627152,2.9066238903506565,898143881.4930542,1814.1339965820312,False,10.151322225159376,False,-15.266634805473544,True,True,True,True,False,False,False,False,1743.9098111979167,1763.5844073486328,False,3.542827155329517,2,0.8316884329141294,15.922380262805568,1.1482419683610203,False,1984.0,0.08144302088014704,0.09536294939604584,False,3.172126885075399,52.0,True,True,5,True,False,False,True,True,True,True,False,5,False,False,,BEML Ltd.,Capital Goods,EQ,INE258A01024,HOLD,Stage 2 + RS 52; trend/leadership is adequate without a stronger entry trigger.
BLS,2026-08-25,243.32000732421875,-0.09563271375633353,-0.16154377295259348,-0.21691106960929085,-0.3336834378953144,-0.18068074159397318,263.1478013339108,-0.609703916181803,Stage 4 — Declining,251.3811768176509,388.98521411171623,False,218.89999389648438,3.9535303478951964,1.012378364171887,931113665.9374863,251.1248001098633,True,-7.5348507223635846,False,-37.4474919619085,False,False,False,False,False,False,False,False,263.6409154256185,276.57686393737794,False,4.920917218715694,2,1.7590327627114268,19.862046951081414,3.4071058337683406,False,282.70001220703125,0.010305104751463276,0.01629650543806712,False,16.1844499825037,8.0,True,False,0,False,False,False,False,False,False,False,False,0,False,False,,BLS International Services Ltd.,Consumer Services,EQ,INE153T01027,SELL,Stage 4 takes precedence: the guide requires SELL regardless of RS.
BSE,2026-08-25,3303.0,-0.22825746929421353,0.19439607731415265,0.16584590924660847,0.44565292886801267,0.06987599536806935,3445.726406985766,1.1168772491227275,Stage 1 — Basing,3659.2444087009803,4435.115403617064,False,2016.1882450384737,0.6399559435027642,0.5939708364695421,14884702450.730677,3649.4000390625,True,-4.14212825186604,False,-25.526176899337628,False,False,True,True,True,True,False,False,3424.8280159505207,3253.9444982910154,True,3.0900477971189613,2,1.2121437595031352,23.422565863420964,1.4358404665714715,False,4208.811690205819,0.13988887049772528,0.19180203876599947,False,27.42390827144472,56.0,True,True,3,False,True,True,True,False,True,False,False,4,False,False,2.0,BSE Ltd.,Financial Services,EQ,INE118H01025,WATCH,Stage 1 + RS 56; adequate RS in a basing stage remains WATCH.
BAJAJ-AUTO,2026-08-25,11927.0,0.15287884417298736,0.19786591373206264,0.3367432198297611,0.3821898612496517,0.24451133663149005,10074.986588987585,1.6365891368772312,Stage 2 — Advancing,10807.56862745098,11927.0,True,8373.654962449684,0.4167298107185528,1.402709588354032,2841224722.7,10824.94,False,18.382291575819544,False,0.0,True,True,True,True,False,False,False,False,10050.500520833333,9795.826083984375,True,1.4391117392710417,3,0.43363231356530707,20.340404125094324,0.5004728513978579,True,11927.0,0.5051330785426489,0.5051330785426489,True,0.0,79.0,True,True,5,True,True,True,True,True,True,True,True,8,True,False,,Bajaj Auto Ltd.,Automobile and Auto Components,EQ,INE917I01010,HOLD,Stage 2 + RS 79; trend/leadership is adequate without a stronger entry trigger.
BAJAJELEC,2026-08-25,334.3500061035156,-0.0021796165415882696,-0.08474479280619518,-0.3098136840194817,-0.4279557706079865,-0.165374696103368,354.6514930202536,-1.0388493872415805,Stage 4 — Declining,335.7670300053615,647.9607286405871,False,298.3117066005431,0.847842805574248,2.9444041697889123,361844990.5983566,336.0800665283203,True,-5.724348357833808,False,-48.399649650839585,False,False,False,False,False,False,False,False,355.69548461914064,385.23010055541994,False,4.749087018575255,2,1.661806601340386,23.523533990393517,0.5157819749145254,False,407.5,0.014160413171277128,0.02556804620932024,False,21.878269047746613,11.0,True,False,0,False,False,False,False,False,False,False,False,0,False,False,,Bajaj Electricals Ltd,Consumer Durables,EQ,INE193E01025,SELL,Stage 4 takes precedence: the guide requires SELL regardless of RS.
BAJFINANCE,2026-08-25,1087.4000244140625,0.16157181552379885,0.07152885348393467,0.10939411484345851,0.21456987936628447,0.14372729574825507,963.0570653627997,1.0699744825056756,Stage 2 — Advancing,1045.5934723498774,1176.4000244140625,False,783.0862114062364,0.32485967891873185,1.5495843546852972,8925578012.595514,1047.4296044921875,False,12.911276343154254,False,-7.56545377022827,True,True,True,True,False,False,False,False,962.1575366210938,970.3252969360351,True,2.006752628425486,2,0.507656942188242,19.907509825419424,0.40846970707474134,True,1176.4000244140625,0.04605363645003999,0.048821283293898704,False,8.184660474691174,69.0,True,True,5,True,False,True,True,True,True,True,False,6,False,False,,Bajaj Finance Ltd.,Financial Services,EQ,INE296A01032,HOLD,Stage 2 + RS 69; trend/leadership is adequate without a stronger entry trigger.
BAJAJFINSV,2026-08-25,2004.0,0.10972118545611331,-0.021270687253916898,-0.012062789330921753,0.021341276395391295,0.041490034144555855,1856.0644940938034,0.14936729424148698,Stage 2 — Advancing,1910.674529430913,2193.128599829014,False,1595.6384533474438,0.3181599964475892,1.4868157572289415,2643670108.1405396,1913.1724951171875,False,7.970386071009017,False,-8.623689456412153,True,True,True,True,False,False,False,False,1858.9294270833334,1905.1110998535157,False,1.7190616151903784,2,0.9220774927890598,17.7956101014869,0.5176729145202406,False,2118.5,0.08487353814030925,0.09154544130113727,False,5.7135728542914155,51.0,True,True,5,True,False,False,True,True,False,True,False,4,False,False,,Bajaj Finserv Ltd.,Financial Services,EQ,INE918I01026,HOLD,Stage 2 + RS 51; trend/leadership is adequate without a stronger entry trigger.
BAJAJHLDNG,2026-08-24,11120.0,0.07394602315115129,-0.006339267988856423,-0.01872423499195419,-0.16472032543607829,-0.008378356422917267,10435.418751337756,0.5633308457803521,Stage 2 — Advancing,10863.770967371323,13642.165482850582,False,8482.595476264942,1.3592776912596405,0.9237199724218013,480237618.7,10877.85126953125,False,6.560170367619267,False,-18.488014135447695,True,True,True,True,False,False,False,False,10437.365533854167,10630.0858984375,False,1.755524152106886,2,0.7311052865468117,12.87298993894574,0.8195134903607055,False,11629.0,0.47295501185577427,0.5727775509078601,False,4.577338129496411,40.0,True,False,4,True,False,False,True,True,True,True,False,5,False,False,,Bajaj Holdings & Investment Ltd.,Financial Services,EQ,INE118A01012,WAIT,Stage 2 + RS 40; wait because relative strength is below 50 — the trend has turned up but the stock still lags most of the universe.
BAJAJHFL,2026-08-24,84.05000305175781,0.01179731985715482,-0.037448427101405835,-0.20527608402000408,-0.25573361529597327,-0.09497269734061471,85.966712063306,-0.5376136599282266,Stage 4 — Declining,86.53313700358073,117.0,False,72.6500015258789,0.6975574740357322,0.7704806761169726,269404934.27091485,86.53199981689453,True,-2.2295944157277092,False,-28.16239055405315,False,False,True,False,False,False,False,False,86.07973307291667,89.32669975280761,False,1.218662005372826,3,0.5184905762481489,11.11701803004488,0.5232330367065164,False,94.0,0.0035748084703077316,0.0049849499582849625,False,11.83818749193264,22.0,True,False,1,False,False,False,False,False,False,False,False,0,False,False,,Bajaj Housing Finance Ltd.,Financial Services,EQ,INE377Y01014,SELL,Stage 4 takes precedence: the guide requires SELL regardless of RS.
BALAMINES,2026-08-25,2343.60009765625,0.22609759837460142,1.1376027256178012,1.009736960945173,0.5142155286109606,0.6227500823846275,1619.6465148925781,3.8578272882322295,Stage 2 — Advancing,2163.6301772173715,2443.60009765625,False,963.3273935013657,2.2387325549844572,1.5143817938459874,439578828.6431152,2165.5775170898437,False,44.69824595101157,True,-4.092322638876711,True,True,True,True,False,False,False,False,1608.0580423990884,1494.9900155639648,True,4.019455738404221,2,0.8164322166905679,23.240007669360672,0.5090702121141464,False,2443.60009765625,0.09925630352997017,0.10342892283590426,False,4.266939573010187,95.0,True,True,5,True,True,True,True,True,True,True,True,8,True,False,,Balaji Amines Ltd.,Chemicals,EQ,INE050E01027,WAIT,"Stage 2 + RS 95; wait because price is more than 20% above the 30-week line (currently +45%) — the guide treats that as poor entry timing, not a failed trend."
BALKRISIND,2026-08-24,2358.39990234375,0.07168610400074815,-0.06031188871064652,0.04667427581778694,-0.008899990478879571,0.024166920925951435,2263.875852808459,0.018154244659274177,Stage 2 — Advancing,2252.083678002451,2765.3795041598637,False,1963.1703614270675,0.38264342046159744,6.949973241800524,1329255329.2437987,2253.427373046875,False,4.175319482206974,False,-14.716952997008493,True,True,False,True,False,False,False,False,2268.891677246094,2285.570725708008,True,3.1277250611586425,1,1.633713182364699,22.638049901706392,0.4496982042725554,False,2558.0,0.10030728900842133,0.11502188493481694,False,8.46336948444959,48.0,True,False,3,True,False,True,False,True,False,True,False,4,False,False,,Balkrishna Industries Ltd.,Automobile and Auto Components,EQ,INE787D01026,WAIT,Stage 2 + RS 48; wait because relative strength is below 50 — the trend has turned up but the stock still lags most of the universe.
BALRAMCHIN,2026-08-24,695.5,0.29975711405784233,0.5220483234933988,0.53752623105048,0.1982028437868817,0.371458325289289,531.2876720689748,3.154159113640609,Stage 2 — Advancing,598.9382336186428,780.9500122070312,False,393.54998779296875,7.092002323913967,1.071285328588241,2921926468.035617,599.8849987792969,False,30.908364067914285,True,-10.941803043903187,True,True,True,True,False,False,False,False,527.9716672770182,506.57371658325195,True,5.470885634973233,1,4.018141083409534,33.030284675717276,10.37640248320861,False,780.9500122070312,0.02958095420374919,0.03262457501393431,False,12.286126845008095,88.0,True,True,5,True,True,True,True,True,True,True,True,8,True,False,,Balrampur Chini Mills Ltd.,Fast Moving Consumer Goods,EQ,INE119A01028,WAIT,"Stage 2 + RS 88; wait because price is more than 20% above the 30-week line (currently +31%) — the guide treats that as poor entry timing, not a failed trend."
BALUFORGE,2026-08-24,632.2000122070312,0.32884921115508403,0.37449721802043867,0.017707662240569855,-0.0021428279664530425,0.20955209492094473,467.23698655219926,1.1787065353407788,Stage 2 — Advancing,464.70686430089614,696.8433940665321,False,341.04998779296875,16.60007022629398,8.690797491799788,1275937983.5624404,465.0280017089844,False,35.306071737195936,True,-9.27660108568511,True,True,False,True,False,False,False,False,465.8146667480469,498.21774978637694,False,4.625004594462881,1,3.8449092174841693,33.76175452922953,7.114449313071913,False,638.0,0.026888683837104053,0.029820661520391596,False,0.917429244064838,76.0,True,True,4,True,False,False,False,True,True,True,True,5,False,False,,Balu Forge Industries Ltd.,Capital Goods,EQ,INE011E01029,HOLD,Stage 2 + RS 76; trend/leadership is adequate without a stronger entry trigger.
BANCOINDIA,2026-08-24,623.7999877929688,0.014803929404954452,-0.029420683080942034,-0.08375567030642062,0.09931863866272206,0.00315002881705366,621.9076615958378,0.17904970579960544,Stage 2 — Advancing,652.9617620729932,859.7877679261235,False,502.0,0.48510770031269945,0.8424647638037032,97747594.70773926,652.2719970703125,True,0.3042776788237722,False,-27.447213014250714,True,False,True,True,False,False,False,False,620.6675681559245,641.2118217468262,False,2.7842024474083353,2,0.8304210949802702,17.060442926081905,0.641116609558036,False,708.9500122070312,0.02653141462430354,0.03698368010977787,False,13.650212581011246,43.0,True,False,3,False,False,False,True,False,False,False,False,1,False,False,,Banco Products (India) Ltd.,Automobile and Auto Components,EQ,INE213C01025,WAIT,Stage 2 + RS 43; wait because the close is below its 50-session average — short-term timing has weakened even though the 30-week trend is intact.
BANDHANBNK,2026-08-25,173.5,-0.11152007361325034,-0.043067087833435935,0.1695775396597552,0.020728502640447566,-0.01516023855194677,181.51393263307335,1.0382841301653345,Stage 1 — Basing,189.14762339872473,218.86288600994448,False,133.09632102479327,0.32112430583459295,1.344427010017031,1431876097.5017319,188.63302673339842,True,-4.415050964309919,False,-20.726623337994056,False,False,True,True,False,False,False,False,180.43535400390624,171.9217586517334,True,2.315157949397464,2,0.7659260782464368,26.6397865028471,0.414220758810435,False,218.86288600994448,0.007348083267137553,0.009343615287264306,False,26.14575562532824,38.0,True,False,2,False,True,True,True,False,True,True,False,5,False,False,2.0,Bandhan Bank Ltd.,Financial Services,EQ,INE545U01014,AVOID,Stage 1 + RS 38; weak RS in a basing stage is AVOID.
BANKBARODA,2026-08-25,241.0,-0.08615282960243986,-0.21230046397648872,-0.13387327183759512,0.032001423380302096,-0.0972955943277323,265.2443541435346,-1.17676640294484,Stage 4 — Declining,254.23392022824754,315.30188105660324,False,223.57857729237878,1.0819014586931428,0.8588585775675421,2005767617.0183167,253.8115985107422,True,-9.140384616976615,False,-23.565314868281583,False,False,False,False,False,False,False,False,265.9369935099284,270.3360944366455,False,1.7068755506550553,3,0.8301317602275606,16.974238574769657,0.609262538392758,False,287.20001220703125,0.010206847650606051,0.01346161016292559,False,19.170129546486002,21.0,True,False,0,False,False,False,False,False,False,True,False,1,False,False,,Bank of Baroda,Financial Services,EQ,INE028A01039,SELL,Stage 4 takes precedence: the guide requires SELL regardless of RS.
BANKINDIA,2026-08-25,143.99000549316406,0.01837944508338407,-0.15312918991781255,0.010077949112950568,0.29332505702865497,0.03740654127811222,145.48265796818146,-0.39685232057846687,Stage 4 — Declining,142.77921549479166,172.71800537071604,False,106.3751474041868,0.8032306784266054,1.480100534981142,861686407.8683243,142.7213998413086,False,-1.0260002778776922,False,-16.632892335626025,False,True,False,False,False,False,False,False,145.75612508138022,144.55409324645996,True,1.9986510475863073,2,0.6699976728758612,10.259162349405932,0.5778389527461156,False,149.3300018310547,0.006098274063396906,0.007358837389464185,False,3.7085881895769113,50.0,True,True,2,False,True,True,False,True,True,True,False,5,False,False,,Bank of India,Financial Services,EQ,INE084A01016,SELL,Stage 4 takes precedence: the guide requires SELL regardless of RS.
MAHABANK,2026-08-24,80.69999694824219,0.023619334546933546,0.1401403953165632,0.42865343243876963,0.5178140112432208,0.22676930161848416,75.62919587958349,1.4498872464711487,Stage 2 — Advancing,83.20490175134995,94.5,False,50.17055988911408,0.553494201595903,1.5882862028901035,792957676.7309227,83.08659973144532,True,6.7048194942233685,False,-14.603177832547953,True,False,True,True,False,False,False,False,75.31558118184408,70.93737926483155,True,2.203928091637014,2,0.8713264011161957,18.306881536251655,0.6724763866900518,False,94.5,0.003432326260199355,0.004080434716266135,False,17.100376175489316,78.0,True,True,4,True,True,True,True,False,True,True,True,7,False,False,,Bank of Maharashtra,Financial Services,EQ,INE457A01014,HOLD,Stage 2 + RS 78; trend/leadership is adequate without a stronger entry trigger.
BATAINDIA,2026-08-24,686.25,0.044837854110284514,-0.10010956177610608,-0.28501796879202945,-0.349151562814939,-0.1289206770325011,694.1831109033872,-1.2901476448701432,Stage 4 — Declining,677.9162980621936,1223.9851643268328,False,577.3964738257137,0.6948265307041064,2.2607730308926444,525491319.0338745,678.4894055175781,False,-1.142798028183556,False,-43.93314396278457,False,True,False,False,False,False,False,False,698.1995682779948,755.0890435791016,False,3.4511790358419767,1,0.5439879463218399,17.228929533506374,1.7763528299477016,False,766.6489333975749,0.029187533892628154,0.052089896095068144,False,11.715691569774123,15.0,True,False,1,False,False,False,False,True,False,False,False,1,False,False,,Bata India Ltd.,Consumer Durables,EQ,INE176A01028,SELL,Stage 4 takes precedence: the guide requires SELL regardless of RS.
BAYERCROP,2026-08-24,4043.60009765625,-0.06436840775056518,-0.12966575555077253,-0.09587106863581696,-0.24195076030628093,-0.11924487999880017,4383.2300306346315,-0.4119790338080964,Stage 4 — Declining,4137.5371189491425,5402.840988250716,False,3974.169963300558,0.3297456972668802,0.8878813422224493,92160412.79315186,4135.650869140625,True,-7.748394006353521,False,-25.157891811925204,False,False,False,False,False,False,False,False,4381.636243489584,4391.886918945313,False,1.6401562275014647,3,0.521443922276083,11.52579314494977,0.4914741270391113,False,4491.896683302911,0.17198209821286164,0.23064466427126715,False,11.086570749330594,16.0,True,False,0,False,False,False,False,False,False,False,False,0,False,False,,Bayer Cropscience Ltd.,Chemicals,EQ,INE462A01022,SELL,Stage 4 takes precedence: the guide requires SELL regardless of RS.
BELRISE,2026-08-24,229.1999969482422,0.059345518125665464,0.25013636700326325,0.4384335522526872,0.5636512081123708,0.27418243272393045,212.53465814459813,2.2700509257647994,Stage 2 — Advancing,237.7050984700521,268.20001220703125,False,135.16000366210938,0.9540896041218222,1.7824981969586415,1276793655.6117005,237.6940005493164,True,7.841233495341626,False,-14.54139205209426,True,False,True,True,False,False,False,False,211.25406728108723,200.17730041503907,True,3.771814545375244,1,2.1611876130781558,18.042510233401433,1.2291076653759305,False,268.20001220703125,0.009748317200899219,0.011040260502344251,False,17.015713690256295,81.0,True,True,4,True,True,True,True,False,True,True,True,7,False,False,,Belrise Industries Ltd.,Automobile and Auto Components,EQ,INE894V01022,WAIT,Stage 2 + RS 81; wait because the close is below its 50-session average — short-term timing has weakened even though the 30-week trend is intact.
BERGEPAINT,2026-08-25,509.8500061035156,0.017528696393840137,0.12641026600498328,-0.09742710974450997,-0.03900591076911786,0.0050069276558071495,482.912910147889,0.3655056238270893,Stage 2 — Advancing,517.125119078393,590.094751424942,False,388.1693207725482,0.3621106891090252,1.2586278637476447,286773632.07592165,517.3341296386719,True,5.578044278703853,False,-13.598620412680162,True,False,True,True,False,False,False,False,483.5495324707031,498.3988340759277,False,2.975665417999407,3,1.0304794523665455,15.05203390747292,0.93037975120592,False,565.9000244140625,0.021593200568295227,0.02445115823283382,False,10.993432899786404,44.0,True,False,3,True,False,False,True,False,True,True,False,4,False,False,,Berger Paints India Ltd.,Consumer Durables,EQ,INE463A01038,WAIT,Stage 2 + RS 44; wait because the close is below its 50-session average — short-term timing has weakened even though the 30-week trend is intact.
BDL,2026-08-25,1359.9000244140625,0.02548831117592809,0.09598643689482578,-0.06677942637637313,-0.10219435822573253,-0.0044021450710847385,1309.6698901032748,-0.4862791582775361,Stage 3 — Topping,1320.7666709750306,1648.1319119869795,False,1086.0,1.4294283781010606,1.9376251126910833,2495724699.43869,1322.4480053710938,False,3.8353278708138205,False,-17.488399167359493,True,True,True,False,False,False,False,False,1312.8197981770834,1354.957275390625,False,3.3253493650793513,2,0.5733947026431476,15.23776466504686,2.4571065477996554,False,1440.5,0.057594574146264677,0.06936803427897818,False,5.926904488487339,41.0,True,False,3,True,False,False,False,True,False,True,False,3,False,False,,Bharat Dynamics Ltd.,Capital Goods,EQ,INE171Z01026,SELL,Stage 3 + RS 41; RS below 50 in Stage 3 triggers SELL.
BEL,2026-08-25,413.25,-0.01905654854115424,-0.0540116344745446,0.01297425324490975,0.11698079590405008,0.007566063518421356,423.30054860572295,-0.01426048476894648,Stage 4 — Declining,408.15128401214,472.8081629796919,False,359.18122347653144,0.7739969636640642,1.1050755332826299,4879278323.301981,408.1743603515625,False,-2.374329218052673,False,-12.596686699389748,False,True,False,False,False,False,False,False,422.8847599283854,418.38018096923827,False,1.6437943801911368,3,0.569213585119075,12.1379251325342,0.8452155547444559,False,434.4102674211774,0.01750199083656826,0.02080906909961456,False,5.120451886552302,45.0,True,False,1,False,True,False,False,True,False,True,False,3,False,False,,Bharat Electronics Ltd.,Capital Goods,EQ,INE263A01024,SELL,Stage 4 takes precedence: the guide requires SELL regardless of RS.
BHARATFORG,2026-08-24,2041.0,0.07877561127752397,0.10164789205771019,0.45130508654210644,0.8250517338451668,0.3071111870000063,1909.342341174818,2.040910337311419,Stage 2 — Advancing,2124.803119734222,2295.0,False,1095.9181470372112,0.8148670843018971,0.7614900021108392,2657341187.181604,2127.011416015625,True,6.8954454099715345,False,-11.067538126361654,True,False,True,True,False,False,False,False,1895.7418693033853,1776.0568322753907,True,3.08216987033667,2,0.525551394618309,13.069844317805934,1.1617150240920182,False,2295.0,0.08680765999978735,0.09552928624997374,False,12.444879960803522,84.0,True,True,4,True,True,True,True,False,True,True,True,7,False,False,,Bharat Forge Ltd.,Automobile and Auto Components,EQ,INE465A01025,WAIT,Stage 2 + RS 84; wait because the close is below its 50-session average — short-term timing has weakened even though the 30-week trend is intact.
BHEL,2026-08-25,417.0,-0.0025151273368075877,0.5970419746287332,0.4787739738925094,0.9322209554515035,0.4006013298598262,347.2345540294908,3.1384465644683113,Stage 2 — Advancing,407.6505091050092,446.5,False,204.46044916421653,0.36838399320036275,1.1685688186859016,3134045298.0246305,408.1442266845703,False,20.0917348693886,True,-6.606942889137734,True,True,True,True,False,False,False,False,344.59727040608726,328.5368598175049,True,2.6378896882494005,2,0.7566971922307739,16.997872888752294,0.6591667665449504,False,446.5,0.01766081108009429,0.018680606504332828,False,7.074340527577938,89.0,True,True,5,True,True,True,True,True,True,True,True,8,True,False,,Bharat Heavy Electricals Ltd.,Capital Goods,EQ,INE257A01026,WAIT,"Stage 2 + RS 89; wait because price is more than 20% above the 30-week line (currently +20%) — the guide treats that as poor entry timing, not a failed trend."
BPCL,2026-08-25,318.1000061035156,0.031954602120083164,-0.1652013743762537,-0.08086775739778596,0.05724734950290555,-0.02498251560619355,318.08689525029433,-0.643863887009033,Stage 3 — Topping,313.38431384516696,391.6499938964844,False,266.6000061035156,1.009352065818306,0.7383932955031597,1606575738.2301497,313.41,False,0.0041217835179852,False,-18.779519708714332,True,True,False,False,False,False,False,False,318.74960856119793,327.81388427734373,False,1.931110149212685,3,0.6805366358115111,9.258983840066623,0.7781543089588209,False,329.95001220703125,0.013472192115997674,0.01663583958953674,False,3.7252454813406777,36.0,True,False,2,False,False,False,False,True,False,True,False,2,False,False,,Bharat Petroleum Corporation Ltd.,Oil Gas & Consumable Fuels,EQ,INE029A01011,SELL,Stage 3 + RS 36; RS below 50 in Stage 3 triggers SELL.
BHARTIARTL,2026-08-25,1947.0,0.05158063213681707,0.030366561955720517,-0.08794252430559923,0.02113405903154697,0.013343872191060483,1871.434327844071,-0.09302085884963507,Stage 3 — Topping,1907.5802672143077,2147.4734560986562,False,1718.8676127570984,0.596763009556891,1.1846401726538407,12595339267.72166,1909.1324853515625,False,4.03784792400288,False,-9.335317068964333,True,True,True,False,False,False,False,False,1874.0616137695313,1922.0607525634766,False,1.6321810196777093,2,1.0637988380380332,10.865745166233284,1.088550945485947,False,2031.0,0.08245947043871363,0.09024431638129608,False,4.314329738058542,46.0,True,False,3,True,False,False,False,True,False,True,False,3,False,False,,Bharti Airtel Ltd.,Telecommunication,EQ,INE397D01024,SELL,Stage 3 + RS 46; RS below 50 in Stage 3 triggers SELL.
BHARTIHEXA,2026-08-24,1605.800048828125,0.0526960447937308,-0.01828148134880836,-0.06969925137979927,-0.12698007447144644,-0.021913743522518493,1543.059493391481,-0.12688318388884845,Stage 3 — Topping,1542.801784141391,1934.317756973946,False,1414.4376742506906,0.25229037610260774,1.1420962998267905,289851585.31202394,1544.4669921875,False,4.0659842154722625,False,-16.983647436487136,True,True,False,False,False,False,False,False,1544.5052677408855,1593.7933166503906,False,3.346350647705888,1,1.6815336507992829,14.784579717846599,1.0083633713362934,False,1659.8377025747243,0.06829776808736589,0.07992036962486711,False,3.3651545711456787,37.0,True,False,2,True,False,False,False,True,False,True,False,3,False,False,,Bharti Hexacom Ltd.,Telecommunication,EQ,INE343G01021,SELL,Stage 3 + RS 37; RS below 50 in Stage 3 triggers SELL.
BIKAJI,2026-08-24,602.9500122070312,-0.07512303003089937,-0.03938678956313524,-0.14604613602014072,-0.21458069886636266,-0.11005193690228748,643.4274578226024,-0.8040496391458651,Stage 4 — Declining,638.0245469037225,817.1013753080734,False,591.3929652535255,1.0159453208683624,0.322547591812558,65766376.835580446,637.619794921875,True,-6.290910517333104,False,-26.20866511457043,False,False,False,False,True,True,False,False,644.7619706217448,663.7477194213867,False,1.8942582443083975,3,0.584741900975886,11.460825226729028,0.6348463316984365,False,679.021476929924,0.02564462501545105,0.03514826341429602,False,12.616545846718141,19.0,True,False,0,False,False,False,False,False,False,False,False,0,False,False,,Bikaji Foods International Ltd.,Fast Moving Consumer Goods,EQ,INE00E101023,SELL,Stage 4 takes precedence: the guide requires SELL regardless of RS.
GROWW,2026-08-25,203.00999450683594,,,,,,187.67171227442074,1.1514048280870215,Stage 2 — Advancing,199.1066655177696,,False,,1.714476955495043,1.0991120622099053,5184876426.992802,199.0951989746094,False,8.172932428935798,False,,True,True,True,True,False,False,False,False,187.01373321533202,,False,2.582913611126475,1,0.9724260378937188,14.874647367499774,0.9593465868635327,False,220.97999572753906,0.008597892470878199,,False,8.851781541276793,,True,False,4,False,False,False,False,True,False,False,False,1,False,False,,Billionbrains Garage Ventures Ltd.,Financial Services,EQ,INE0HOQ01053,WAIT,Stage 2 + RS unavailable; wait for a clearer entry trigger; no breakout setup is present.
BIOCON,2026-08-25,417.20001220703125,-0.028720048232879658,0.055195006930915946,0.06217149999875682,0.1604360094808881,0.04407248398896031,397.5932243033631,0.7124340754854686,Stage 2 — Advancing,422.3847009995404,447.1499938964844,False,336.647387893357,0.637750369219799,0.8446090645224987,1468780790.5024781,422.5133435058594,True,4.931368721894569,False,-6.697972067150825,True,False,True,True,False,False,False,False,396.78502563476565,395.544123840332,True,2.112724640519263,1,0.9275757671391281,11.696296210858552,0.6068983725372947,False,447.1499938964844,0.017669282010075324,0.01914165505263705,False,7.178806522802961,51.0,True,True,4,True,True,True,True,False,False,True,False,5,False,False,,Biocon Ltd.,Healthcare,EQ,INE376G01013,HOLD,Stage 2 + RS 51; trend/leadership is adequate without a stronger entry trigger.
BIRLACORPN,2026-08-25,880.0999755859375,-0.1147002391794727,-0.10836972774205889,-0.20808218096239306,-0.2995863838528049,-0.16908775418324046,946.8483752943065,-0.9961383951034297,Stage 4 — Declining,943.3620856789981,1328.8254130627743,False,759.7237180556469,0.2816120274571471,1.852155956409313,49347279.827157594,942.4998083496093,True,-7.049534165131954,False,-33.76857735152592,False,False,False,False,False,False,False,False,949.312812093099,983.9116079711914,False,1.6442945061145426,3,0.4550024820849589,16.56517368612766,0.3291316125276153,False,1040.5726847695007,0.03727405131994926,0.05594572292156017,False,18.23346365584506,10.0,False,False,0,False,False,False,False,False,False,False,False,0,False,False,,Birla Corporation Ltd.,Construction Materials,EQ,INE340A01012,SELL,Stage 4 takes precedence: the guide requires SELL regardless of RS.
BSOFT,2026-08-25,291.0,-0.10732293811747551,-0.20565547688138386,-0.22290113363427977,-0.21672596710088854,-0.17198569077030065,339.869575395976,-1.94446889455685,Stage 4 — Declining,299.47868317248776,467.1017114386881,False,266.2676853930341,0.628085156436321,1.5962505699528768,496774386.3120438,299.0776354980469,True,-14.378920307602982,False,-37.70093474851317,False,False,False,False,False,False,False,False,341.5326446533203,358.63352630615236,False,3.2265589643355725,4,0.7080030427590235,19.55659051569966,0.38884121252808806,False,331.0,0.012324450897619755,0.01938549775419441,False,13.745704467353947,9.0,True,False,0,False,False,False,False,False,False,False,False,0,False,False,,Birlasoft Ltd.,Information Technology,EQ,INE836A01035,SELL,Stage 4 takes precedence: the guide requires SELL regardless of RS.
BBOX,2026-08-24,759.8499755859375,-0.20463704924480208,0.4650533882541841,0.45816544077083043,0.5884889695974913,0.22048674002658034,723.2934948646858,2.387142739011061,Stage 2 — Advancing,860.1911800608915,1103.0,False,435.04998779296875,0.5829917900566423,1.5175729248410375,375417475.20307004,857.1610034179688,True,5.054169708534517,False,-31.11060964769379,True,False,True,True,False,False,False,False,717.3850016276042,671.0990005493164,True,4.752818826095718,2,0.8545737504979278,33.50230414746544,1.371425494105465,False,1085.0,0.03231788257300871,0.047924898483542845,False,42.79134498403214,77.0,True,True,4,True,True,True,True,False,True,False,True,6,False,False,,Black Box Ltd.,Information Technology,EQ,INE676A01027,HOLD,Stage 2 + RS 77; trend/leadership is adequate without a stronger entry trigger.
BLACKBUCK,2026-08-24,604.4000244140625,0.20831669265114527,0.001989410117285262,-0.08735368151896938,-0.06178203514249225,0.05389741575162284,569.048285915427,-0.17107388666789403,Stage 3 — Topping,565.4205848843444,748.0,False,496.0,0.9280372036469031,3.356574649326533,391131522.88294065,565.77599609375,False,6.212432121074807,False,-19.19785769865474,True,True,False,False,False,False,False,False,569.177998453776,591.787748413086,False,3.477473847486844,1,1.7866924430760245,19.52018134638662,1.7557427669689532,False,641.9000244140625,0.025706296826653163,0.03087225260610405,False,6.204500080282838,54.0,True,True,3,True,False,False,False,True,False,True,False,3,False,False,,Blackbuck Ltd.,Services,EQ,INE0UIZ01018,REDUCE,Stage 3 with RS 54; the guide requires REDUCE when RS is 50 or higher.
BLUEDART,2026-08-24,5053.5,0.04163660723487572,-0.08954148274930185,-0.11813977837885004,-0.13087969730845306,-0.0510575487933707,5167.956155019264,-0.3466216039598624,Stage 4 — Declining,4997.747032015931,7036.0,False,4628.5,0.1910912631676251,2.901281925182781,253987612.63586426,4999.613974609375,False,-2.2147276715593023,False,-28.17652075042638,False,True,False,False,False,False,False,False,5172.260657552083,5284.622993164063,False,2.332895164595966,1,0.8853915866445091,17.909484810161008,0.2855538152072271,False,5745.0,0.21493508564866504,0.28077327077994413,False,13.683585633719208,32.0,True,False,1,False,False,False,False,True,False,False,False,1,False,False,,Blue Dart Express Ltd.,Services,EQ,INE233B01017,SELL,Stage 4 takes precedence: the guide requires SELL regardless of RS.
BLUEJET,2026-08-24,588.7999877929688,0.3349960414676503,0.4382022388154827,0.08245238455637227,-0.23926504363803403,0.19027633253382428,469.8023976365181,1.717072662987884,Stage 2 — Advancing,570.8980407714844,760.1127296513097,False,325.0,1.5041279391863929,0.7422273323118798,714992851.2392914,572.2300018310547,False,25.329285409164303,True,-22.537807245634223,True,True,True,True,False,False,False,False,469.5160001627604,488.56999984741213,False,3.0158196061612275,2,0.7340793374085772,22.252237822294227,0.6326895675646825,False,647.7999877929688,0.025042797230872594,0.032521746755899486,False,10.02038064252564,73.0,True,True,5,True,False,False,True,True,True,True,True,6,False,False,,Blue Jet Healthcare Ltd.,Healthcare,EQ,INE0KBH01020,HOLD,Stage 2 + RS 73; trend/leadership is adequate without a stronger entry trigger.
BLUESTARCO,2026-08-25,1515.0,-0.07859960634270513,-0.2161312167724151,-0.12839643197402317,-0.200572403680636,-0.14045985302249692,1709.0369873046875,-0.9768966924947664,Stage 4 — Declining,1616.093972598805,2030.0441864390432,False,1442.9235124043978,0.7271334649321882,0.3242963027392934,972542784.5272522,1616.1461108398437,True,-11.353586186025277,False,-25.37108255473476,False,False,False,False,True,True,False,False,1709.0325154622396,1724.5887145996094,False,2.8637430567833566,2,0.7232633975716382,16.145888164794385,0.8540294790576428,False,1754.594994363066,0.06416337838451522,0.08877571908180158,False,15.814851113073658,13.0,True,False,0,False,False,False,False,False,False,False,False,0,False,False,,Blue Star Ltd.,Consumer Durables,EQ,INE472A01039,SELL,Stage 4 takes precedence: the guide requires SELL regardless of RS.
BLUESTONE,2026-08-25,810.6500244140625,0.673340910284937,0.920516495361668,0.45551666513425815,0.47216923358291263,0.6389768429297426,554.4941402040679,4.889944988305683,Stage 2 — Advancing,689.3176520852481,926.0,False,399.79998779296875,0.08311097940710975,1.9451538682283942,4167659493.2765226,692.6680053710937,False,46.19631942651778,True,-12.456800819215708,True,True,True,True,False,False,False,False,550.9940020751953,544.937251586914,True,4.869550271302609,2,1.3964898239523618,46.409287257019436,0.47549726631543193,False,926.0,0.03433270247781914,0.037786542141634516,False,14.229318708688421,95.0,True,True,5,True,True,True,True,True,True,True,True,8,True,False,,BlueStone Jewellery and Lifestyle Ltd.,Consumer Durables,EQ,INE304W01038,WAIT,"Stage 2 + RS 95; wait because price is more than 20% above the 30-week line (currently +46%) — the guide treats that as poor entry timing, not a failed trend."
BBTC,2026-08-25,1422.4000244140625,-0.08030515526474202,-0.19365077981062218,-0.21470063728780298,-0.20324180309681494,-0.15444070614494484,1547.345508314159,-1.2969135015547417,Stage 4 — Declining,1505.3333237591912,2114.6666501437494,False,1314.5999755859375,0.47353330981133973,0.7297797574857708,51863298.6697937,1504.7559912109375,True,-8.074827711635335,False,-32.73644220391089,False,False,False,False,False,False,False,False,1552.0199259440103,1626.0824877929688,False,2.0393102738126263,3,0.9656612036885547,12.605460321736716,1.0020776642752154,False,1623.9000244140625,0.06024157820503181,0.08768644936155252,False,14.16619773210459,12.0,True,False,0,False,False,False,False,False,False,False,False,0,False,False,,Bombay Burmah Trading Corporation Ltd.,Fast Moving Consumer Goods,EQ,INE050A01025,SELL,Stage 4 takes precedence: the guide requires SELL regardless of RS.
BORORENEW,2026-08-24,536.5499877929688,0.05485106503739057,0.15498870281337185,-0.08625685177302866,-0.053453275289724544,0.02499614116507996,519.9130152872164,0.6539423404107625,Stage 2 — Advancing,587.4803969439338,721.0,False,374.3999938964844,0.5862163413910846,0.629963764996582,229847276.4467926,588.2810046386719,True,3.199953072257977,False,-25.582525964914183,True,False,True,True,True,False,False,False,519.6686682128907,531.4250012207032,False,2.9101266099457965,3,0.6249962657846351,20.137336840979327,0.4253627498694346,False,669.9000244140625,0.02282050412210783,0.029527944561044284,False,24.853236353543217,48.0,True,False,3,True,False,False,True,False,True,False,False,3,False,False,,Borosil Renewables Ltd.,Capital Goods,EQ,INE666D01022,REDUCE,Stage 2 + RS 48; distribution warning (U/D 0.63) triggers REDUCE.
BOSCHLTD,2026-08-24,48100.0,0.3424795860484431,0.3704083457618963,0.3374731103668396,0.2311894802569845,0.3248060216965213,37610.93168103448,2.054631799508888,Stage 2 — Advancing,42199.41796875,49130.0,True,28422.960694251175,0.6926092459529872,3.115107186193879,2209176080.875586,42267.114765625,False,27.888350142239872,True,-2.096478729900264,True,True,True,True,False,False,False,False,37547.79932291667,37319.75361328125,True,2.54009504009504,1,1.71922576440449,21.40060090761509,1.6623845304023523,False,49130.0,2.045785617829383,2.076055247398686,False,2.141372141372133,85.0,True,True,5,True,True,True,True,True,True,True,True,8,True,False,,Bosch Ltd.,Automobile and Auto Components,EQ,INE323A01026,WAIT,"Stage 2 + RS 85; wait because price is more than 20% above the 30-week line (currently +28%) — the guide treats that as poor entry timing, not a failed trend."
FIRSTCRY,2026-08-25,192.0399932861328,-0.1754047241640868,-0.0876959938901054,-0.37618973695404545,-0.4936989204677935,-0.2616788199280236,227.09958815901246,-1.9426571709066032,Stage 4 — Declining,212.80548933440565,438.70001220703125,False,191.6199951171875,0.5374962649079068,0.3570253292860693,186744750.6129257,212.67479919433595,True,-15.437982586005983,False,-56.22521359869366,False,False,False,False,True,True,False,False,228.31693247477213,245.78469932556152,False,3.334498654696854,2,1.568344279255687,19.470478010189755,0.8087567033601556,False,237.9499969482422,0.008133290266784094,0.017837301378756092,False,23.906480559861865,3.0,True,False,0,False,False,False,False,False,False,False,False,0,False,False,,Brainbees Solutions Ltd.,Consumer Services,EQ,INE02RE01045,SELL,Stage 4 takes precedence: the guide requires SELL regardless of RS.
BRIGADE,2026-08-24,654.0999755859375,0.30201601087024654,0.1990820233260331,0.006266552175650197,-0.09075317971599539,0.14372548350523623,541.9223568014903,-0.00496792154487391,Stage 3 — Topping,556.9357054467295,799.2478861619728,False,449.19622544946475,1.4794316854244387,4.549138033732297,351041322.4727386,557.8482916259766,False,20.69994296720601,True,-18.160562334802364,True,True,True,False,False,False,False,False,543.1640610758463,574.0861293029785,False,3.4207329023240973,2,0.7909341137972077,25.968001007613783,0.8235370466861701,False,663.7000122070312,0.02782013144857093,0.0327110555428562,False,1.467671148052574,69.0,True,True,4,True,False,False,False,True,True,True,False,4,False,False,,Brigade Enterprises Ltd.,Realty,EQ,INE791I01019,REDUCE,Stage 3 with RS 69; the guide requires REDUCE when RS is 50 or higher.
BRITANNIA,2026-08-25,5382.5,0.027246538013590227,-0.11137673904857781,-0.06730144166306151,-0.014117258171031266,-0.02766047257109803,5481.5407547624145,-0.3442190256693567,Stage 4 — Declining,5334.722828584559,6232.206543851718,False,4952.518663567504,1.2548794555316038,0.8406407251903836,1982820339.8917236,5338.77669921875,False,-1.806805042475823,False,-13.634120401384687,False,True,False,False,False,False,False,False,5489.161634114584,5578.542973632812,False,2.110676132970606,1,1.722088525539139,12.25317738904687,1.0457399203005755,False,5689.5,0.22795998954102523,0.26825009170602976,False,5.703669298653047,35.0,True,False,1,False,False,False,False,True,False,True,False,2,False,False,,Britannia Industries Ltd.,Fast Moving Consumer Goods,EQ,INE216A01030,SELL,Stage 4 takes precedence: the guide requires SELL regardless of RS.
MAPMYINDIA,2026-08-25,964.2999877929688,0.1168429895620069,-0.07610799445305427,-0.41746161920475544,-0.43079851889576626,-0.13813643068591244,994.9125719793911,-2.6567072119508817,Stage 4 — Declining,1010.5679512771906,1992.1530909053106,False,792.673490779813,0.20123306650690734,0.7160275442619771,292366333.92335206,1013.2018994140625,True,-3.076911986901354,False,-51.59508613091808,False,False,True,False,False,False,False,False,1006.764033610026,1171.9928695678711,False,3.231804375870196,2,0.45238751803899385,34.4129220403113,0.1771831482033926,False,1228.3447538780254,0.04084009570491331,0.08382900244426521,False,27.382014873751714,14.0,True,False,1,False,False,False,False,False,False,False,False,0,False,False,,C.E. Info Systems Ltd.,Information Technology,EQ,INE0BV301023,SELL,Stage 4 takes precedence: the guide requires SELL regardless of RS.
CCL,2026-08-24,1081.800048828125,0.015870057307362018,0.018883964048151736,0.10017950637887307,0.229077074984108,0.07597613200517138,1099.1681175754495,0.9605263256816654,Stage 1 — Basing,1161.954896216299,1242.199951171875,False,813.3032507787244,1.4067614530477703,0.634722868709095,210994045.4060486,1162.5259936523437,True,-1.5801103097527136,False,-12.912567110667716,False,False,True,True,True,False,False,False,1095.1689331054688,1066.153560180664,True,2.1241081328266023,3,0.6285542129328615,13.451938669639906,0.3673249851447452,False,1242.199951171875,0.04601103911142833,0.053816481978454817,False,14.82713025549458,57.0,True,True,3,False,True,True,True,False,True,True,False,5,False,False,4.0,CCL Products (I) Ltd.,Fast Moving Consumer Goods,EQ,INE421D01022,WATCH,Stage 1 + RS 57; adequate RS in a basing stage remains WATCH.
CESC,2026-08-25,154.0,-0.13947723587224736,-0.0022215488558345875,-0.04443000036452105,0.005042067685914864,-0.0641127906557871,159.84018759531517,0.49628569574446946,Stage 1 — Basing,159.74221472646676,197.1955548334318,False,133.1865507427978,0.9287240166722155,1.3472433659589909,255956266.35259476,159.6149166870117,True,-3.653766729867347,False,-21.904933338846533,False,False,False,True,False,False,False,False,159.281908976237,160.1220460510254,False,2.2679669802364075,2,0.9615426157993848,10.5657644676641,1.9201366353761646,False,170.91888771731425,0.006522218000802208,0.008393154376327705,False,10.986290725528725,29.0,True,False,1,False,False,False,False,False,False,True,False,1,False,False,1.0,CESC Ltd.,Power,EQ,INE486A01021,AVOID,Stage 1 + RS 29; weak RS in a basing stage is AVOID.
CGPOWER,2026-08-25,878.5,0.012213360165640896,0.23142692730006442,0.28992601093843295,0.3001166129668922,0.1691792543073343,813.3962293651006,2.483853477338127,Stage 2 — Advancing,903.7647034888174,980.9000244140625,False,524.3427016609982,0.40157236095514687,1.8362472181333975,2395627143.5369263,903.0259973144531,True,8.003943008896952,False,-10.439394623853826,True,False,True,True,False,False,False,False,806.8216333007813,770.7573834228516,True,1.758273030327669,2,0.7409290784703533,16.92833568103074,0.4236522455704107,False,980.9000244140625,0.037206289050030775,0.04225141794270595,False,11.656234993063453,71.0,True,True,4,True,True,True,True,False,True,True,True,7,False,False,,CG Power and Industrial Solutions Ltd.,Capital Goods,EQ,INE067A01029,HOLD,Stage 2 + RS 71; trend/leadership is adequate without a stronger entry trigger.
CIEINDIA,2026-08-24,399.3500061035156,-0.11481766262608917,-0.18262442257500244,-0.012092782447460149,0.016412869627247195,-0.08158793212947876,449.67919606175917,-0.0018142841227697382,Stage 4 — Declining,441.0460755591299,518.5450350593709,False,375.6987205418633,0.5618465426195745,1.2926181839774908,186519867.678006,440.5709973144531,True,-11.192243359048193,False,-22.98643722279744,False,False,False,False,False,False,False,False,447.881899210612,437.8188349914551,False,1.8834185411786755,2,0.8407524862831345,17.724924965259824,1.5392808009684167,False,483.5,0.016985124718641345,0.021752426586580807,False,21.07173972965255,24.0,True,False,0,False,True,False,False,False,False,True,False,2,False,False,,CIE Automotive India Ltd.,Automobile and Auto Components,EQ,INE536H01010,SELL,Stage 4 takes precedence: the guide requires SELL regardless of RS.
CMSINFO,2026-08-24,248.8000030517578,-0.18798953000040342,-0.1979368366829538,-0.2834859812410586,-0.4297033179103025,-0.25742103916702436,292.10459878999893,-1.6080782390101023,Stage 4 — Declining,274.09803981407015,443.45178214919497,False,240.5,0.8243982649376037,0.5241221965294713,203767856.89961395,273.6190008544922,True,-14.825030457453991,False,-43.894688652293766,False,False,False,False,True,True,False,False,292.9991178385417,306.2073225402832,False,3.7824413867698294,1,2.3984517663997837,21.622944364919615,1.740515695994983,False,306.8500061035156,0.010581943200814818,0.019146706274808044,False,23.331994509534514,3.0,True,False,0,False,False,False,False,False,False,False,False,0,False,False,,CMS Info Systems Ltd.,Services,EQ,INE925R01014,SELL,Stage 4 takes precedence: the guide requires SELL regardless of RS.
CORONA,2026-08-24,2149.0,,,,,,1758.2593068089977,2.6698109793074964,Stage 2 — Advancing,2026.2700123506434,,False,,0.20009691846288613,3.59661081768287,94158241.8642334,2032.3500512695311,False,22.22315512153572,True,,True,True,True,True,False,False,False,False,1747.68361328125,,False,2.7261831512684473,3,0.28800022280216786,24.268316971017196,0.6259304907201045,True,2270.10009765625,0.09140110795665997,,False,5.635183697359247,,True,False,4,False,False,False,False,True,False,False,False,1,False,False,,CORONA Remedies Ltd.,Healthcare,EQ,INE02ZQ01018,WAIT,"Stage 2 + RS unavailable; wait because price is more than 20% above the 30-week line (currently +22%) — the guide treats that as poor entry timing, not a failed trend."
CRISIL,2026-08-24,4478.2001953125,0.09864771282018836,0.005123510017530641,-0.0016091640707257548,-0.1444092929740719,0.011280095722621945,4214.431023584653,-0.22795022641339813,Stage 3 — Topping,4268.139624502144,5300.049076984566,False,3669.9050085491053,0.38554983354996514,1.8808218662156286,189094854.11669922,4274.0436181640625,False,6.258713697098162,False,-15.506439086402812,True,True,True,False,False,False,False,False,4224.957703450521,4283.917042236328,False,2.3545791135560323,2,0.8202058397330406,17.50038284326649,0.43153702819036666,False,4662.0,0.19046647720022966,0.22220334223982735,False,4.104323091225126,45.0,True,False,3,True,False,False,False,True,False,True,False,3,False,False,,CRISIL Ltd.,Financial Services,EQ,INE007A01025,SELL,Stage 3 + RS 45; RS below 50 in Stage 3 triggers SELL.
CSBBANK,2026-08-25,339.3500061035156,-0.0715458109342938,-0.13375875914865187,-0.19547174982357252,-0.12062707574298526,-0.11858984131675944,366.57397231010543,-3.0060353131379003,Stage 4 — Declining,341.3745111203661,574.4000244140625,False,312.95001220703125,1.6576748901121396,1.3717809794630853,139485094.12014922,340.81500122070315,True,-7.4265955204150575,False,-40.92096245126697,False,False,False,False,False,False,False,False,369.73999959309896,386.8912503051758,False,2.6521296649340975,2,0.5656192890577629,16.89018129006167,0.9778568286142706,False,376.54998779296875,0.014372173495978498,0.023170654398313482,False,10.96212789756239,17.0,True,False,0,False,False,False,False,False,False,False,False,0,False,False,,CSB Bank Ltd.,Financial Services,EQ,INE679A01013,SELL,Stage 4 takes precedence: the guide requires SELL regardless of RS.
CAMPUS,2026-08-24,228.5500030517578,-0.0279369624717839,-0.12386645044272715,-0.1413563886350938,-0.13621938526709731,-0.09146322985769723,238.91678128177173,-0.7728871400906612,Stage 4 — Declining,226.2002087761374,294.65322031951115,False,213.73506702697122,0.363537558891059,1.2608713733979418,185022019.64185104,226.00257507324218,False,-4.339074959237643,False,-22.434242258093573,False,True,False,False,False,False,False,False,239.18946400960286,245.22810897827148,False,2.590867668517245,3,1.2236041492322058,17.000386237662678,0.38546586269088773,False,257.932151193146,0.009720671708901202,0.012172838168143947,False,12.855894880357654,22.0,True,False,1,False,False,False,False,True,False,True,False,2,False,False,,Campus Activewear Ltd.,Consumer Durables,EQ,INE278Y01022,SELL,Stage 4 takes precedence: the guide requires SELL regardless of RS.
CANFINHOME,2026-08-24,810.0999755859375,-0.04121170433467636,-0.07500470070417875,-0.07464039742694573,0.07015925626763453,-0.032381850106568535,853.3030809376338,-0.6026369094498385,Stage 4 — Declining,853.0664385627298,962.6932158005569,False,696.853694665742,0.6693618176605327,1.122604991114469,147685920.94156188,852.9964855957031,True,-5.063043403549361,False,-15.850661218976791,False,False,False,False,False,False,False,False,854.7608337402344,864.7831103515625,False,2.1342178055013252,1,0.6451549828202147,15.076790058648504,0.5993458432867114,False,940.8499755859375,0.03445511183072028,0.04003540771606025,False,16.139983204595175,35.0,True,False,0,False,False,False,False,False,False,True,False,1,False,False,,Can Fin Homes Ltd.,Financial Services,EQ,INE477A01020,SELL,Stage 4 takes precedence: the guide requires SELL regardless of RS.
CANBK,2026-08-25,128.80999755859375,-0.004793129827598497,-0.16278138890927518,-0.10512370881134425,0.22274534160770942,-0.010949203153621405,132.4931287373582,-0.8866879353379153,Stage 4 — Declining,128.35862836650773,157.68821233301085,False,100.24320213506238,0.6335739752078978,2.1504041210917992,1951802750.0188255,128.2692008972168,False,-2.7798658042603397,False,-18.313489858982734,False,True,False,False,False,False,False,False,132.902780863444,135.86705978393556,True,2.021804819629592,3,0.5891828466054733,11.61153203142462,0.42905578790956833,False,136.3300018310547,0.005455369381558108,0.006615632246604448,False,5.838059479071256,39.0,True,False,1,False,False,True,False,True,False,True,False,3,False,False,,Canara Bank,Financial Services,EQ,INE476A01022,SELL,Stage 4 takes precedence: the guide requires SELL regardless of RS.
CANHLIFE,2026-08-24,154.6999969482422,,,,,,144.11026972940525,0.4123758217577933,Stage 2 — Advancing,145.68401321710326,,False,,0.5057890382596553,2.2620850663850933,96963854.93445511,145.80694396972658,False,7.348350147925742,False,,True,True,True,True,False,False,False,False,144.02622751871743,140.8121244430542,False,2.772467081842996,3,1.098582303149726,19.881211120227253,0.29384144956093694,False,166.24617118007782,0.006579688749167637,,False,7.463590471626591,,True,False,4,True,True,False,True,True,False,False,False,4,False,False,,Canara HSBC Life Insurance Company Ltd.,Financial Services,EQ,INE01TY01017,WAIT,Stage 2 + RS unavailable; wait for a clearer entry trigger; no breakout setup is present.
CRAMC,2026-08-25,256.54998779296875,,,,,,250.12429840923988,-0.3717965742255247,Stage 3 — Topping,255.92829206878065,,False,,0.35678013169721234,0.7615878987267262,78683585.42358628,256.0761947631836,False,2.568998463801986,False,,True,True,True,False,False,False,False,False,250.4157416788737,261.49761390686035,False,2.3206283951731295,1,1.1106183740999893,18.1299030632298,0.31454286671367715,False,294.0,0.010865421743434333,,False,14.597549791057762,,True,False,3,False,False,False,False,True,False,False,False,1,False,False,,Canara Robeco Asset Management Company Ltd.,Financial Services,EQ,INE218I01013,REDUCE,Stage 3 with RS unavailable; the guide requires REDUCE when RS is 50 or higher.
CAPILLARY,2026-08-25,510.3999938964844,,,,,,526.412328432684,-1.334581591345274,Stage 4 — Declining,510.471565396178,,False,,0.16812372264921666,2.5081862927008087,675854709.7246643,510.70899658203126,True,-3.041785625324178,False,,False,False,False,False,False,False,False,False,528.9113330078125,,False,4.276757007428555,1,1.3290792157481004,21.158356084440612,0.28629954201851143,False,597.4000244140625,0.021616493687019397,,False,17.045460728438577,,True,False,0,False,False,False,False,False,False,False,False,0,False,False,,Capillary Technologies India Ltd.,Information Technology,EQ,INE0ILV01024,SELL,Stage 4 takes precedence: the guide requires SELL regardless of RS.
CAPLIPOINT,2026-08-24,2496.10009765625,0.23325668923047815,0.4603787219190447,0.30317040260776174,0.1551138627094628,0.2770352731394451,2059.3629411368534,2.432879108324104,Stage 2 — Advancing,2544.6999990425857,2699.0,False,1497.3339696999908,1.7597201857415459,0.8352575608654217,249202990.5588623,2548.3019970703126,True,21.207391266267027,True,-7.517595492543538,True,False,True,True,False,False,False,False,2049.9082584635416,2012.8953540039063,True,3.2991462602752715,2,1.0686082288571979,13.842167382595406,0.8037247347579866,False,2699.0,0.10616394346045063,0.11498903289475841,False,8.128676511581645,81.0,True,True,4,True,True,True,True,False,True,True,True,7,False,False,,Caplin Point Laboratories Ltd.,Healthcare,EQ,INE475E01026,WAIT,"Stage 2 + RS 81; wait because price is more than 20% above the 30-week line (currently +21%) — the guide treats that as poor entry timing, not a failed trend."
CGCL,2026-08-25,239.6699981689453,0.26608554836322695,0.41123473817875134,0.27416262834701643,0.26683170065663564,0.2968800327817715,198.89712357194458,1.8036665479436609,Stage 2 — Advancing,233.43039329379212,264.5299987792969,False,151.10000610351562,2.5435343584428716,1.5177123741842273,942520747.4672867,233.74140106201173,False,20.49947926082123,True,-9.397800145567913,True,True,True,True,False,False,False,False,198.11646697998046,195.12025032043456,True,3.4869369679463738,2,1.7389068116368367,18.969490381938687,1.0004632405744183,False,264.5299987792969,0.010150519326686541,0.011143369796194522,False,10.372595986264233,84.0,True,True,5,True,True,True,True,True,True,True,True,8,True,False,,Capri Global Capital Ltd.,Financial Services,EQ,INE180C01042,WAIT,"Stage 2 + RS 84; wait because price is more than 20% above the 30-week line (currently +20%) — the guide treats that as poor entry timing, not a failed trend."
CARBORUNIV,2026-08-24,1122.199951171875,0.0643664711887213,0.33579828811767265,0.35392100197431375,0.2162130571822003,0.20693305793032588,972.372504665427,2.2450242758535133,Stage 2 — Advancing,1113.9300369561888,1303.7913206843634,False,733.4511840295453,0.7632874328710814,2.52054647717138,276146152.4541138,1114.9413452148438,False,15.408441290511444,False,-13.927947412410347,True,True,True,True,False,False,False,False,967.7281188964844,938.8963513183594,True,4.61656922827858,2,0.5037582306564528,20.766699919861882,1.1892302343330117,False,1303.7913206843634,0.04772932474919455,0.05352297248146176,False,16.181730298852614,75.0,True,True,5,True,True,True,True,True,True,True,True,8,True,False,,Carborundum Universal Ltd.,Capital Goods,EQ,INE120A01034,HOLD,Stage 2 + RS 75; trend/leadership is adequate without a stronger entry trigger.
CARTRADE,2026-08-25,3144.800048828125,0.757853576762507,0.7670394645779339,0.017240837401948816,0.31603612332983433,0.5232047157669463,2202.9438292620935,0.9639942944588586,Stage 2 — Advancing,2769.990181717218,3290.5,False,1600.0,0.5044068328638946,1.1928888871448684,1459068839.842334,2777.713984375,False,42.75443645249544,True,-4.427897011757331,True,True,True,True,False,False,False,False,2211.1759944661458,2381.6049926757814,True,3.028354153444315,1,1.2309150941950824,24.913385826771652,0.4078186498005612,False,3175.0,0.13318877589214584,0.13642501710188484,False,0.9603138737907635,93.0,True,True,5,True,False,True,True,True,True,True,True,7,False,False,,Cartrade Tech Ltd.,Consumer Services,EQ,INE290S01011,WAIT,"Stage 2 + RS 93; wait because price is more than 20% above the 30-week line (currently +43%) — the guide treats that as poor entry timing, not a failed trend."
CASTROLIND,2026-08-25,186.8800048828125,0.05674417127800946,0.06346942502218789,0.03677735902723467,-0.0420519292840158,0.03433663946428513,177.7073935939841,0.49717329486074213,Stage 2 — Advancing,181.3310531915403,198.22517212749622,False,164.60383017436243,0.5604753638930036,3.4477139508754413,599380415.6259842,181.36929138183595,False,5.1616373991649755,False,-5.723373637625917,True,True,True,True,False,False,False,False,177.59782786051431,177.65709991455077,False,1.2292261855382087,2,0.9569417026332554,7.286415588483636,1.0805049704556906,False,190.89999389648438,0.007914754102835611,0.008409850715797362,False,2.1511070786800923,50.0,True,True,5,True,False,False,True,True,False,True,False,4,False,False,,Castrol India Ltd.,Oil Gas & Consumable Fuels,EQ,INE172A01027,HOLD,Stage 2 + RS 50; trend/leadership is adequate without a stronger entry trigger.
CEATLTD,2026-08-24,3565.89990234375,0.10615281117294217,-0.03244684674181153,-0.05525902437244845,0.13119715202674365,0.05115938065167361,3506.2535835161602,-0.154740483631155,Stage 3 — Topping,3571.1811331954655,4393.1588210528225,False,2970.1830499993857,0.2454723052339408,2.4119425624024333,305914632.42163086,3574.1969970703126,True,1.7011410443329877,False,-18.83061715740155,True,False,True,False,False,False,False,False,3510.941940104167,3589.5623608398437,False,2.45860530464533,2,1.675153251745281,16.981937295079817,0.3054500715507312,False,3945.7257202072483,0.1516645890817889,0.17929129202358526,False,10.651611886633482,53.0,True,True,3,False,False,False,False,False,False,True,False,1,False,False,,Ceat Ltd.,Automobile and Auto Components,EQ,INE482A01020,REDUCE,Stage 3 with RS 53; the guide requires REDUCE when RS is 50 or higher.
CELLO,2026-08-25,354.5,-0.06420630960457951,-0.13982484684391694,-0.39577543148881067,-0.3350088268534188,-0.19980434487906107,401.1533245218211,-1.9982432833495434,Stage 4 — Declining,364.9559900620404,670.829945323981,False,335.1163076757402,0.1360577502319503,3.7523935739531344,891082236.5891892,364.4954644775391,True,-11.629798800105263,False,-47.15501261220647,False,False,False,False,False,False,False,False,404.54034891764326,444.45577423095705,False,3.5976227747440435,2,0.9936902788989953,18.024384128539815,0.3090685502416723,False,408.79998779296875,0.01501380702132716,0.02753179727422853,False,15.317344934546906,7.0,True,False,0,False,False,False,False,False,False,False,False,0,False,False,,Cello World Ltd.,Consumer Durables,EQ,INE0LMW01024,SELL,Stage 4 takes precedence: the guide requires SELL regardless of RS.
CEMPRO,2026-08-25,1279.9000244140625,0.45823675444879464,1.1767183455934025,0.662467426316286,0.6785602306740557,0.6868439022962667,953.5207753638699,4.461457687198389,Stage 2 — Advancing,1367.3411793428309,1649.199951171875,False,502.01526853255285,0.16749308866071652,1.5495147659845367,612951246.139087,1371.44400390625,True,34.22885557219706,True,-22.392671458387948,True,False,True,True,False,False,False,False,944.8995458984375,905.1299105834961,True,4.177223587347116,3,0.8080226124351723,30.038801662086684,0.4456327700978876,False,1649.199951171875,0.05420640895104275,0.07021194828567799,False,28.85381043155131,96.0,True,True,4,True,True,True,True,False,True,True,True,7,False,False,,Cemindia Projects Ltd.,Construction,EQ,INE686A01026,WAIT,"Stage 2 + RS 96; wait because price is more than 20% above the 30-week line (currently +34%) — the guide treats that as poor entry timing, not a failed trend."
CENTRALBK,2026-08-24,31.209999084472656,-0.0019188158750448325,-0.1946920537802851,-0.15650503461967946,-0.10506300590680373,-0.0920195452113716,33.7339237291519,-1.0873675962623564,Stage 4 — Declining,31.86098035176595,40.260706628503506,False,29.31999969482422,0.5128655838025052,1.116506619678637,146170883.27203846,31.8607999420166,True,-7.481859107003719,False,-22.480250104758948,False,False,False,False,False,False,False,False,33.8077317682902,34.55966498374939,False,1.1603432183473972,3,0.2923177991312212,11.484916290737909,0.3458534615930747,False,34.47999954223633,0.0013274213567459954,0.0017017594022940917,False,10.477412860260337,22.0,True,False,0,False,False,False,False,False,False,True,False,1,False,False,,Central Bank of India,Financial Services,EQ,INE483A01010,SELL,Stage 4 takes precedence: the guide requires SELL regardless of RS.
CDSL,2026-08-25,1394.800048828125,0.15617145438252678,0.060840435187564657,-0.10582351681704472,-0.08715020859119793,0.0360419237088751,1284.2648992669092,-0.029608450994766944,Stage 3 — Topping,1345.3269473805146,1658.570789743815,False,1106.2094182590258,0.5754670141100893,1.2280890272357357,1622435532.9440064,1347.182001953125,False,8.6068808408851,False,-15.903496103198133,True,True,True,False,False,False,False,False,1285.41296875,1341.3888055419923,False,1.822075261753643,2,0.6543395765553998,13.068615165068199,0.719456428644777,False,1439.964864159402,0.0590726622466662,0.06888926562710396,False,3.238085298980553,50.0,True,True,4,True,False,False,True,True,False,True,False,4,False,False,,Central Depository Services (India) Ltd.,Financial Services,EQ,INE736A01011,REDUCE,Stage 3 with RS 50; the guide requires REDUCE when RS is 50 or higher.
CENTURYPLY,2026-08-24,744.9500122070312,-0.02830497817255817,-0.012984415757494205,-0.010493409889211658,0.011244583888173398,-0.013768639620729762,757.2650689948096,0.07958917105017616,Stage 1 — Basing,770.4901972751992,859.0,False,618.5,2.5457583968446653,0.7890665993610393,83920137.91016236,770.8730017089844,True,-1.6262544374488708,False,-13.277064935153525,False,False,True,True,False,False,False,False,756.7483337402343,767.3040008544922,True,2.573998915011205,2,1.0995079018720837,11.231884057971014,0.914363864951701,False,828.0,0.031684158440228025,0.03598662007752038,False,11.14839740010476,38.0,True,False,2,False,False,True,True,False,False,True,False,3,False,False,1.0,Century Plyboards (India) Ltd.,Consumer Durables,EQ,INE348B01021,AVOID,Stage 1 + RS 38; weak RS in a basing stage is AVOID.
CERA,2026-08-24,5793.0,0.02660887667494749,0.17326733113877624,0.06582091394548706,-0.10241500054358676,0.0379781995781143,5503.203870799443,0.9343369216236574,Stage 2 — Advancing,6157.71875,6663.070811519553,False,4410.181828561342,0.3295327582951883,0.5023602633873538,75340605.675,6157.121904296875,True,5.265952997639145,False,-13.058105431137212,True,False,True,True,True,True,False,False,5489.2584375,5453.287446289062,True,2.8408670562994747,3,0.7641517021278472,15.204263021910105,0.5164978100761437,False,6663.070811519553,0.24638744457558454,0.283101598001086,False,15.019347687200991,50.0,True,True,4,True,True,True,True,False,True,True,False,6,False,False,,Cera Sanitaryware Ltd,Consumer Durables,EQ,INE739E01017,REDUCE,Stage 2 + RS 50; distribution warning (U/D 0.50) triggers REDUCE.
CHALET,2026-08-24,869.5499877929688,0.09370479987907365,0.030577763310185135,-0.014450867251957544,-0.14609511941997766,0.011488275279279446,801.810276397287,-0.15201900228262177,Stage 3 — Topping,828.0745143516391,1068.9158300195356,False,691.3499755859375,1.9013731993715548,1.4991018080152327,97234055.45629272,829.6490051269532,False,8.448346621354297,False,-18.651219920928973,True,True,True,False,False,False,False,False,803.1050024414062,823.2419345092774,False,2.711583505878637,3,0.7750927359268365,14.654242902231177,0.688932089894894,False,879.9500122070312,0.0369836353224651,0.045505078861975204,False,1.1960237548227726,45.0,True,False,3,True,False,False,True,True,False,True,False,4,False,False,,Chalet Hotels Ltd.,Consumer Services,EQ,INE427F01016,SELL,Stage 3 + RS 45; RS below 50 in Stage 3 triggers SELL.
CHAMBLFERT,2026-08-24,430.95001220703125,-0.039469158217887546,-0.046389977315467346,-0.008392803512083602,-0.21385220586033027,-0.06951466062473126,444.49972032520867,0.08535587952684942,Stage 1 — Basing,450.9313222847733,566.8733711713968,False,394.4382907843191,0.6895896623191848,0.7752055098125762,188138336.6725052,450.59394104003906,True,-3.0483052066408667,False,-23.97772869159318,False,False,True,True,False,False,False,False,443.9462255859375,444.71192291259763,False,1.5912965239584802,3,0.624043993532228,14.604255180664124,0.45832068691431416,False,491.1854503649876,0.018329133824876127,0.024325063909977712,False,13.977360819523277,27.0,True,False,2,False,False,False,True,False,False,True,False,2,False,False,3.0,Chambal Fertilizers & Chemicals Ltd.,Chemicals,EQ,INE085A01013,AVOID,Stage 1 + RS 27; weak RS in a basing stage is AVOID.
CHENNPETRO,2026-08-25,1401.199951171875,0.4188857944916433,0.6075563606434158,0.44669025380912175,1.2301224868056386,0.6244281380482926,1039.9280830278788,3.870656789914184,Stage 2 — Advancing,1192.6290690104167,1489.699951171875,False,608.2468069995422,0.29050184877128843,3.5272078448701447,3758340882.672577,1193.8026391601563,False,34.7400819383691,True,-5.94079364306761,True,True,True,True,False,False,False,False,1033.1240470377604,991.9571139526367,True,5.169695198915402,1,1.2891530264790476,30.531566093230794,1.2022882387549423,False,1489.699951171875,0.059343711326340115,0.06158760709065359,False,6.316015064515534,95.0,True,True,5,True,True,True,True,True,True,True,True,8,True,False,,Chennai Petroleum Corporation Ltd.,Oil Gas & Consumable Fuels,EQ,INE178A01016,WAIT,"Stage 2 + RS 95; wait because price is more than 20% above the 30-week line (currently +35%) — the guide treats that as poor entry timing, not a failed trend."
CHOICEIN,2026-08-25,788.75,0.1442768228176743,0.045117248234028295,0.01089394424863821,-0.01939451241304946,0.06503406514099312,727.6775832603718,0.07011831254351009,Stage 2 — Advancing,789.8264686734069,860.5,False,568.7000122070312,0.3924088110796121,1.055956400966679,409573701.36762697,791.4289978027343,True,8.39278523133724,False,-8.338175479372456,True,False,True,True,False,False,False,False,729.7129972330729,746.2274978637695,False,1.9434002769838126,2,0.6755495815446316,17.476295203828347,0.38358577204453376,False,854.2999877929688,0.03340519122164118,0.03597957632754474,False,8.31061651891838,56.0,True,True,4,True,False,False,True,False,True,True,False,4,False,False,,Choice International Ltd.,Financial Services,EQ,INE102B01014,HOLD,Stage 2 + RS 56; trend/leadership is adequate without a stronger entry trigger.
CHOLAHLDNG,2026-08-24,1548.4000244140625,-0.030516524143969548,-0.06778416999710435,-0.1514963059348332,-0.16803264092211245,-0.08966923302839783,1591.7556035290027,-0.7023875371411359,Stage 4 — Declining,1592.945987477022,2062.371871375786,False,1303.9706528841405,0.5524091695964979,1.2049530618955338,344541630.1750244,1593.4776391601563,True,-2.7237585354698113,False,-24.921395316493456,False,False,True,False,False,False,False,False,1594.204677734375,1663.7734594726562,False,3.6941457512828366,1,1.9020164360949603,18.600831965522726,0.8904443764794568,False,1720.0421200778292,0.06585643452376205,0.08591718907807086,False,11.085126127450074,23.0,True,False,1,False,False,False,False,False,False,True,False,1,False,False,,Cholamandalam Financial Holdings Ltd.,Financial Services,EQ,INE149A01033,SELL,Stage 4 takes precedence: the guide requires SELL regardless of RS.
CHOLAFIN,2026-08-25,1873.0,0.1777093884838108,0.06795990679060337,0.11257682693327031,0.24230621655257378,0.15565234544881382,1660.3198058245932,0.8925822163122987,Stage 2 — Advancing,1810.915376551011,1952.5,False,1298.889892127893,0.28725193976107155,1.725489474044142,2379351246.38952,1813.5388793945312,False,12.809592069509756,False,-4.071702944942379,True,True,True,True,False,False,False,False,1659.8939135742187,1671.9097619628906,True,2.2065435646236935,2,0.60771702201014,14.962977310880781,0.390480344696312,False,1952.5,0.07932541763313335,0.08175495276422576,False,4.244527495995731,70.0,True,True,5,True,False,True,True,True,True,True,True,7,False,False,,Cholamandalam Investment and Finance Company Ltd.,Financial Services,EQ,INE121A01024,HOLD,Stage 2 + RS 70; trend/leadership is adequate without a stronger entry trigger.
CIPLA,2026-08-25,1422.0,0.015164074716758513,0.06629564402330113,-0.04786696156656578,-0.10358445434423214,-0.010965524490795953,1354.7467367093857,0.3103749324538496,Stage 2 — Advancing,1437.0215681487439,1657.4505258313652,False,1154.8655900414417,0.5997504721064684,0.8768437803352367,1277531416.593329,1438.2980004882813,True,4.964268336528299,False,-14.205583947265332,True,False,True,True,False,False,False,False,1354.5061588541666,1387.272389526367,False,1.4612229684282072,2,0.433522892091519,10.065717576504738,0.47167098655976486,True,1491.199951171875,0.060224636345069735,0.07009887918734235,False,4.866381938950415,39.0,True,False,3,True,False,False,True,False,False,True,False,3,False,False,,Cipla Ltd.,Healthcare,EQ,INE059A01026,WAIT,Stage 2 + RS 39; wait because the close is below its 50-session average — short-term timing has weakened even though the 30-week trend is intact.
CUB,2026-08-25,221.60000610351562,0.1934163628981289,0.028573140508510786,0.08916353092070262,0.4573629766343703,0.19238647477196832,201.75180701686912,0.4024618399643298,Stage 2 — Advancing,213.5450059479358,243.10249441139,False,143.77801388003246,1.2780527977539666,0.626296116333576,717701521.5284088,213.7450442504883,False,9.837928779982086,False,-8.845029895697742,True,True,True,True,True,False,False,False,201.86727396647134,202.668313369751,True,3.2948684375085024,1,1.3034470825481237,20.71480779534799,0.7403692769224925,False,243.10249441139,0.009385217849261225,0.010206822591184038,False,9.70328868033965,74.0,True,True,5,True,False,True,True,True,True,True,True,7,False,False,,City Union Bank Ltd.,Financial Services,EQ,INE491A01021,REDUCE,Stage 2 + RS 74; distribution warning (U/D 0.63) triggers REDUCE.
CLEAN,2026-08-24,828.25,0.09455528827637028,0.14131181764912637,-0.13002831597157227,-0.27791677224724165,-0.015504538803389402,769.7819343462382,-0.2174564382793842,Stage 3 — Topping,778.461763269761,1214.8916309826711,False,652.0,0.6709227900678544,4.306376313111639,458118252.9042786,778.1989990234375,False,7.595406315090725,False,-31.82519503158764,True,True,True,False,False,False,False,False,772.2112353515626,803.0375308227539,False,2.9623560864128327,2,0.5359671421456202,16.257024864824707,0.9764353345026106,False,854.4000244140625,0.035227067317405124,0.051979235772796,False,3.1572622292861396,38.0,True,False,3,True,False,False,False,True,False,False,False,2,False,False,,Clean Science and Technology Ltd.,Chemicals,EQ,INE227W01023,SELL,Stage 3 + RS 38; RS below 50 in Stage 3 triggers SELL.
COALINDIA,2026-08-25,404.0,-0.10611979355694279,-0.0665820464080682,0.12095440557867843,0.12117997406043601,-0.007337450776567871,435.1344485348218,-0.1582437824100169,Stage 4 — Declining,421.63341387580425,484.77379016140435,False,349.5720248388532,1.345939654914542,1.5483623025955044,2923562833.578134,421.16598022460937,True,-7.155133003065428,False,-16.662161156549093,False,False,False,False,False,False,False,False,434.3802500406901,422.0011404418945,True,1.3171863690798489,2,0.6636317900523178,13.099862192065192,0.8962087666222668,False,455.4653166002557,0.017110234235870728,0.02174036718334125,False,12.738939752538524,40.0,True,False,0,False,True,True,False,False,False,True,False,3,False,False,,Coal India Ltd.,Oil Gas & Consumable Fuels,EQ,INE522F01014,SELL,Stage 4 takes precedence: the guide requires SELL regardless of RS.
COCHINSHIP,2026-08-25,1518.5,-0.00686723348593854,0.021114938423484553,-0.09537998136153847,-0.09257557844736863,-0.03611501767145993,1484.805119762682,-0.025058175034076147,Stage 3 — Topping,1453.6607809627758,1970.7277578579542,False,1187.0,0.7050827203477752,1.8313202268079691,1589998209.2147338,1454.1019970703126,False,2.2693133118172115,False,-22.947246571971704,True,True,False,False,False,False,False,False,1484.3914103190104,1520.060327758789,False,2.4765987208726306,2,0.9512561931236182,12.533850703679079,0.7302757793888703,False,1551.0,0.06431161061180618,0.08330900488476364,False,2.1402700032927324,34.0,True,False,2,False,False,False,False,True,False,True,False,2,False,False,,Cochin Shipyard Ltd.,Capital Goods,EQ,INE704P01025,SELL,Stage 3 + RS 34; RS below 50 in Stage 3 triggers SELL.
COFORGE,2026-08-25,1892.800048828125,0.36020290472432626,0.5677827282024734,0.040621980602165264,0.08295606475435302,0.28235331660152885,1413.147976809985,0.9101827763547288,Stage 2 — Advancing,1608.4659423828125,1975.809187899259,False,1003.4540055816377,0.3921792739593207,2.7626894295279367,4526102865.694287,1611.4742749023437,False,33.94209805974447,True,-4.201273057110944,True,True,True,True,False,False,False,False,1419.7328002929687,1509.8060137939453,True,2.1604429843227693,2,0.8885129374394813,28.665715862072243,0.5689111490980778,False,1900.800048828125,0.0801639905869227,0.08240280897974114,False,0.42265425790499744,82.0,True,True,5,True,False,True,True,True,True,True,True,7,False,False,,Coforge Ltd.,Information Technology,EQ,INE591G01025,WAIT,"Stage 2 + RS 82; wait because price is more than 20% above the 30-week line (currently +34%) — the guide treats that as poor entry timing, not a failed trend."
COHANCE,2026-08-24,448.75,0.07215389580173492,0.4496850838195805,-0.2124429455708432,-0.4927659163465834,-0.02224319729887525,395.5955478197908,0.5766969884552386,Stage 2 — Advancing,440.8431360581342,1038.9000244140625,False,266.70001220703125,0.6006709779880394,4.264709239710356,624858400.7799225,441.11999877929685,False,13.436564813015316,False,-56.80527582496746,True,True,True,True,False,False,False,False,395.63,433.59925003051757,False,4.774374424865699,3,0.5377993089636204,17.047089446314605,1.2155996752107425,False,486.29998779296875,0.019086201580061034,0.044437472717943474,False,8.367685302054317,36.0,True,False,4,True,False,False,True,True,True,False,False,4,False,False,,Cohance Lifesciences Ltd.,Healthcare,EQ,INE03QK01018,WAIT,Stage 2 + RS 36; wait because relative strength is below 50 — the trend has turned up but the stock still lags most of the universe.
COLPAL,2026-08-25,1876.800048828125,-0.09445665205758158,-0.16361668672931784,-0.12399112022846459,-0.1591631240643997,-0.12713684702746908,2045.5555762722067,-0.5687044451320289,Stage 4 — Declining,2023.7568694469976,2448.345479475883,False,1761.237851420491,0.5059192336322942,0.6475411781249687,848560252.6804565,2022.2940087890624,True,-8.249862746414326,False,-23.344149567082695,False,False,False,False,True,False,False,False,2047.5600968424478,2062.156649169922,False,1.5143557958151448,2,1.1262995608938264,15.903130634322244,0.8696267906064037,False,2213.39990234375,0.0794863575478783,0.10560290135086939,False,17.934774337084992,15.0,True,False,0,False,False,False,False,False,False,True,False,1,False,False,,Colgate Palmolive (India) Ltd.,Fast Moving Consumer Goods,EQ,INE259A01022,SELL,Stage 4 takes precedence: the guide requires SELL regardless of RS.
CAMS,2026-08-25,749.9500122070312,-0.017428060072349538,0.05952572198582229,-0.02424826849700079,-0.006603117798948843,-0.0012363568909652838,739.767687235793,0.5164226338829625,Stage 2 — Advancing,779.6479707605698,837.8765073351432,False,606.3175046422562,0.652464404178437,0.9061231316344797,995230523.941809,779.5286389160157,True,1.3764219696166258,False,-10.493968306589851,True,False,True,True,False,False,False,False,738.44638671875,741.0156707763672,True,2.058971770079263,3,0.907708195402676,11.144681064780421,0.9499543801958329,False,829.0504862914582,0.03176193161895152,0.03587820145273262,False,10.547432868444373,42.0,True,False,3,True,False,True,True,False,False,True,False,4,False,False,,Computer Age Management Services Ltd.,Financial Services,EQ,INE596I01020,WAIT,Stage 2 + RS 42; wait because the close is below its 50-session average — short-term timing has weakened even though the 30-week trend is intact.
CONCORDBIO,2026-08-25,1548.0,0.37580070595242554,0.26514648153402454,0.11058967445064583,-0.08809521789198471,0.20784846999950737,1215.965278939025,1.3777937936530371,Stage 2 — Advancing,1359.2186686197917,1719.7031387733275,False,981.1254498447715,0.3209336364429767,2.3740491658777056,332298549.61950684,1359.0706958007813,False,27.306266618952122,True,-9.984463882284022,True,True,True,True,False,False,False,False,1216.670496826172,1256.6994668579102,False,3.3997793046254965,2,1.3118725351126446,23.343653250773993,0.6408389306793894,False,1615.0,0.06556099652754427,0.07430362198447751,False,4.3281653746769955,75.0,True,True,5,True,False,False,True,True,True,True,True,6,False,False,,Concord Biotech Ltd.,Healthcare,EQ,INE338H01029,HOLD,Stage 2 + RS 75; trend/leadership is adequate without a stronger entry trigger.
CONCOR,2026-08-25,516.0,0.010794658303063143,0.033707598642410685,0.016691727759029718,-0.038050518669000444,0.006787624867713248,487.739068018247,0.2744098240150761,Stage 2 — Advancing,493.19421506395526,561.4378970396333,False,420.16557890015895,0.26106517509273924,1.0791038557218742,767796363.2321136,493.8193420410156,False,5.7942727648578884,False,-8.09312967279544,True,True,True,True,False,False,False,False,487.72608256022136,493.0857861328125,False,2.262598757992023,1,1.3682800327416682,17.77022425436946,0.6972058929035867,False,543.7000122070312,0.021853665509181424,0.02378637062412109,False,5.368219419967302,44.0,True,False,4,True,False,False,True,True,False,True,False,4,False,False,,Container Corporation of India Ltd.,Services,EQ,INE111A01025,WAIT,Stage 2 + RS 44; wait because relative strength is below 50 — the trend has turned up but the stock still lags most of the universe.
COROMANDEL,2026-08-25,1913.5999755859375,0.040164637877487586,-0.17115402083761388,-0.16539497060873276,-0.1953580752090881,-0.09031555818009192,2031.9985535504068,-0.767694612555514,Stage 4 — Declining,2034.947270412071,2486.7668094210435,False,1704.8401341065546,2.2530643797439702,0.760769180483829,256801928.05654296,2034.49228515625,True,-5.826705819135425,False,-23.04867636417215,False,False,True,False,False,False,False,False,2037.919568684896,2099.940797119141,False,2.303061535177638,2,1.212665250080586,10.96764468877485,0.5385632886998224,False,2129.89990234375,0.08104491043572251,0.10366836116236784,False,11.303298992339418,23.0,True,False,1,False,False,False,False,False,False,True,False,1,False,False,,Coromandel International Ltd.,Chemicals,EQ,INE169A01031,SELL,Stage 4 takes precedence: the guide requires SELL regardless of RS.
CRAFTSMAN,2026-08-25,10375.0,0.19501419023109645,0.3326055681313098,0.47951294445009607,0.5188858891941006,0.3442065564475399,8518.903263065733,2.361395319231696,Stage 2 — Advancing,9736.321231617647,10960.0,False,6316.2925601072975,0.3022247511077087,2.540782653531982,665469046.725,9744.75498046875,False,21.78797762596385,True,-5.337591240875916,True,True,True,True,False,False,False,False,8482.827330729167,8151.716677246094,True,3.122203098106713,3,0.91995000457094,18.38882281438914,0.4761668317683909,False,10960.0,0.43940267375534353,0.4639704426799793,False,5.638554216867475,86.0,True,True,5,True,True,True,True,True,True,True,True,8,True,False,,Craftsman Automation Ltd.,Automobile and Auto Components,EQ,INE00LO01017,WAIT,"Stage 2 + RS 86; wait because price is more than 20% above the 30-week line (currently +22%) — the guide treats that as poor entry timing, not a failed trend."
CREDITACC,2026-08-24,1442.300048828125,0.13157074882658404,0.12741342435600833,0.03591179935825184,0.03124558415917278,0.0915424611053202,1353.3609644223566,1.0829785489337551,Stage 2 — Advancing,1509.0451013901654,1634.0,False,1113.0,1.4531475348377554,0.7069007259523935,399055030.66778564,1511.7260034179687,True,6.5717193523259,False,-11.731943156173497,True,False,True,True,False,False,False,False,1352.8026717122395,1343.280503540039,True,2.5811949940932633,2,0.9965856950658726,17.129744456184977,0.5470189361334582,False,1634.0,0.061343798263767055,0.06911154603932185,False,13.291267051376177,60.0,True,True,4,True,True,True,True,False,False,True,False,5,False,False,,CreditAccess Grameen Ltd.,Financial Services,EQ,INE741K01010,HOLD,Stage 2 + RS 60; trend/leadership is adequate without a stronger entry trigger.
CRIZAC,2026-08-24,173.41000366210938,-0.1484064258511142,-0.2242898622463435,-0.3072354124768115,-0.4905737342270625,-0.26378237213048916,209.38090870478382,-1.786194289290055,Stage 4 — Declining,193.15921559053308,375.5949132544453,False,170.2899932861328,0.3251208351768982,1.2839548299829224,66276042.97759934,192.67959991455078,True,-17.179648930357615,False,-53.83057716102948,False,False,False,False,False,False,False,False,209.67313751220703,224.8827516937256,False,3.223160957512846,2,0.7677461951707731,23.29279581705729,0.5709160241103086,False,222.0,0.007375461361323992,0.01583708833733756,False,28.020296010470403,3.0,True,False,0,False,False,False,False,False,False,False,False,0,False,False,,Crizac Ltd.,Consumer Services,EQ,INE0S4R01014,SELL,Stage 4 takes precedence: the guide requires SELL regardless of RS.
CROMPTON,2026-08-25,243.0,-0.1621041470700304,-0.06599908390159392,-0.07216579174865567,-0.23839446009344767,-0.14015352597675163,257.3926958057978,0.17495507937970167,Stage 1 — Basing,258.8898141898361,333.48929694526095,False,214.8165151621269,1.1634090169734086,0.5048368253361675,1035776196.1973267,258.83652160644533,True,-5.591726587555179,False,-27.134093289990624,False,False,True,True,True,True,False,False,256.59460805257163,256.6997097015381,False,2.9497342835728526,1,1.2733495907620351,13.645200760357623,1.1377689167206273,False,278.15477433010466,0.0102915517804866,0.014580160055112338,False,14.466985321030723,14.0,True,False,2,False,False,False,True,False,False,False,False,1,False,False,1.0,Crompton Greaves Consumer Electricals Ltd.,Consumer Durables,EQ,INE299U01018,AVOID,Stage 1 + RS 14; weak RS in a basing stage is AVOID.
CUMMINSIND,2026-08-25,5239.5,-0.01840250150343048,0.07409942477777776,0.23094670338916856,0.3676021860996228,0.12716866225194162,5126.344855321597,1.6444834412131737,Stage 2 — Advancing,5492.523715150122,6049.821052103703,False,3729.269915688774,1.2173482444874013,0.5823123294618839,2585090737.725,5488.8458203125,True,2.20732603583893,False,-13.394132572267237,True,False,True,True,True,True,False,False,5095.083001302083,4896.022862548828,True,2.241217128133819,3,1.0764774524057341,13.250513468153521,1.0134859869792492,False,5859.400675684677,0.22190364425456602,0.2602783675469366,False,11.831294506816992,65.0,True,True,4,True,True,True,True,False,True,True,False,6,False,False,,Cummins India Ltd.,Capital Goods,EQ,INE298A01020,REDUCE,Stage 2 + RS 65; distribution warning (U/D 0.58) triggers REDUCE.
CUPID,2026-08-25,281.760009765625,1.2596840504356264,2.4132041108340725,3.1867518251857554,7.197847498454198,3.0634343070690555,145.6455474226442,10.09336366543061,Stage 2 — Advancing,225.4815673828125,299.0,False,32.86800003051758,0.30030464779911037,2.4902047970029653,8858315218.479567,226.69339874267578,False,93.45597222275156,True,-5.7658830215301045,True,True,True,True,False,False,False,False,143.87813283284504,127.5800496673584,True,5.90320203703032,1,1.119189125961305,48.16053511705686,1.0102501169644469,False,299.0,0.011933118231166008,0.012463384220206692,False,6.1186788887165555,99.0,True,True,5,True,True,True,True,True,True,True,True,8,True,False,,Cupid Ltd.,Fast Moving Consumer Goods,EQ,INE509F01029,WAIT,"Stage 2 + RS 99; wait because price is more than 20% above the 30-week line (currently +93%) — the guide treats that as poor entry timing, not a failed trend."
CYIENT,2026-08-25,979.0499877929688,0.06644518360775375,0.05070830716784491,-0.11285791097162812,-0.2024510151962723,-0.026342050356909598,902.2873292687821,-1.8365458877414698,Stage 3 — Topping,866.0274550494025,1267.736092444419,False,750.2999877929688,8.855074739281184,3.1354929757773298,756074465.1034424,865.1950036621093,False,8.507562506324406,False,-22.771782421593166,True,True,False,False,False,False,False,False,908.4036669921875,967.8922497558593,False,3.096660439522418,2,3.203084741722698,17.649139311725857,2.4521006341286538,False,989.0,0.04146478866278235,0.053720097781193646,False,1.0162925622889896,36.0,True,False,2,True,False,False,False,True,True,True,False,4,False,False,,Cyient Ltd.,Information Technology,EQ,INE136B01020,SELL,Stage 3 + RS 36; RS below 50 in Stage 3 triggers SELL.
DCBBANK,2026-08-25,207.3699951171875,0.1453620934382589,0.09320765250183194,0.15230491082401976,0.710780939864543,0.2494035380133825,183.68023953372486,0.24975109214639968,Stage 2 — Advancing,188.5717638801126,210.10000610351562,True,118.51625759687853,5.573017401789718,1.9112783094253187,386657783.6713791,188.66859924316407,False,12.897280427986946,False,-1.299386438372141,True,True,True,True,False,False,True,True,183.62753814697265,181.66126754760742,True,3.4121199730057583,1,3.53683563601007,15.135650703451217,2.2815726903360556,False,210.10000610351562,0.008782547499867443,0.008782547499867443,True,1.3164927668466886,79.0,True,True,5,True,True,True,True,True,True,True,True,8,True,False,,DCB Bank Ltd.,Financial Services,EQ,INE503A01015,WAIT,"Stage 2 + RS 79; wait because a breakout without leadership is not an entry: RS needs 80, short by 1."
DCMSHRIRAM,2026-08-24,1075.4000244140625,-0.02914886294396446,-0.0033335810949093325,-0.09844363766461939,-0.14156535109900226,-0.060328059149291985,1081.6613911667914,-0.5600314914617877,Stage 4 — Declining,1030.0944118125765,1400.4767744012483,False,941.5197177909594,1.3638505388472233,5.004188153136183,263836224.36279297,1029.813709716797,False,-0.5788656971452699,False,-23.211862983316323,False,True,False,False,False,False,False,False,1082.2188826497395,1115.5354583740234,False,2.6774096582331324,1,2.9648673149227474,18.081254691695754,1.2726089031175123,False,1183.0014875578156,0.04573883374968101,0.058268572315660974,False,10.005715147940442,29.0,True,False,1,False,False,False,False,True,False,True,False,2,False,False,,DCM Shriram Ltd.,Diversified,EQ,INE499A01024,SELL,Stage 4 takes precedence: the guide requires SELL regardless of RS.
DLF,2026-08-25,682.9500122070312,0.16752386654393336,0.13142079829026776,-0.041280421877799345,-0.10424302954533426,0.06418901599100017,605.7314818917888,0.5837954177297489,Stage 2 — Advancing,648.8907530541513,784.9450504063134,False,483.3317854758361,0.5078686108125001,1.4973934813121241,2168835237.037317,649.4386254882812,False,12.747980354938404,False,-12.993908063562687,True,True,True,True,False,False,False,False,605.5929180908203,628.19413772583,False,2.175437632461313,2,1.164058641950226,12.757154669372877,0.7112501717024993,False,689.0,0.02892434326795316,0.033248528927758286,False,0.8858609978521725,55.0,True,True,5,True,False,False,True,True,True,True,False,5,False,False,,DLF Ltd.,Realty,EQ,INE271C01023,HOLD,Stage 2 + RS 55; trend/leadership is adequate without a stronger entry trigger.
DOMS,2026-08-24,2201.699951171875,-0.000998208298632508,-0.06889120348334532,-0.12575443275594878,-0.10894778892028512,-0.061117968351368845,2282.093792093211,-0.7353121444650279,Stage 4 — Declining,2269.6313859528186,2766.640003932077,False,2023.9000244140625,0.05310482328899846,0.6085010194886715,106230593.0557129,2269.624013671875,True,-3.5228105523040787,False,-20.419716766810392,False,False,False,False,True,False,False,False,2288.477998046875,2354.867998046875,False,1.4998136855271176,4,0.39700703375123103,9.488139825218477,0.09833170922724807,False,2403.0,0.09364253835515753,0.11783415960117295,False,9.142937425282739,29.0,True,False,0,False,False,False,False,False,False,True,False,1,False,False,,DOMS Industries Ltd.,Fast Moving Consumer Goods,EQ,INE321T01012,SELL,Stage 4 takes precedence: the guide requires SELL regardless of RS.
DABUR,2026-08-25,395.04998779296875,-0.10515418137079335,-0.2284294898884015,-0.22205475413260567,-0.2242816829296881,-0.1770148579384564,444.0155188155501,-1.5242086719403747,Stage 4 — Declining,420.8233313466988,566.6192163890048,False,392.1499938964844,1.7051860923066997,0.3795683660311397,849555561.8689789,420.64233459472655,True,-11.02788730294858,False,-30.27945816759019,False,False,False,False,True,True,False,False,445.7697387695313,460.1966242980957,False,1.2394467511146554,2,1.195537879183764,12.886524468332494,0.6601396806563163,False,450.15996836669655,0.016731182737662293,0.02378460666138807,False,13.950128408207663,9.0,True,False,0,False,False,False,False,False,False,False,False,0,False,False,,Dabur India Ltd.,Fast Moving Consumer Goods,EQ,INE016A01026,SELL,Stage 4 takes precedence: the guide requires SELL regardless of RS.
DALBHARAT,2026-08-25,1824.0,0.0037010541334079328,-0.11347440811505516,-0.09433857967573023,-0.2192625347060717,-0.08393468284600825,1863.7551202182112,-0.9999838027731967,Stage 4 — Declining,1794.3060278799019,2484.339731207416,False,1600.3099946947705,2.0379226972192606,1.0191504986186253,370822642.99107665,1796.1000610351562,False,-2.1330656472485887,False,-26.58008978854449,False,True,False,False,False,False,False,False,1873.4827034505208,1917.7965093994142,False,2.2333183384180666,1,1.4207167224222876,13.189611657873376,0.9957478789996067,False,1925.0,0.07725016645105992,0.10639715529826459,False,5.537280701754388,24.0,True,False,1,False,False,False,False,True,False,False,False,1,False,False,,Dalmia Bharat Ltd.,Construction Materials,EQ,INE00R701025,SELL,Stage 4 takes precedence: the guide requires SELL regardless of RS.
DATAPATTNS,2026-08-25,4542.2998046875,0.11137726181973973,0.4825119816449972,0.545004552322814,0.7800114539098761,0.4060565023034334,3838.8782423881635,3.8847721997933737,Stage 2 — Advancing,4492.580762676164,5000.0,False,2126.3648658097904,1.2348056519882762,1.3387046691928046,4115515230.0,4493.081157226563,False,18.323622628409765,False,-9.154003906249997,True,True,True,True,False,False,False,False,3795.98650390625,3530.714470214844,True,3.878463095152354,1,1.0413792986594255,22.189615223228838,0.8920149550366258,False,5000.0,0.19237577630631925,0.20948688998766382,False,10.076397749883625,89.0,True,True,5,True,True,True,True,True,True,True,True,8,True,False,,Data Patterns (India) Ltd.,Capital Goods,EQ,INE0IX101010,HOLD,Stage 2 + RS 89; trend/leadership is adequate without a stronger entry trigger.
DATAMATICS,2026-08-25,799.2000122070312,0.025469990688291144,0.02890249399038458,-0.05436905978780293,-0.19946320274437768,-0.034797957433042745,773.8496566145387,1.2297801361653482,Stage 2 — Advancing,834.7598039215686,1048.3088482473406,False,632.0,0.33800022469220475,1.1538143413801072,92687492.04209594,835.52,True,3.275876053676363,False,-23.762924109320693,True,False,True,True,False,False,False,False,770.9646655273438,783.3614987182617,False,2.986022563216646,1,1.9399859839607712,15.626362985515389,0.7517157953598776,False,918.0,0.03384777081726002,0.04473564541610621,False,14.864863110411687,34.0,True,False,3,True,False,False,True,False,False,True,False,3,False,False,,Datamatics Global Services Ltd.,Information Technology,EQ,INE365B01017,WAIT,Stage 2 + RS 34; wait because the close is below its 50-session average — short-term timing has weakened even though the 30-week trend is intact.
DEEPAKFERT,2026-08-25,1460.0,0.00924020759414379,0.4863077561441833,0.06735289553223911,-0.013995936716720725,0.11162902602959787,1288.630075951145,1.4633517129273743,Stage 2 — Advancing,1543.6214120902266,1669.6119086916185,False,860.5304973022847,1.3534396686083305,1.0007960415372505,761786506.5271362,1544.0018212890625,True,13.298612786323938,False,-12.55452884592082,True,False,True,True,False,False,False,False,1285.1082421875,1284.386732788086,True,3.035202753290821,2,0.8624370791149553,14.51517006271781,0.6894252383704501,False,1669.6119086916185,0.06183401481280015,0.07105261893092586,False,14.356980047371138,62.0,True,True,4,True,True,True,True,False,True,True,False,6,False,False,,Deepak Fertilisers & Petrochemicals Corp. Ltd.,Chemicals,EQ,INE501A01019,HOLD,Stage 2 + RS 62; trend/leadership is adequate without a stronger entry trigger.
DEEPAKNTR,2026-08-24,1730.300048828125,-0.0009179820015193796,0.09431057425099265,0.06946584796063782,-0.03711333539207562,0.024965424563303223,1625.4931093413254,0.7596612340314612,Stage 2 — Advancing,1670.681339039522,1895.7415042243763,False,1274.1803312746065,1.4706019168253368,2.34543194068305,944484073.3796753,1670.9125219726564,False,6.447701247362958,False,-8.727004975498499,True,True,True,True,False,False,False,False,1623.5806013997396,1624.9981121826172,False,3.326426756010538,2,0.7675665933577542,17.5026719824831,1.1633264856981362,False,1851.0,0.07359299281542739,0.08258170646011946,False,6.975665940344911,48.0,True,False,4,True,False,False,True,True,True,True,False,5,False,False,,Deepak Nitrite Ltd.,Chemicals,EQ,INE288B01029,WAIT,Stage 2 + RS 48; wait because relative strength is below 50 — the trend has turned up but the stock still lags most of the universe.
DELHIVERY,2026-08-25,447.95001220703125,-0.016467229770521508,0.01887869538444975,0.09083165436488327,-0.06060604703066885,0.003233968635524229,454.23424686797676,0.8368615060609041,Stage 1 — Basing,477.05490231981463,524.0,False,374.45001220703125,0.2423988606589732,0.8883350001469908,1612453283.605873,477.57000061035154,True,-1.3834788337243165,False,-14.513356449039838,False,False,True,True,False,False,False,False,452.39000040690104,442.4017506408691,False,2.439685971779263,2,0.8771601731726884,16.20228891154282,0.4565055406172362,False,524.0,0.01897160800698875,0.022340741933881553,False,16.97733803338315,43.0,True,False,2,False,True,False,True,False,False,True,False,3,False,False,2.0,Delhivery Ltd.,Services,EQ,INE148O01028,AVOID,Stage 1 + RS 43; weak RS in a basing stage is AVOID.
DEVYANI,2026-08-25,149.89999389648438,0.2917958696467591,0.13940404893761427,0.07301358032256222,-0.11443262177035307,0.1363153493566683,117.69513691941353,1.0269450152956106,Stage 2 — Advancing,121.5407834520527,191.0,False,91.55000305175781,0.4702689148107457,4.453662399859339,1150832754.2305984,121.68799911499023,False,27.36294618453239,True,-21.51832780288776,True,True,True,True,False,False,False,False,117.78919987996419,122.90724983215333,False,3.893071221073411,2,1.0496064008714097,28.785357737104828,0.940704587988312,False,150.25,0.006348574276050594,0.008176550772423043,False,0.23349307389386453,67.0,True,True,5,True,False,False,False,True,True,True,False,4,False,False,,Devyani International Ltd.,Consumer Services,EQ,INE872J01023,HOLD,Stage 2 + RS 67; trend/leadership is adequate without a stronger entry trigger.
DIACABS,2026-08-25,339.29998779296875,0.7259270263670701,1.4835309612032264,1.421668591213329,1.3174645127119748,1.134903623572534,196.74958921458622,8.498283027234299,Stage 2 — Advancing,276.97254943847656,379.0,False,115.56999969482422,0.34677010935192604,0.5863979808791239,921835379.1927582,278.38000030517577,False,72.45270455071142,True,-10.474937257791883,True,True,True,True,True,True,False,False,194.88653350830077,181.59460006713869,True,5.373458795434618,2,1.6284558073932482,47.88918205804749,0.17014499574472133,False,379.0,0.014370055117242014,0.015675857862155095,False,11.700563995084812,98.0,True,True,5,True,True,True,True,True,True,True,True,8,True,False,,Diamond Power Infrastructure Ltd.,Capital Goods,BE,INE989C01038,REDUCE,Stage 2 + RS 98; distribution warning (U/D 0.59) triggers REDUCE.
DBL,2026-08-24,414.6000061035156,-0.03558964412698462,-0.06904681616385244,-0.06368559726030987,-0.11408747334475677,-0.06359983500457767,437.44551791487066,-0.6744119713624097,Stage 4 — Declining,430.1941193225337,585.0,False,381.54998779296875,0.21445664908670586,0.5668540694160439,191364015.64871827,430.16400146484375,True,-5.222481629312503,False,-29.128204084869125,False,False,False,False,True,True,False,False,438.27633382161457,444.19025054931643,False,3.292330013270025,2,0.693284013216844,19.62292437722477,0.29583215938090685,False,474.70001220703125,0.017633736582921968,0.024544470995444663,False,14.49590092106996,29.0,True,False,0,False,False,False,False,False,False,False,False,0,False,False,,Dilip Buildcon Ltd.,Construction,EQ,INE917M01012,SELL,Stage 4 takes precedence: the guide requires SELL regardless of RS.
DIVISLAB,2026-08-25,8744.5,0.2995722574350612,0.3729277562109241,0.3693948246985914,0.4052268083155752,0.3493387808190426,6743.316429822198,2.476883224712978,Stage 2 — Advancing,7499.924603630515,8744.5,True,5613.352076705792,1.2832768237548113,2.944948993125649,4400282219.775,7516.224423828125,False,29.676548490704114,True,0.0,True,True,True,True,False,False,False,False,6719.347809244791,6644.962966308593,True,1.6843240240804425,2,0.7350568831720334,25.625470385195122,0.7199158458184666,False,8744.5,0.3703476318702267,0.3703476318702267,True,0.0,87.0,True,True,5,True,True,True,True,True,True,True,True,8,True,False,,Divi's Laboratories Ltd.,Healthcare,EQ,INE361B01024,WAIT,"Stage 2 + RS 87; wait because price is more than 20% above the 30-week line (currently +30%) — the guide treats that as poor entry timing, not a failed trend."
DIXON,2026-08-25,14990.0,0.2677604871447903,0.4430111667308432,0.040899937504339956,-0.11877593480102966,0.1801312287447468,11840.95890410959,2.0657631868886694,Stage 2 — Advancing,13531.176470588236,18471.0,False,9600.0,0.952380778766889,1.3074676382337682,5898327376.6,13557.1,False,26.594477030044295,True,-18.845758215581178,True,True,True,True,False,False,False,False,11805.673333333334,12188.94,False,2.449728390355475,2,0.9474686889323299,21.893333333333334,0.8142511387568062,False,15000.0,0.6348574534547083,0.7906212945289612,False,0.06671114076051143,72.0,True,True,5,True,False,False,True,True,True,True,True,6,False,False,,Dixon Technologies (India) Ltd.,Consumer Durables,EQ,INE935N01020,HOLD,Stage 2 + RS 72; trend/leadership is adequate without a stronger entry trigger.
AGARWALEYE,2026-08-24,497.79998779296875,0.03848958267347724,0.09274503596123718,-0.017370742606640843,0.09250520017796848,0.04897173177590386,461.7444841056035,0.4302292413235431,Stage 2 — Advancing,488.4019613826976,568.0,False,401.0,0.2881011877294082,0.04910341352789795,1382044022.172615,489.3840008544922,False,7.808540205348535,False,-12.359157078702687,True,True,True,True,True,True,False,False,462.196001180013,473.0597506713867,False,4.320439570140556,3,1.2662979493163844,23.029502421840597,53.20930105218848,False,567.75,0.02117239200795214,0.023615183743404156,False,14.051830840165259,53.0,True,True,5,True,False,False,True,True,False,True,False,4,False,False,,Dr. Agarwal's Health Care Ltd.,Healthcare,EQ,INE943P01029,REDUCE,Stage 2 + RS 53; distribution warning (U/D 0.05) triggers REDUCE.
LALPATHLAB,2026-08-24,1883.800048828125,0.16151103636030695,0.343679804850628,0.21630290368556082,0.12737338217712857,0.20207563268678627,1558.9939892912564,2.2896171054547887,Stage 2 — Advancing,1766.2857594209559,1988.9000244140625,False,1266.16157090969,0.267687842363221,1.4579948594247054,649183297.0411743,1769.454990234375,False,20.83433687159568,True,-5.284326728132072,True,True,True,True,False,False,False,False,1554.320018717448,1534.011422729492,True,2.355042086235333,3,0.5646511342509439,19.26072455268322,0.3725940248620227,True,1988.9000244140625,0.08012164338376025,0.0832019501530057,False,5.5791470889555494,75.0,True,True,5,True,True,True,True,True,True,True,True,8,True,False,,Dr. Lal Path Labs Ltd.,Healthcare,EQ,INE600L01024,HOLD,Stage 2 + RS 75; trend/leadership is adequate without a stronger entry trigger.
DRREDDY,2026-08-24,1190.0,-0.08388418490569582,-0.07895198059507469,-0.023367594932701574,-0.0626592225396857,-0.06654943357577073,1256.635522293718,0.023695107454657638,Stage 1 — Basing,1233.9235696231617,1405.9838095385528,False,1101.0,1.0116928163364567,1.0305166749074643,2071865486.0427613,1233.17330078125,True,-5.302692874071324,False,-15.361756520470827,False,False,False,True,False,False,False,False,1254.3180924479166,1250.7068566894532,False,1.7274927549144656,2,0.37846865572386423,21.69184363784738,0.8998531053606714,False,1405.9838095385528,0.0506129913766521,0.060745760945246224,False,18.149899961222914,28.0,True,False,1,False,True,False,False,False,False,True,False,2,False,False,3.0,Dr. Reddy's Laboratories Ltd.,Healthcare,EQ,INE089A01031,AVOID,Stage 1 + RS 28; weak RS in a basing stage is AVOID.
DYNAMATECH,2026-08-24,11646.0,0.04290354463779589,0.17378532870702657,0.29964760059773643,0.7840560599279871,0.2686592157016684,10363.82339372306,1.6285342555901527,Stage 2 — Advancing,10699.332509957108,12871.42671066004,False,6314.990438468805,0.9036086865995369,0.9323495220873159,232837534.54375,10701.3380078125,False,12.371656265905706,False,-9.520519661158843,True,True,True,True,False,False,False,False,10300.015849609375,10025.891618652344,True,5.014432887303063,3,1.229821237657102,20.382894288906055,1.8601056596649685,False,12271.593489303015,0.495326804682765,0.5439435572953258,False,5.371745571896058,81.0,True,True,5,True,True,True,True,True,True,True,True,8,True,False,,Dynamatic Technologies Ltd.,Capital Goods,EQ,INE221B01012,HOLD,Stage 2 + RS 81; trend/leadership is adequate without a stronger entry trigger.
EIDPARRY,2026-08-25,810.4000244140625,0.02601766090184432,-0.06490509250032084,-0.20998246652467578,-0.3105325782020063,-0.10667696308466286,805.2117254849138,-1.0046442871704642,Stage 3 — Topping,762.1862769033395,1176.0,False,698.2000122070312,1.977641008585136,1.6266320414221271,692394322.4601654,762.7350024414062,False,0.6443397140080354,False,-31.08843329812394,True,True,False,False,False,False,False,False,808.6486678059896,860.7705017089844,False,3.4308453345215573,1,2.1830229365168985,19.320546278033397,3.3354001145438747,False,865.4000244140625,0.03432211446158407,0.050118087249576775,False,6.786771760004107,20.0,True,False,2,False,False,False,False,True,False,False,False,1,False,False,,E.I.D. Parry (India) Ltd.,Fast Moving Consumer Goods,EQ,INE126A01031,SELL,Stage 3 + RS 20; RS below 50 in Stage 3 triggers SELL.
EIHOTEL,2026-08-24,299.79998779296875,-0.055331116249944245,-0.06019522875143579,-0.19411177198518303,-0.2585907539444209,-0.12471199743618563,317.017497859589,-0.7736281627506725,Stage 4 — Declining,320.30216172162227,432.8358310681578,False,269.9251049923642,0.4760572425526289,0.3479573877432932,60522099.569288634,320.5451721191406,True,-5.431091401221677,False,-30.735866517076804,False,False,True,False,True,True,False,False,317.3747147623698,329.88670700073243,False,2.2407793677314802,2,0.4927237730922829,16.262410593012397,0.5927424227220821,False,351.15649957846927,0.012751070753685657,0.018194300811286177,False,17.13025813095279,16.0,True,False,1,False,False,False,False,False,False,False,False,0,False,False,,EIH Ltd.,Consumer Services,EQ,INE230A01023,SELL,Stage 4 takes precedence: the guide requires SELL regardless of RS.
EPL,2026-08-24,263.4800109863281,0.21981486567744501,0.22508951510440567,0.30242217998838883,0.13527447527148917,0.22048318034383477,221.73123252555115,1.3089465275618162,Stage 2 — Advancing,236.20196114334405,274.0299987792969,False,176.39999389648438,2.0596183601450453,2.7269405180198074,551965460.1375755,236.3886004638672,False,18.82855111805959,False,-3.8499389993668864,True,True,True,True,False,False,False,False,221.32853302001953,217.41980041503905,True,3.875326541762176,2,3.2489334148085303,19.264311761957767,8.77602529271634,False,274.0299987792969,0.011206312205017837,0.011487287434284467,False,4.004094182885165,77.0,True,True,5,True,True,True,True,True,True,True,True,8,True,False,,EPL Ltd.,Capital Goods,EQ,INE255A01020,HOLD,Stage 2 + RS 77; trend/leadership is adequate without a stronger entry trigger.
EDELWEISS,2026-08-24,125.41000366210938,0.13895198407908693,0.03040016929971978,0.13216581622022971,0.3537924660479983,0.15885248394522433,115.75226028651407,1.0008434036743674,Stage 2 — Advancing,120.80274484671799,133.89999389648438,False,92.89267119304094,1.1712598325528984,3.253726487739033,530777026.19783515,120.92839981079102,False,8.343459861336711,False,-6.340545647028528,True,True,True,True,False,False,False,False,115.46826665242513,113.92084983825684,True,3.8957923308539635,2,0.76729772170396,15.347271366009252,1.3096265437152779,False,133.89999389648438,0.005333928936047269,0.005600586409379561,False,6.769787087519341,70.0,True,True,5,True,True,True,True,True,True,True,True,8,True,False,,Edelweiss Financial Services Ltd.,Financial Services,EQ,INE532F01054,HOLD,Stage 2 + RS 70; trend/leadership is adequate without a stronger entry trigger.
EICHERMOT,2026-08-25,8055.0,0.09783531991048355,0.016402470398026114,0.1275681494040921,0.35870975680648387,0.13967020328591384,7336.213830399187,0.8220127738708616,Stage 2 — Advancing,7642.469113817402,8165.0,True,5898.234287361811,0.4323246036127557,1.696999799717312,3744094140.31167,7645.675537109375,False,9.797781065518674,False,-1.3472137170851162,True,True,True,True,False,False,False,False,7327.527125651041,7274.240158691407,True,1.421477343265053,3,0.25926058760452575,15.853613920013121,0.49485541696227014,True,8165.0,0.3411458830939077,0.3456563969310404,False,1.365611421477353,68.0,True,True,5,True,True,True,True,True,True,True,False,7,False,False,,Eicher Motors Ltd.,Automobile and Auto Components,EQ,INE066A01021,HOLD,Stage 2 + RS 68; trend/leadership is adequate without a stronger entry trigger.
ELECON,2026-08-24,438.54998779296875,-0.17524763680975286,0.047889379259391296,-0.11043850799805854,-0.20847776232354842,-0.12430443293634427,460.7819222228168,0.6516889911567958,Stage 1 — Basing,477.4529395009957,632.5129117162858,False,351.0001816860465,0.6460981607295954,1.5568201542163451,183266380.24655762,475.79499877929686,True,-4.82482783235092,False,-30.66544893083847,False,False,True,True,False,False,False,False,458.5899806722005,465.12604583740233,False,3.4578230725402905,2,0.6874060260503048,28.32465171813965,0.636917211632701,False,576.0,0.018652375420501185,0.026697904217631175,False,31.34192589965794,16.0,True,False,2,False,False,False,True,False,False,False,False,1,False,False,3.0,Elecon Engineering Co. Ltd.,Capital Goods,EQ,INE205B01031,AVOID,Stage 1 + RS 16; weak RS in a basing stage is AVOID.
EMIL,2026-08-24,183.47999572753906,0.5207624816165741,0.8326007859983087,0.5109939493240576,0.3962407017301035,0.5562720800571236,117.18390430816233,5.831669439123188,Stage 2 — Advancing,142.08156914804496,196.74000549316406,False,84.9000015258789,0.21033695681855719,10.889843989039571,2625222223.1618624,142.72440048217774,False,56.57440056360961,True,-6.739864488865099,True,True,True,True,False,False,False,False,116.45800018310547,115.68825019836426,True,5.77174675394608,2,0.7700454194558464,44.4901921138417,1.9975575500847376,False,196.74000549316406,0.007803757513904284,0.008178705921861302,False,7.22695120688559,94.0,True,True,5,True,True,True,True,True,True,True,True,8,True,False,,Electronics Mart India Ltd.,Consumer Services,EQ,INE02YR01019,WAIT,"Stage 2 + RS 94; wait because price is more than 20% above the 30-week line (currently +57%) — the guide treats that as poor entry timing, not a failed trend."
ELECTCAST,2026-08-25,76.58999633789062,-0.05854035174459471,0.12551566587172314,0.060993802487270043,-0.24091587907347434,-0.034297422840734115,75.18932601197125,0.017554205421510538,Stage 2 — Advancing,74.29841553931142,102.66578095782631,False,59.40690087106614,2.786823261892749,2.036641334892817,99222103.8849903,74.25787841796875,False,1.8628579350430385,False,-25.398710628468567,True,True,False,True,False,False,False,False,75.09135561625163,74.83011144638061,False,3.1659891161083213,2,0.8651242016374764,18.90820900252027,0.7511926454562788,False,84.67088669674023,0.0032437444986776975,0.004366614671695296,False,10.5508431195104,35.0,True,False,3,True,True,False,False,True,False,False,False,3,False,False,,Electrosteel Castings Ltd.,Capital Goods,EQ,INE086A01029,WAIT,Stage 2 + RS 35; wait because relative strength is below 50 — the trend has turned up but the stock still lags most of the universe.
ELGIEQUIP,2026-08-24,621.9500122070312,0.11550611484994944,0.1556330486522397,0.26016089945799625,0.25070216785099486,0.17950166913222595,546.3857177316326,2.156142032299191,Stage 2 — Advancing,592.5310190238205,644.0,False,406.3547440834414,0.5444590916165153,3.2356451401633537,458800636.99576414,592.2621655273438,False,13.829844379737889,False,-3.4239111479765105,True,True,True,True,False,False,False,False,543.1598547363282,526.7998672485352,True,2.9544189016257247,2,2.1522421340236826,12.612539019061908,3.260579075680666,False,644.0,0.02645273160045642,0.027525560447934694,False,3.5452990369311044,71.0,True,True,5,True,True,True,True,True,True,True,True,8,True,False,,Elgi Equipments Ltd.,Capital Goods,EQ,INE285A01027,HOLD,Stage 2 + RS 71; trend/leadership is adequate without a stronger entry trigger.
ELLEN,2026-08-25,315.1000061035156,0.1874882187890059,0.34227904623435834,-0.20177325876246832,-0.4040098376617267,0.022294477477635008,261.8136557743467,1.6634713852044403,Stage 2 — Advancing,287.4127463546454,559.7999877929688,False,175.0,0.5603478428368018,3.1473264221723465,263446141.58773193,287.56900115966795,False,20.352777310857917,True,-43.712037696569354,True,True,True,True,False,False,False,False,261.6635338338216,286.85665000915526,False,5.287436992381702,2,1.3284949494446725,26.73353945156556,2.0206644177964477,False,343.95001220703125,0.013345135921176851,0.024094627746578088,False,9.155825307739885,47.0,True,False,4,True,False,False,True,True,True,False,False,4,False,False,,Ellenbarrie Industrial Gases Ltd.,Chemicals,EQ,INE236E01022,WAIT,"Stage 2 + RS 47; wait because price is more than 20% above the 30-week line (currently +20%) — the guide treats that as poor entry timing, not a failed trend."
EMAMILTD,2026-08-24,405.6000061035156,0.006701445142550666,-0.14556562950619645,-0.19009675243489843,-0.3240831867822259,-0.1292685356876439,428.71792184490045,-1.3780421042896784,Stage 4 — Declining,407.1696077234605,606.0064428182976,False,376.3999938964844,1.2688652406271836,2.06973286540079,260880860.67670593,407.3770001220703,True,-5.392337143710146,False,-33.070017503901525,False,False,False,False,False,False,False,False,430.37398111979167,451.5381576538086,False,2.275290069349991,3,0.6844329287783726,10.448278668283045,0.8976950624179599,False,435.0,0.017250949253182584,0.026448912288708135,False,7.24851909617108,15.0,True,False,0,False,False,False,False,False,False,False,False,0,False,False,,Emami Ltd.,Fast Moving Consumer Goods,EQ,INE548C01032,SELL,Stage 4 takes precedence: the guide requires SELL regardless of RS.
EMBDL,2026-08-24,63.59000015258789,0.030465096354024723,0.08238298132064492,-0.17884816441344698,-0.36212259408897574,-0.07953151689474566,58.987123123587,-0.35297214486660344,Stage 3 — Topping,62.88470593620749,105.69999694824219,False,39.459999084472656,0.46644180959785675,0.6097101625564045,154468434.1576174,62.91320007324219,False,7.803189552670964,False,-39.83916557374564,True,True,True,False,True,False,False,False,59.11353317260742,62.304249877929685,False,3.7550810961033325,3,1.1741473038344554,14.080458982631178,1.131868141230868,False,69.5999984741211,0.0027046051507262493,0.004430904394068202,False,9.451168905664197,25.0,True,False,3,True,False,False,True,True,True,False,False,4,False,False,,Embassy Developments Ltd.,Realty,EQ,INE069I01010,SELL,Stage 3 + RS 25; RS below 50 in Stage 3 triggers SELL.
EMCURE,2026-08-24,1853.5999755859375,0.08169934756921848,0.2921575291641252,0.3610396815900063,0.24144397956910346,0.21160797709233437,1684.8479405233304,1.4752790618644207,Stage 2 — Advancing,1867.2294012331495,2048.0,False,1260.0,0.8894456623864705,1.0370788259086605,303534631.08629763,1870.4619897460936,True,10.015861431993155,False,-9.492188692092896,True,False,True,True,False,False,False,False,1681.2626627604166,1616.4724963378906,True,2.880881333518269,2,0.7030770718430807,16.75781011581421,0.7311545512577894,False,2048.0,0.07883717611772571,0.08494342355332686,False,10.48770106681789,76.0,True,True,4,True,True,True,True,False,True,True,True,7,False,False,,Emcure Pharmaceuticals Ltd.,Healthcare,EQ,INE168P01015,HOLD,Stage 2 + RS 76; trend/leadership is adequate without a stronger entry trigger.
EMMVEE,2026-08-25,333.70001220703125,,,,,,274.87746617565415,2.7615873130056867,Stage 2 — Advancing,331.0186294854856,,False,,0.6488616794277303,1.5340510644204879,614413858.3017547,330.912001953125,False,21.399551898440407,True,,True,True,True,True,False,False,False,False,272.90840037027994,,False,3.0031247626327207,2,1.2490109321359217,17.64230653924657,0.6174186906345578,False,371.54998779296875,0.01413288458756244,,False,11.342515493363226,,True,False,4,False,False,False,False,True,False,False,False,1,False,False,,Emmvee Photovoltaic Power Ltd.,Capital Goods,EQ,INE1C6T01020,WAIT,"Stage 2 + RS unavailable; wait because price is more than 20% above the 30-week line (currently +21%) — the guide treats that as poor entry timing, not a failed trend."
ENDURANCE,2026-08-24,2988.199951171875,0.10239710342684605,0.11750634092540069,0.12298538372738888,0.05875250130595999,0.10080768656248833,2564.1738598967254,1.3138400274056883,Stage 2 — Advancing,2763.285017424939,3072.0,True,2134.0128277243602,1.0738857536802071,2.278129670976306,486444413.94433594,2766.439296875,False,16.53655775479388,False,-2.7278661727905273,True,True,True,True,False,False,False,False,2561.2961767578126,2578.6708935546876,True,2.68150035687829,2,0.7539205110372625,17.377976696332244,1.4005950622939127,False,3072.0,0.12709389778182717,0.13126067327946206,False,2.8043655109244447,61.0,True,True,5,True,False,True,True,True,True,True,False,6,False,False,,Endurance Technologies Ltd.,Automobile and Auto Components,EQ,INE913H01037,HOLD,Stage 2 + RS 61; trend/leadership is adequate without a stronger entry trigger.
ENGINERSIN,2026-08-25,250.3800048828125,0.09527558266745784,0.14752876706197626,0.29716317315684204,0.32208676127295255,0.19146597336533733,224.17348281651326,1.7456560425806344,Stage 2 — Advancing,238.2956866096048,267.0,False,162.352472800208,0.9617357726571326,3.398440469103238,629820719.3062363,238.41640045166017,False,11.690286351909585,False,-6.224717272354874,True,True,True,True,False,False,False,False,222.8455576578776,216.092873916626,True,3.551173888796682,3,0.7597175497545403,17.1924519089033,1.0084500791074749,False,265.0,0.010604110226543015,0.011462611268006143,False,5.83912246668028,73.0,True,True,5,True,True,True,True,True,True,True,True,8,True,False,,Engineers India Ltd.,Construction,EQ,INE510A01028,HOLD,Stage 2 + RS 73; trend/leadership is adequate without a stronger entry trigger.
ENTERO,2026-08-25,1633.0,0.21016745994878905,0.5392590841930742,0.5407113523775608,0.33273478733784323,0.3666080287612113,1193.1786233836208,1.5708283832822856,Stage 2 — Advancing,1253.7058823529412,1667.0,True,944.0,14.385015697361577,7.732697137733891,521476854.4396118,1256.4460009765626,False,36.861318833313646,True,-2.0395920815836854,True,True,True,True,False,False,True,True,1191.9900040690104,1162.201003112793,True,4.6002108096951275,1,1.716515544538394,35.09298140371926,3.3516277909442436,False,1667.0,0.06916092204746757,0.06916092204746757,True,2.082057562767914,88.0,True,True,5,True,True,True,True,True,True,True,True,8,True,False,,Entero Healthcare Solutions Ltd.,Consumer Services,EQ,INE010601016,WAIT,"Stage 2 + RS 88; wait because price is more than 20% above the 30-week line (currently +37%) — the guide treats that as poor entry timing, not a failed trend."
EIEL,2026-08-24,195.30999755859375,0.04466190920449531,0.21756744030751585,-0.06527877285888228,-0.2719105403221109,-0.006059610892897346,192.3536297523812,0.6178074758084406,Stage 2 — Advancing,216.46196013805914,276.1000061035156,False,134.7100067138672,0.20921354328205913,0.4225901499995821,190330525.24585342,217.01339935302735,True,1.5369441221454005,False,-29.2611397171183,True,False,True,True,True,True,False,False,191.89193288167317,195.75254974365234,False,3.5811206598941694,3,0.6100616094798271,23.965236357661585,0.3555448192584651,False,247.39999389648438,0.008306910270762226,0.011612624455969785,False,26.6704198397542,41.0,True,False,3,False,False,False,True,False,True,False,False,2,False,False,,Enviro Infra Engineers Ltd.,Utilities,EQ,INE0LLY01014,REDUCE,Stage 2 + RS 41; distribution warning (U/D 0.42) triggers REDUCE.
EQUITASBNK,2026-08-24,75.0,0.12815878779852397,0.14872107441131033,0.15437892243875706,0.36661804920361596,0.18520712433014627,69.44801359307276,0.6846178386304969,Stage 2 — Advancing,76.96215625837738,83.9000015258789,False,50.0,0.3079847526418,0.6098861616632848,234944169.8807068,76.93219940185547,True,7.994449545322979,False,-10.607868133510944,True,False,True,True,True,False,False,False,69.4241332244873,67.75424995422364,True,2.855237688337054,2,0.8926114255773933,15.840286857954409,0.42504389411134014,False,83.9000015258789,0.0031898944144948802,0.0035580510991794164,False,11.866668701171879,72.0,True,True,4,True,True,True,True,False,True,True,True,7,False,False,,Equitas Small Finance Bank Ltd.,Financial Services,EQ,INE063P01018,REDUCE,Stage 2 + RS 72; distribution warning (U/D 0.61) triggers REDUCE.
ERIS,2026-08-25,1309.5999755859375,-0.0272422225343375,-0.046060250494209254,-0.20305815790560588,-0.2672375590984658,-0.1141680825133912,1376.5877449824893,-0.3463792016397349,Stage 4 — Declining,1408.049014820772,1809.092076644826,False,1193.5948944523013,0.7080422285435437,0.6608160148290058,147057726.1467163,1408.6799951171874,True,-4.866218636677166,False,-27.610098319885147,False,False,True,False,True,False,False,False,1377.2205216471355,1422.1576245117187,False,2.260777596906728,3,0.8806988942568449,13.008672448298867,0.8007830608088546,False,1499.0,0.05546426321179697,0.07971309417504345,False,14.462433410578047,18.0,True,False,1,False,False,False,False,False,False,False,False,0,False,False,,Eris Lifesciences Ltd.,Healthcare,EQ,INE406M01024,SELL,Stage 4 takes precedence: the guide requires SELL regardless of RS.
ESCORTS,2026-08-24,3097.300048828125,0.06854986548519704,-0.12145982138127132,-0.14224113246927805,-0.11806742513155954,-0.048933729602342976,3087.922879989833,-0.9583947677610283,Stage 3 — Topping,2976.646335975797,4112.487734005053,False,2669.79033448854,0.2507640395635385,3.1296137396373447,382416328.0348511,2980.7840771484375,False,0.30367237792943147,False,-24.685488464381667,True,True,False,False,False,False,False,False,3098.7677669270834,3235.6574450683593,False,1.6251480323010932,2,0.46338858737901634,13.131944186000982,0.45172807975040835,False,3173.10009765625,0.1317341350102874,0.16221991854271206,False,2.4472943413023307,33.0,True,False,2,False,False,False,False,True,False,True,False,2,False,False,,Escorts Kubota Ltd.,Capital Goods,EQ,INE042A01014,SELL,Stage 3 + RS 33; RS below 50 in Stage 3 triggers SELL.
ETERNAL,2026-08-25,331.0,0.3364557776360626,0.322941662818935,0.09493884672825903,0.03680501174628037,0.22551941531311995,265.9254114856459,1.0557206108305683,Stage 2 — Advancing,292.85098087086396,368.45001220703125,False,212.60000610351562,0.9336222211279386,1.7124516190185226,8167213898.037587,293.63600036621096,False,24.470992881350373,True,-10.164204360505803,True,True,True,True,False,False,False,False,266.0854005940755,272.7523004150391,False,2.1482531037575527,3,1.0264449403330287,23.8770000881394,0.8146460586907659,False,331.70001220703125,0.014018533495230719,0.015157834913903625,False,0.211484050462607,77.0,True,True,5,True,False,False,True,True,True,True,True,6,False,False,,Eternal Ltd.,Consumer Services,EQ,INE758T01015,HOLD,Stage 2 + RS 77; trend/leadership is adequate without a stronger entry trigger.
ETHOSLTD,2026-08-24,2892.0,0.20109641222390318,0.18704590651347286,-0.03393910153056001,0.13656907054431122,0.1383737399950061,2469.788276198815,0.7210099715977858,Stage 2 — Advancing,2618.917652803309,3245.89990234375,False,1919.4000244140625,0.39541693326898114,3.385065126743514,513357229.19244385,2622.38400390625,False,17.09505741322086,False,-10.902982623962354,True,True,True,True,False,False,False,False,2471.3366666666666,2588.9439953613282,False,3.7425887087686474,2,1.7527968562520024,24.216927452533433,1.4892684546183503,False,3090.39990234375,0.12300232862292258,0.1334739130959589,False,6.860300910918049,68.0,True,True,5,True,False,False,True,True,True,True,False,5,False,False,,Ethos Ltd.,Consumer Durables,EQ,INE04TZ01018,HOLD,Stage 2 + RS 68; trend/leadership is adequate without a stronger entry trigger.
EUREKAFORB,2026-08-24,418.3500061035156,-0.09925719645145858,-0.1509893331232559,-0.26970406924499235,-0.24033049422515662,-0.17190765789926443,472.4732885491358,-1.6226953773096353,Stage 4 — Declining,453.21764717850033,668.2999877929688,False,403.20001220703125,1.134294432494131,0.7212702972968683,86798605.98225403,453.13600036621096,True,-11.455310545030217,False,-37.40086581699663,False,False,False,False,False,False,False,False,474.22400044759115,507.89900131225585,False,3.5846620256299713,1,1.7884239084552496,15.408449250020187,1.5931170052526513,False,484.1499938964844,0.017793231303646715,0.027660536994216084,False,15.728453886214911,10.0,True,False,0,False,False,False,False,False,False,False,False,0,False,False,,Eureka Forbes Ltd.,Consumer Durables,EQ,INE0KCE01017,SELL,Stage 4 takes precedence: the guide requires SELL regardless of RS.
EXIDEIND,2026-08-24,453.29998779296875,0.34061003813054214,0.3557738893024658,0.2531909526328533,0.15003725648566357,0.2880444349364134,370.228542798186,2.4698447530275613,Stage 2 — Advancing,431.43247477213544,496.3999938964844,False,285.6312149356571,0.3767634345498459,1.5432837862260662,2598797927.6031265,432.201787109375,False,22.437882386627738,True,-8.68251543784333,True,True,True,True,False,False,False,False,369.20006571451825,368.42694213867185,True,3.0017964314081373,2,1.1111200335750115,24.2750497602407,0.5127716941908719,False,496.3999938964844,0.019279721322018512,0.020726625680449667,False,9.50805366515921,83.0,True,True,5,True,True,True,True,True,True,True,True,8,True,False,,Exide Industries Ltd.,Automobile and Auto Components,EQ,INE302A01020,WAIT,"Stage 2 + RS 83; wait because price is more than 20% above the 30-week line (currently +22%) — the guide treats that as poor entry timing, not a failed trend."
NYKAA,2026-08-24,330.29998779296875,0.19134350872125783,0.26377412880810036,0.218099953282761,0.46839150088036163,0.26659052008274775,280.67958821335884,1.902975784603611,Stage 2 — Advancing,319.43725466260724,348.0,False,224.94000244140625,0.28873209344256756,0.9135541202352842,2252597496.260808,320.37,False,17.678663381068848,False,-5.086210404319324,True,True,True,True,False,False,False,False,279.68979919433593,274.47769958496093,True,2.3939279507421114,3,0.34016115702613237,22.341954022988507,0.5919631172429878,True,348.0,0.014048294482246908,0.014489861489552155,False,5.358768653096524,80.0,True,True,5,True,True,True,True,True,True,True,True,8,True,False,,FSN E-Commerce Ventures Ltd.,Consumer Services,EQ,INE388Y01029,HOLD,Stage 2 + RS 80; trend/leadership is adequate without a stronger entry trigger.
FEDFINA,2026-08-25,159.02000427246094,-0.035014195331952935,0.17757710440282293,0.09706800703999163,0.1294837123067305,0.06682008661712784,147.3153421584874,-0.13154207158343478,Stage 3 — Topping,153.58843126483993,178.47999572753906,False,119.06999969482422,0.3366501891158329,1.546570190417775,144225777.15488356,153.40079986572266,False,7.945311019527912,False,-10.903177902797035,True,True,True,False,False,False,False,False,147.33206639607747,147.62874996185303,True,2.602549158339644,2,0.6815212717403256,17.24196853084629,0.4884011483818942,False,174.39999389648438,0.006734825547749927,0.007513679049946192,False,9.671732619043173,56.0,True,True,4,True,False,True,True,True,True,True,False,6,False,False,,Fedbank Financial Services Ltd.,Financial Services,EQ,INE007N01010,REDUCE,Stage 3 with RS 56; the guide requires REDUCE when RS is 50 or higher.
FEDERALBNK,2026-08-25,346.95001220703125,0.20357938329257652,0.16394293383420333,0.3599567114713942,0.7852178223776372,0.3432552468536776,305.3097759926156,1.9569387998363608,Stage 2 — Advancing,341.7210394167433,370.4344787597656,False,187.75854034199187,2.585524368284057,0.7608319971738404,1668878327.1355133,342.1652911376953,False,13.63868421148191,False,-6.339708612265693,True,True,True,True,False,False,False,False,304.5436513264974,292.2839642333984,True,1.8906954165604357,2,1.485496784707261,14.393325936651696,0.6195041253236752,False,370.4344787597656,0.01469404944802107,0.015562610562975037,False,6.768832894209775,86.0,True,True,5,True,True,True,True,True,True,True,True,8,True,False,,Federal Bank Ltd.,Financial Services,EQ,INE171A01029,HOLD,Stage 2 + RS 86; trend/leadership is adequate without a stronger entry trigger.
FACT,2026-08-24,784.25,-0.10804663065112308,0.035655331792670886,-0.09518315546582057,-0.22363129853304364,-0.0998504767016879,839.2195204643353,-0.27704949925762,Stage 4 — Declining,849.5078400256587,1058.5999755859375,False,652.0999755859375,0.12061091461018282,0.72448138684184,82196668.61655578,848.3769970703125,True,-6.550076484627176,False,-25.916302844621185,False,False,True,False,False,False,False,False,838.2933329264323,846.8077499389649,False,2.4418242875927865,2,0.3641725216841009,27.167956000258762,0.2695669506045859,False,1058.5999755859375,0.033355662594234795,0.044052550305762515,False,34.98246421242428,21.0,True,False,1,False,False,False,True,False,False,False,False,1,False,False,,Fertilisers and Chemicals Travancore Ltd.,Chemicals,EQ,INE188A01015,SELL,Stage 4 takes precedence: the guide requires SELL regardless of RS.
FIEMIND,2026-08-24,2164.10009765625,-0.009400917003454023,-0.018586306106736172,-0.008285327822908584,0.07040760217707742,0.004946826848104923,2204.3868842974102,0.5002091390480246,Stage 1 — Basing,2292.298488242953,2674.800048828125,False,1836.7512219513533,0.6921433081641837,0.6533551647301308,338195423.94484866,2291.2195703125,True,-1.8275733233642733,False,-19.0930141262567,False,False,True,True,True,False,False,False,2202.462403971354,2209.827917480469,True,4.994485977696558,1,2.47117776159193,20.98594685221596,2.8291510895232364,False,2674.800048828125,0.09204334418561995,0.11177127799045139,False,23.5987213218543,44.0,True,False,2,False,False,True,True,False,False,True,False,3,False,False,1.0,Fiem Industries Ltd,Automobile and Auto Components,EQ,INE737H01014,AVOID,Stage 1 + RS 44; weak RS in a basing stage is AVOID.
FINCABLES,2026-08-25,1259.8499755859375,0.17864154440126212,0.5241350263685765,0.6722191860369973,0.5153094738968713,0.4137893550209939,986.2164381889447,3.710240270005083,Stage 2 — Advancing,1107.6764681946997,1374.0,False,700.7999877929688,0.3368765452465135,6.248351793862396,2532664146.974902,1108.7199975585938,False,27.745789544887778,True,-8.307862038869175,True,True,True,True,False,False,False,False,979.1803332519531,925.4705014038086,True,5.406255882340768,2,0.8630539158903926,30.407568252763372,5.524213373012927,False,1374.0,0.05335724798101833,0.0566345986547199,False,9.060604566109,90.0,True,True,5,True,True,True,True,True,True,True,True,8,True,False,,Finolex Cables Ltd.,Capital Goods,EQ,INE235A01022,WAIT,"Stage 2 + RS 90; wait because price is more than 20% above the 30-week line (currently +28%) — the guide treats that as poor entry timing, not a failed trend."
FINPIPE,2026-08-24,165.50999450683594,-0.04390275591658199,-0.09384067868823698,-0.09468336136036082,-0.2051368578597913,-0.09629328194831063,172.6757241084658,-0.5649013384183332,Stage 4 — Declining,167.78607806037454,222.5,False,147.5399932861328,1.76885925468526,1.1828975725217907,86914888.61896133,167.68179962158203,True,-4.149818764986746,False,-25.613485614905194,False,False,False,False,False,False,False,False,172.77266672770182,173.5908996582031,False,2.1712103700923877,4,0.6026360461464081,15.862810897816978,0.6002199949829913,False,186.60000610351562,0.007039458760272457,0.009561934263370018,False,12.742439910967818,21.0,True,False,0,False,False,False,False,False,False,False,False,0,False,False,,Finolex Industries Ltd.,Capital Goods,EQ,INE183A01024,SELL,Stage 4 takes precedence: the guide requires SELL regardless of RS.
FSL,2026-08-25,275.3999938964844,-0.017446268148562205,0.25954722883215453,-0.19688727872322953,-0.24362126796914607,-0.0431707708314691,250.42761533554287,-0.9203007298646315,Stage 3 — Topping,264.44294200224033,371.5899202053472,False,202.0,0.22799787234744123,1.9314362903406588,1904529682.0119996,264.87180084228515,False,9.971894883669897,False,-25.88604294102126,True,True,True,False,False,False,False,False,251.9326138305664,272.9016716766357,False,4.296348897324905,2,0.7049683272501077,33.54782070659218,0.32179430266928094,False,341.8999938964844,0.01166375842605499,0.01579432230274915,False,24.146696250471077,34.0,True,False,3,True,False,False,False,True,True,False,False,3,False,False,,Firstsource Solutions Ltd.,Services,EQ,INE684F01012,SELL,Stage 3 + RS 34; RS below 50 in Stage 3 triggers SELL.
FIVESTAR,2026-08-25,501.0,0.10243037053586446,0.17935619761625454,-0.17019807965644895,-0.1278083512268765,0.0172421015609316,467.4791432347791,0.33062464062627583,Stage 2 — Advancing,532.2116681267233,663.5913003653413,False,336.9270432139827,0.8608097605698687,0.8749256812761096,219541325.2481781,533.6004962158203,True,7.170556644146564,False,-24.501722713336715,True,False,True,True,False,False,False,False,468.9031089274089,494.62447006225585,False,2.9861719954343546,3,1.0251533141375195,18.86726259190456,0.32538397629997273,False,573.5182373501902,0.021218384535077312,0.027618384116646615,False,14.47469807389028,47.0,True,False,3,True,False,False,True,False,True,True,False,4,False,False,,Five-Star Business Finance Ltd.,Financial Services,EQ,INE128S01021,WAIT,Stage 2 + RS 47; wait because the close is below its 50-session average — short-term timing has weakened even though the 30-week trend is intact.
FORCEMOT,2026-08-25,17431.0,-0.1376768576234293,-0.30999129126751646,0.037868413218219654,-0.13397370851326884,-0.13629006036188485,19974.404109589042,-0.7569749007870441,Stage 4 — Declining,18180.058823529413,26450.0,False,14911.0,0.8016330681936593,1.6760364150738094,1615837553.0,18175.12,True,-12.733316576728516,False,-34.098298676748584,False,False,False,False,False,False,False,False,19979.386666666665,19587.015,True,2.9872886564986842,1,1.7543002792207694,13.272801469087941,0.8007133776162728,False,19604.0,0.7382388439739174,1.0949848935980617,False,12.46629568011015,14.0,True,False,0,False,True,True,False,False,False,False,False,2,False,False,,Force Motors Ltd.,Automobile and Auto Components,EQ,INE451A01017,SELL,Stage 4 takes precedence: the guide requires SELL regardless of RS.
FORTIS,2026-08-25,923.9500122070312,-0.046807623475209836,-0.006252835902100462,0.004921914405171535,0.010686924741063919,-0.016851848741256937,918.7847302580533,0.2444636742711115,Stage 2 — Advancing,946.6276197246476,1103.1298326042547,False,765.9873728160577,1.0427706513322914,0.5346141262041965,1432165744.521347,946.1987121582031,True,0.5621863075072175,False,-16.242858737145927,True,False,True,True,True,True,False,False,916.8335493977864,914.3756161499024,False,2.766848877034392,1,1.1543092680480673,11.69208338263211,1.034894793192032,False,995.4939593864693,0.03913119091855921,0.04696281853733121,False,7.743270332184071,38.0,True,False,3,True,True,False,True,False,False,True,False,4,False,False,,Fortis Healthcare Ltd.,Healthcare,EQ,INE061F01013,REDUCE,Stage 2 + RS 38; distribution warning (U/D 0.53) triggers REDUCE.
UTLSOLAR,2026-08-25,446.6499938964844,,,,,,288.9206156273411,5.768242602414708,Stage 2 — Advancing,375.599998922909,,False,,0.8381682739187706,2.418767864310617,211972286.26339874,376.8339990234375,False,54.59263539455683,True,,True,True,True,True,False,False,False,False,286.7543993123372,,False,5.6859806126041645,1,3.1185652140385227,38.67475850207069,1.530144816576099,False,494.25,0.018916549547076927,,False,10.657115583560817,,True,False,4,False,False,False,False,True,False,False,False,1,False,False,,Fujiyama Power Systems Ltd.,Capital Goods,EQ,INE12UR01024,WAIT,"Stage 2 + RS unavailable; wait because price is more than 20% above the 30-week line (currently +55%) — the guide treats that as poor entry timing, not a failed trend."
GAIL,2026-08-25,175.5,0.04049328217940418,0.032352941176470695,0.00416356764376502,0.02882527480872943,0.029265669597554705,164.44853346315148,0.6238798404340828,Stage 2 — Advancing,173.94274423636642,182.3800048828125,False,134.36000061035156,0.8918395527309785,0.9829007338826573,2044722918.8599632,173.89979919433594,False,6.720319302406463,False,-3.772346034990637,True,True,True,True,False,False,False,False,164.25440022786458,165.20617652893065,True,1.7476586049584095,1,0.8580663261454486,8.28489977290023,0.6832585439618081,False,182.3800048828125,0.0074327873970181,0.0077337849460342506,False,3.9202307024572614,49.0,True,False,4,True,False,True,True,True,True,True,False,6,False,False,,GAIL (India) Ltd.,Oil Gas & Consumable Fuels,EQ,INE129A01019,WAIT,Stage 2 + RS 49; wait because relative strength is below 50 — the trend has turned up but the stock still lags most of the universe.
GVT&D,2026-08-24,4177.89990234375,-0.1363561487370769,0.12107952169168867,0.46242568626041747,0.5120003647317799,0.16455865504194644,4233.894728569136,2.341106706100504,Stage 1 — Basing,4548.546592562806,5636.049839022599,False,2516.9699521199827,0.8624355839098536,0.7344466400353498,4455664799.7238035,4543.644829101562,True,-1.3225370448525342,False,-25.871842484127516,False,False,True,True,False,False,False,False,4190.5267545572915,3884.0510791015627,True,3.78493850231906,3,0.6757157193432505,29.872571228282823,0.8397262218509516,False,5636.049839022599,0.17769412750406713,0.2384976619917754,False,34.90150484124441,70.0,True,True,3,False,True,True,True,False,True,False,True,5,False,False,4.0,GE Vernova T&D India Ltd.,Capital Goods,EQ,INE200A01026,WATCH,Stage 1 + RS 70; adequate RS in a basing stage remains WATCH.
GHCL,2026-08-24,443.8500061035156,0.02384913848661907,-0.0679528857292192,-0.21002145271418982,-0.20457614589868856,-0.08697044147377189,455.6844432255993,-1.2748929585513102,Stage 4 — Declining,435.63793346928617,649.6824619687275,False,405.6620460266574,1.3976660323909507,0.9482627179113557,68266575.02540131,435.6678106689453,False,-2.5970684972944524,False,-31.682008968116428,False,True,False,False,False,False,False,False,457.4343627929687,484.1107635498047,False,2.037367906831469,1,1.2719237311282972,8.51528384279476,0.675548907993865,False,458.0,0.018877795404574974,0.02690798064647657,False,3.188012549713526,23.0,True,False,1,False,False,False,False,True,False,False,False,1,False,False,,GHCL Ltd.,Chemicals,EQ,INE539A01019,SELL,Stage 4 takes precedence: the guide requires SELL regardless of RS.
GMMPFAUDLR,2026-08-24,989.2999877929688,0.22722371626840254,0.03144047554200502,-0.14213385951961122,-0.1881895124045745,0.03111290723092488,877.4624625428082,0.2774343894141884,Stage 2 — Advancing,853.5813395182291,1304.8598500690166,False,734.1152411860135,0.33284760301646554,11.460022709361649,471809198.81533813,855.1446569824219,False,12.74556234873745,False,-24.183429527650592,True,True,False,True,False,False,False,False,880.7879231770834,939.274367980957,False,4.524844109866737,1,1.503260704065347,30.69775361098702,0.7429068254984351,False,1079.4000244140625,0.04207683340427525,0.05439136016223634,False,9.107453526012677,50.0,True,True,4,True,False,False,False,True,True,True,False,4,False,False,,GMM Pfaudler Ltd.,Capital Goods,EQ,INE541A01023,HOLD,Stage 2 + RS 50; trend/leadership is adequate without a stronger entry trigger.
GMRAIRPORT,2026-08-25,99.8499984741211,0.03044372447666399,-0.0236628361042327,-0.041838601368927586,0.12393069101844012,0.023863340499721563,100.28828769840607,0.26062964642965536,Stage 1 — Basing,107.83000063428692,115.63999938964844,False,84.11000061035156,0.3475033762157596,0.5551209260753842,978653351.3964771,107.83640060424804,True,-0.4370293225097521,False,-13.654445692552287,False,False,True,True,True,True,False,False,100.12113332112631,100.62049983978271,True,2.3177619566214855,2,1.3709630553841108,15.254236840844786,0.5484823538359366,False,115.63999938964844,0.004228853619662244,0.004920225226269011,False,15.813721739434738,48.0,True,False,2,False,False,True,True,False,False,True,False,3,False,False,2.0,GMR Airports Ltd.,Services,EQ,INE776C01039,AVOID,Stage 1 + RS 48; weak RS in a basing stage is AVOID.
GMRP&UI,2026-08-25,96.11000061035156,-0.10670133021926764,-0.21201935190242582,-0.2103360337415946,-0.18050817180501533,-0.1632532435775142,104.13835598671272,-0.4469869325871234,Stage 4 — Declining,98.70274487663718,136.9499969482422,False,89.0,0.5327095698639811,0.818512717097487,77649575.50168267,98.5699998474121,True,-7.709316418808765,False,-29.82110058266403,False,False,False,False,False,False,False,False,104.09013315836589,106.66544975280762,False,2.6249695088449014,3,0.5314628986584102,12.838709958687355,0.9803052267121666,False,108.5,0.004070456987259391,0.005633887162244271,False,12.891477797279261,11.0,True,False,0,False,False,False,False,False,False,False,False,0,False,False,,GMR Power and Urban Infra Ltd.,Power,EQ,INE0CU601026,SELL,Stage 4 takes precedence: the guide requires SELL regardless of RS.
GABRIEL,2026-08-25,1346.0,0.196792340134464,0.3333185004539345,0.3088644852480158,0.19305118731316706,0.2457637706568091,1110.4980652691568,3.1645761279444073,Stage 2 — Advancing,1349.3097306793811,1596.6964052725275,False,794.0570601010174,0.672303645527576,1.1504681549103979,484931638.8561829,1353.614853515625,True,21.20687483356971,True,-15.70094380150735,True,False,True,True,False,False,False,False,1104.8239192708334,1085.357784729004,True,3.6732426362351847,3,0.8766465124156759,30.243749559241,0.3243199553905638,False,1596.6964052725275,0.057005879409608905,0.06675310665979187,False,18.625290139117933,79.0,True,True,4,True,True,True,True,False,True,True,True,7,False,False,,Gabriel India Ltd.,Automobile and Auto Components,EQ,INE524A01029,HOLD,Stage 2 + RS 79; trend/leadership is adequate without a stronger entry trigger.
GALLANTT,2026-08-24,580.25,-0.1590579710144927,0.04766638183225158,-0.020840324155812495,-0.05537918163272626,-0.06933381319705452,648.3547940188892,0.08988121365693935,Stage 1 — Basing,638.476469152114,948.0,False,496.25,0.2617196864842722,1.0616119182247608,67796274.80786744,637.7449987792969,True,-10.50424777408293,False,-38.792194092827,False,False,False,True,False,False,False,False,645.7983325195313,627.9877490234375,False,3.42401704208854,3,0.6736764181823618,31.495330362358143,0.33429829821814083,False,749.0,0.024679149786808723,0.04092018306683106,False,29.082292115467467,27.0,True,False,1,False,True,False,False,False,False,False,False,1,False,False,3.0,Gallantt Ispat Ltd.,Capital Goods,EQ,INE297H01019,AVOID,Stage 1 + RS 27; weak RS in a basing stage is AVOID.
GRSE,2026-08-25,2607.5,-0.025488639390229606,0.07601202800328077,-0.03518819770605708,0.04256882041460397,0.00648307438627369,2594.8004668771405,0.6487555974779013,Stage 2 — Advancing,2651.515692018995,3339.0,False,1963.699951171875,0.5717324308007032,1.1358901081244528,1379673631.848596,2651.2820068359374,True,0.4894223384406704,False,-21.90775681341719,True,False,True,True,False,False,False,False,2586.0354150390626,2574.296667480469,True,2.649774806105328,3,0.6068143287660166,15.776740644818435,0.8293294682666607,False,2934.699951171875,0.11043300933176466,0.1343491736772277,False,12.548416152325025,44.0,True,False,3,True,True,True,True,False,True,True,False,6,False,False,,Garden Reach Shipbuilders & Engineers Ltd.,Capital Goods,EQ,INE382Z01011,WAIT,Stage 2 + RS 44; wait because the close is below its 50-session average — short-term timing has weakened even though the 30-week trend is intact.
GRWRHITECH,2026-08-25,7264.0,0.29995170402985183,0.8046756164473297,0.9069621162221424,1.5687190223561354,0.7760520326170622,5321.568496495077,5.474000512967669,Stage 2 — Advancing,6960.019607843137,7990.0,False,2671.6173087131406,0.45591510546312064,0.6961655326249901,574858618.675,6971.61,False,36.501108738603264,True,-9.086357947434298,True,True,True,True,True,False,False,False,5255.888670247396,4809.5804992675785,True,3.763176526117054,2,0.6345099914190656,20.41927409261577,0.5608472001704954,False,7990.0,0.3076453997261509,0.31216886721049536,False,9.994493392070481,97.0,True,True,5,True,True,True,True,True,True,True,True,8,True,False,,Garware Hi-Tech Films Ltd.,Capital Goods,EQ,INE291A01017,REDUCE,Stage 2 + RS 97; distribution warning (U/D 0.70) triggers REDUCE.
GICRE,2026-08-25,351.3999938964844,-0.10219724226817184,-0.1017382849402465,-0.0804657869714096,-0.047999460944966765,-0.08691960347859332,375.04931515210296,-0.22914336909815036,Stage 4 — Declining,359.7009827856924,417.95001220703125,False,346.70001220703125,0.6929897302268547,0.8845561586866652,196698971.84103853,359.72700256347656,True,-6.3056564297491065,False,-15.922961207519082,False,False,False,False,False,False,False,False,374.95033345540367,375.7172499084473,False,1.5590713589397878,2,0.5749443043646821,7.595948580159964,0.5242778284237963,False,375.20001220703125,0.01488251536151582,0.01818670796750341,False,6.7729136949153945,24.0,True,False,0,False,False,False,False,False,False,True,False,1,False,False,,General Insurance Corporation of India,Financial Services,EQ,INE481Y01014,SELL,Stage 4 takes precedence: the guide requires SELL regardless of RS.
GILLETTE,2026-08-24,7406.5,-0.04076030333666669,-0.11300957248364141,-0.09759742233787438,-0.26348477060471165,-0.11112247441991216,7852.333051289597,-0.2662723778556031,Stage 4 — Declining,7661.976438036152,10437.38206257999,False,7148.3405248597655,1.2368808344702382,0.3334249243504574,145409810.58623046,7662.00181640625,True,-5.677714487879215,False,-29.038719138645718,False,False,False,False,True,True,False,False,7850.923883463542,7895.899645996094,False,1.0894583874600656,3,0.49365287800751373,8.11663322271368,0.6001635096770255,False,8035.186627298344,0.3150127064127511,0.44920898509465484,False,8.488309286415241,19.0,True,False,0,False,False,False,False,False,False,False,False,0,False,False,,Gillette India Ltd.,Fast Moving Consumer Goods,EQ,INE322A01010,SELL,Stage 4 takes precedence: the guide requires SELL regardless of RS.
GLAND,2026-08-24,2801.60009765625,0.20941117351843275,0.5661150381437898,0.5760836579999848,0.44209960208704024,0.40062412905353606,2085.55295092439,3.8342922350213415,Stage 2 — Advancing,2504.3547315410538,3039.800048828125,False,1561.8007505195303,0.684303517012252,2.87648978640324,2620094489.62345,2510.511708984375,False,34.33368337229139,True,-7.836040112694375,True,True,True,True,False,False,False,False,2074.7046687825523,1987.6243603515625,True,3.6907513057883894,2,0.9152586112086397,29.220822639311105,2.202594084016125,False,3039.800048828125,0.11915744670882644,0.12588313160889755,False,8.502282369676784,89.0,True,True,5,True,True,True,True,True,True,True,True,8,True,False,,Gland Pharma Ltd.,Healthcare,EQ,INE068V01023,WAIT,"Stage 2 + RS 89; wait because price is more than 20% above the 30-week line (currently +34%) — the guide treats that as poor entry timing, not a failed trend."
GLAXO,2026-08-24,2931.699951171875,0.3031895809453402,0.1482422677134636,0.21369713593284456,0.07414885176276531,0.2084934834599508,2412.272785343536,1.4430951592967256,Stage 2 — Advancing,2525.078421798407,3054.89990234375,False,2088.10009765625,0.6126990010269244,4.00983053126097,483186303.60958254,2533.129990234375,False,21.532687720239174,True,-4.0328637634691304,True,True,True,True,False,False,False,False,2408.1522526041667,2414.5920837402346,True,3.061361980385355,2,1.39792318104461,30.406885071130763,2.6570073105243273,False,3054.89990234375,0.12469084398957436,0.12966621356378888,False,4.202338343752698,76.0,True,True,5,True,False,True,True,True,True,True,True,7,False,False,,Glaxosmithkline Pharmaceuticals Ltd.,Healthcare,EQ,INE159A01016,HOLD,Stage 2 + RS 76; trend/leadership is adequate without a stronger entry trigger.
GLENMARK,2026-08-25,2400.0,0.02695763799743256,0.15107913669064743,0.27557799627956414,0.22994053923629054,0.14210258964027345,2203.1383516494543,1.006942582805559,Stage 2 — Advancing,2243.1980267693016,2474.0,True,1792.5999755859375,1.2306507535068962,1.2617891950535773,1173771074.6118531,2244.92798828125,False,8.935510028371962,False,-2.991107518189162,True,True,True,True,False,False,False,False,2196.663328450521,2138.1744970703126,True,2.1535717192150297,2,1.3871546658229885,13.217678645187938,0.9291279885291813,False,2421.0,0.10164495585665778,0.10682561978282105,False,0.8750000000000036,68.0,True,True,5,True,True,True,True,True,True,True,False,7,False,False,,Glenmark Pharmaceuticals Ltd.,Healthcare,EQ,INE935A01035,HOLD,Stage 2 + RS 68; trend/leadership is adequate without a stronger entry trigger.
MEDANTA,2026-08-24,1405.5,0.13560982191493975,0.22271370438779603,0.12434905293353893,0.015381359220561164,0.12673275207435514,1210.3408704034214,1.6464176215584603,Stage 2 — Advancing,1360.0748697916667,1490.4714379274674,False,955.6610489257978,0.3778982482814374,1.31569138953178,350946776.78537595,1362.8870166015624,False,16.12431128856533,False,-5.700977272373764,True,True,True,True,False,False,False,False,1206.2946350097657,1203.0356784057617,True,2.74520442666185,2,0.7910624741568522,18.578137643994413,0.7016818318069887,False,1490.4714379274674,0.059778621327634056,0.06239736647412452,False,6.0456377038397235,65.0,True,True,5,True,True,True,True,True,True,True,False,7,False,False,,Global Health Ltd.,Healthcare,EQ,INE474Q01031,HOLD,Stage 2 + RS 65; trend/leadership is adequate without a stronger entry trigger.
GODIGIT,2026-08-25,258.79998779296875,-0.15562809855475124,-0.2399412986990639,-0.27272731950527307,-0.30139025707918,-0.22506301447860388,306.92294499645493,-1.4478282386883534,Stage 4 — Declining,284.12744858685664,381.3999938964844,False,244.1999969482422,0.17992567005106086,4.032281143771505,210101831.48837358,283.88899780273437,True,-15.67916572807615,False,-32.14473205702002,False,False,False,False,False,False,False,False,307.40366638183593,317.1782499694824,False,2.47019094847512,3,0.47079489033262,26.65565760772627,0.21271711728510906,False,332.95001220703125,0.01096071388954995,0.016292138789208606,False,28.65147910029271,5.0,True,False,0,False,False,False,False,False,False,False,False,0,False,False,,Go Digit General Insurance Ltd.,Financial Services,EQ,INE03JT01014,SELL,Stage 4 takes precedence: the guide requires SELL regardless of RS.
GPIL,2026-08-25,244.25999450683594,-0.13956133052981745,-0.09461773476146407,0.03532309480949314,0.009208944307731892,-0.0658416713407748,266.34451314847763,-0.22742089523016817,Stage 4 — Declining,250.16484728046493,318.68479368531104,False,220.30083502168418,0.4016815619212192,1.2842184839045645,465283741.9620285,249.65390106201173,True,-8.291711505740818,False,-23.353734051072017,False,False,False,False,False,False,False,False,265.7099666341146,262.0685108947754,False,3.7510511856134863,2,1.3325110398452822,18.006828886204612,1.8126516524487772,False,277.3055883140621,0.010344915149664504,0.013490607125614824,False,13.528860456230518,28.0,True,False,0,False,True,False,False,False,False,True,False,2,False,False,,Godawari Power & Ispat Ltd.,Capital Goods,EQ,INE177H01039,SELL,Stage 4 takes precedence: the guide requires SELL regardless of RS.
GODFRYPHLP,2026-08-24,2100.5,-0.07950358777191813,-0.00780938089800387,-0.26706603149939,-0.3914689567155747,-0.165070308931361,2128.658610304741,0.02130279378911304,Stage 1 — Basing,2146.1982613357845,3868.278555207404,False,1805.6870625140934,0.38385139178336963,1.1996620889653404,1261291644.4515138,2144.9838671875,True,-1.3228335520043766,False,-45.69936032211677,False,False,True,True,False,False,False,False,2127.3886328125,2260.6238928222656,False,2.235183308243036,1,1.4056502059623828,16.473032726348436,0.5238853577526821,False,2375.255706731194,0.08933830956861995,0.16002705844606963,False,13.080490679894986,11.0,True,False,2,False,False,False,False,False,False,False,False,0,False,False,2.0,Godfrey Phillips India Ltd.,Fast Moving Consumer Goods,EQ,INE260B01028,AVOID,Stage 1 + RS 11; weak RS in a basing stage is AVOID.
GODREJAGRO,2026-08-25,610.0999755859375,0.08704869419889971,-0.0026379132328295807,0.08895199183907887,-0.16973033764794754,0.01813622587122024,569.7092724107716,0.6066365603745405,Stage 2 — Advancing,560.4950776941636,745.5137248246311,False,496.4533186222811,24.960918728076532,3.1912286025821373,220779349.56740722,560.4143701171874,False,7.08970436872991,False,-18.163817073997844,True,True,False,True,False,False,False,False,568.1017248535156,566.8719625854492,False,3.267614053369942,1,2.4201338160719734,14.512001953125,5.85747227483966,False,625.0,0.025838993786075255,0.03232831374668182,False,2.44222668583991,47.0,True,False,3,True,True,False,False,True,False,True,False,4,False,False,,Godrej Agrovet Ltd.,Fast Moving Consumer Goods,EQ,INE850D01014,WAIT,Stage 2 + RS 47; wait because relative strength is below 50 — the trend has turned up but the stock still lags most of the universe.
GODREJCP,2026-08-25,929.2000122070312,-0.08434562554976655,-0.24116857347988108,-0.17600740640109203,-0.24927311612044556,-0.16702806942019036,1059.0574687800995,-1.7266248457815214,Stage 4 — Declining,1025.779722924326,1284.1352183767522,False,902.8120757721283,0.4552810193076962,0.367481406478925,2409854727.73555,1025.7189990234374,True,-12.261606230174426,False,-27.640018051867376,False,False,False,False,True,True,False,False,1063.2862927246094,1087.2400735473632,False,2.9802806598264096,2,0.9940283413923242,18.801433064737292,4.845690993606644,False,1111.8571544395784,0.039353539259495654,0.05542122841181264,False,19.657462315212506,10.0,True,False,0,False,False,False,False,False,False,False,False,0,False,False,,Godrej Consumer Products Ltd.,Fast Moving Consumer Goods,EQ,INE102D01028,SELL,Stage 4 takes precedence: the guide requires SELL regardless of RS.
GODREJIND,2026-08-24,1184.5,0.05148690634709285,0.1277729648033521,0.16378464748119037,-0.08007143331842692,0.06289199833206026,1076.8154096211472,1.438887036656089,Stage 2 — Advancing,1248.6686245787378,1443.0,False,744.2000122070312,0.9284008262254908,1.3056234528422923,149159309.35704345,1252.1899975585939,True,10.000283188437953,False,-17.91406791406791,True,False,True,True,False,False,False,False,1074.8536653645833,1062.9952474975587,True,3.896762185624963,1,0.974254004488332,27.64379933569387,0.7797331476086384,False,1443.0,0.05037906578625581,0.06071936096063862,False,21.823554242296318,55.0,True,True,4,True,True,True,True,False,True,True,False,6,False,False,,Godrej Industries Ltd.,Diversified,EQ,INE233A01035,HOLD,Stage 2 + RS 55; trend/leadership is adequate without a stronger entry trigger.
GODREJPROP,2026-08-25,2049.0,0.1649998008061866,0.145235377163204,-0.016760184939486944,-0.004831356660839448,0.09072868743505015,1809.603134364298,1.036946732391364,Stage 2 — Advancing,2004.1640625,2340.6858887816,False,1427.1018020889294,0.553368225806368,1.0215634558844706,1173093341.0107055,2008.529990234375,False,13.229246849188314,False,-12.461556254924567,True,True,True,True,False,False,False,False,1804.4765763346354,1864.0115838623046,False,2.371191351780921,3,0.5273227645342152,20.603963028499656,0.6019176042662348,True,2180.0,0.08677938106262158,0.09685617530797627,False,6.393362615910192,60.0,True,True,5,True,False,False,True,True,True,True,False,5,False,False,,Godrej Properties Ltd.,Realty,EQ,INE484J01027,HOLD,Stage 2 + RS 60; trend/leadership is adequate without a stronger entry trigger.
GOKEX,2026-08-24,796.9500122070312,0.14290839833436086,0.1227020351014283,-0.13072641490152592,0.05612249932583091,0.06678298323889101,726.807535667942,1.8060642380048009,Stage 2 — Advancing,816.2558845071231,954.9000244140625,False,531.0,0.19733483952893602,0.8285685833190795,219981952.39585876,818.1460021972656,True,9.650763523609829,False,-16.54099991294389,True,False,True,True,False,False,False,False,722.8436678059896,744.041750793457,False,2.733189298543249,3,0.5138042665117664,21.258523484072498,0.5669171159699296,True,894.7000122070312,0.03389581856761114,0.039596754451778876,False,12.26551207763913,56.0,True,True,4,True,False,False,True,False,True,True,False,4,False,False,,Gokaldas Exports Ltd.,Textiles,EQ,INE887G01027,HOLD,Stage 2 + RS 56; trend/leadership is adequate without a stronger entry trigger.
GOKULAGRO,2026-08-25,252.85000610351562,0.15583293313537916,0.48884180284616896,0.2835025690533788,0.5375494727622028,0.3243119421865018,207.0276024178283,2.5355766191976326,Stage 2 — Advancing,221.66666666666666,259.5,True,151.0,4.964568891738834,3.7023007714208984,218564852.04132003,221.65140014648438,False,22.13347551270357,True,-2.5626180718629543,True,True,True,True,False,False,True,True,205.68299977620444,201.25479965209962,True,3.5280648000612023,2,1.181112468762041,22.928709055876688,2.5180506110761414,False,259.5,0.01070871987864479,0.01073846602304717,True,2.630015319739365,85.0,True,True,5,True,True,True,True,True,True,True,True,8,True,False,,Gokul Agro Resources Ltd.,Fast Moving Consumer Goods,EQ,INE314T01033,WAIT,"Stage 2 + RS 85; wait because price is more than 20% above the 30-week line (currently +22%) — the guide treats that as poor entry timing, not a failed trend."
GRANULES,2026-08-24,855.2999877929688,0.13981198989225851,0.4294225160515346,0.6084858631695398,0.8693166416948399,0.4373698001400863,716.9373846184717,2.5047542306778636,Stage 2 — Advancing,835.9146369485294,908.1083439738012,False,455.3514449205745,0.29681742384534376,0.9004337176800347,497551147.80722654,837.6940490722657,False,19.299119580453826,False,-5.815204378559913,True,True,True,True,False,False,False,False,712.6920719401041,677.9729745483398,True,2.905831013120301,3,0.7286342957582221,19.065936111997146,0.3664191331684343,False,908.1083439738012,0.03637755538371107,0.03879765589947539,False,6.174249612361171,91.0,True,True,5,True,True,True,True,True,True,True,True,8,True,False,,Granules India Ltd.,Healthcare,EQ,INE101D01020,HOLD,Stage 2 + RS 91; trend/leadership is adequate without a stronger entry trigger.
GRAPHITE,2026-08-25,704.5499877929688,-0.04832065757309689,-0.009753331934465037,0.28943585777245184,0.3500463256756987,0.10661750727349835,667.2411628618632,1.0217341802372548,Stage 2 — Advancing,657.3268636067709,793.687103271785,False,500.30771094013573,0.4569773756820372,1.307496502482645,977547791.7345642,657.52455078125,False,5.591505291892407,False,-11.230762741560218,True,True,False,True,False,False,False,False,665.8589103190104,642.868402709961,True,3.069335089727442,2,0.5854371190131986,24.67460080944529,0.553130208041857,True,748.5,0.02983914683667712,0.033999177809298564,False,6.238026111490891,62.0,True,True,4,True,True,True,False,True,True,True,False,6,False,False,,Graphite India Ltd.,Capital Goods,EQ,INE371A01025,HOLD,Stage 2 + RS 62; trend/leadership is adequate without a stronger entry trigger.
GRASIM,2026-08-24,3288.0,0.04530248901503353,0.14550164935965304,0.22670542287557538,0.1721668036609325,0.1269957707852456,2955.4543657694776,1.1695790630350755,Stage 2 — Advancing,3173.0691683900122,3411.10009765625,False,2494.7282248871606,2.241172632021309,1.1469073723278354,3247018044.141333,3173.4371044921877,False,11.251929249259152,False,-3.608809302923466,True,True,True,True,False,False,False,False,2949.859493815104,2906.0402416992188,True,2.5062104469350333,2,1.509761330160064,10.571464871263933,2.0302505534137003,False,3411.10009765625,0.13984497113145555,0.14237761174704797,False,3.7439202450197717,65.0,True,True,5,True,True,True,True,True,True,True,False,7,False,False,,Grasim Industries Ltd.,Construction Materials,EQ,INE047A01021,HOLD,Stage 2 + RS 65; trend/leadership is adequate without a stronger entry trigger.
GRAVITA,2026-08-24,1807.800048828125,0.10251881604077062,0.1443220616236387,-0.013155726439627036,0.04654395234325315,0.07654958392176121,1639.7452058138913,0.9157060024361119,Stage 2 — Advancing,1742.4352883731617,1913.5999755859375,False,1266.9000244140625,0.5638662577856666,1.0727860979093737,448386640.27183837,1744.093994140625,False,10.248838808515949,False,-5.5288423969287015,True,True,True,True,False,False,False,False,1637.3786669921874,1672.460501098633,True,2.664249176923003,2,0.5738295870593513,15.775401069518717,0.7127349595424213,True,1870.0,0.07688921704373877,0.07943156467072615,False,3.4406432952690302,57.0,True,True,5,True,False,True,True,True,True,True,False,6,False,False,,Gravita India Ltd.,Metals & Mining,EQ,INE024L01027,HOLD,Stage 2 + RS 57; trend/leadership is adequate without a stronger entry trigger.
GESHIP,2026-08-25,1342.5999755859375,-0.17685060220783722,0.014523769442746914,0.2936602341098298,0.45108295118744257,0.08111315006486897,1391.7380011571597,0.9555305596246289,Stage 1 — Basing,1379.3736524394915,1766.7330608502607,False,894.2208429182053,3.287043086500034,2.197588095388371,1683160494.9419007,1378.8911108398438,True,-3.530695111462534,False,-24.00663092024803,False,False,False,True,False,False,False,False,1383.2433569335938,1307.2359710693358,True,2.899132904162365,2,0.9598942411332924,20.28481247624001,1.219540952766012,False,1581.8817457139457,0.05686188135482601,0.07526913218474682,False,17.822268321104428,58.0,True,True,2,False,True,True,False,False,True,True,False,4,False,False,2.0,Great Eastern Shipping Co. Ltd.,Services,EQ,INE017A01032,WATCH,Stage 1 + RS 58; adequate RS in a basing stage remains WATCH.
GREAVESCOT,2026-08-24,192.60000610351562,0.14593547255480033,0.2566577883213037,-0.041991376260664626,-0.06899955818497372,0.08750755979705321,179.74730013494622,0.9939347228686168,Stage 2 — Advancing,218.04993543437882,269.68934059737177,False,119.01442505726769,0.2819388922036998,0.4101930945017237,402001144.399717,218.61326385498046,True,7.150430609483527,False,-28.584494412385908,True,False,True,True,True,True,False,False,179.34001993815104,181.96141120910644,False,3.341121253631828,2,0.38589968852720696,30.30525908309213,0.3847150362103286,True,269.68934059737177,0.008191649116017125,0.011229769838117453,False,40.02561373358595,59.0,True,True,4,True,False,False,True,False,True,False,False,3,False,False,,Greaves Cotton Ltd.,Capital Goods,EQ,INE224A01026,REDUCE,Stage 2 + RS 59; distribution warning (U/D 0.41) triggers REDUCE.
GRINDWELL,2026-08-24,2053.10009765625,0.06647523920875997,0.23236293247200535,0.30960955732554596,0.3194473993880913,0.19887407352063252,1793.259848969558,2.0469867950211773,Stage 2 — Advancing,2090.0709324257045,2455.0,False,1316.5038257707065,0.26136047001779,1.575589055688715,77415725.82879639,2091.7908032226565,True,14.489826939247052,False,-16.37066811990835,True,False,True,True,False,False,False,False,1785.1956803385417,1729.3426708984375,True,2.4280343487803906,3,0.5502780594460732,20.52953156822811,0.267749356005262,True,2455.0,0.08732230045216753,0.10254103637652325,False,19.575270723650796,74.0,True,True,4,True,True,True,True,False,True,True,True,7,False,False,,Grindwell Norton Ltd.,Capital Goods,EQ,INE536A01023,HOLD,Stage 2 + RS 74; trend/leadership is adequate without a stronger entry trigger.
GAEL,2026-08-24,180.60000610351562,0.10499267869419726,0.2517327947845145,0.6743927784308119,0.7442534721518628,0.37607288055111676,152.2991095242435,1.5625779580740629,Stage 2 — Advancing,162.51333348891313,184.99000549316406,True,101.19999694824219,1.456068404414028,1.9740613449560165,366586433.1497261,162.62260009765626,False,18.582443894569913,False,-2.373100848310783,True,True,True,True,False,False,False,False,151.91959996541343,144.10170001983641,True,4.125532491527462,1,1.4403455388675341,25.56354783538259,0.8945262285453051,False,184.99000549316406,0.007681266009697944,0.007798256139818235,False,2.4307858478876287,88.0,True,True,5,True,True,True,True,True,True,True,True,8,True,False,,Gujarat Ambuja Exports Ltd.,Fast Moving Consumer Goods,EQ,INE036B01030,HOLD,Stage 2 + RS 88; trend/leadership is adequate without a stronger entry trigger.
FLUOROCHEM,2026-08-24,4622.60009765625,0.20568599312891234,0.3063358305783055,0.3613901038598881,0.35104585594272875,0.2860287553277494,3707.628085201734,2.3807388611039038,Stage 2 — Advancing,4241.113731234681,4958.89990234375,False,2916.60009765625,0.5884331940955314,2.424370311018368,1100543071.5004883,4252.23400390625,False,24.678095845331583,True,-6.7817421466513705,True,True,True,True,False,False,False,False,3696.0960042317706,3650.644002685547,True,3.4920041385495115,2,1.4340154545709576,26.8587777243547,2.7094347841205346,False,4958.89990234375,0.19660808309276212,0.20079761839426868,False,7.275122173298332,83.0,True,True,5,True,True,True,True,True,True,True,True,8,True,False,,Gujarat Fluorochemicals Ltd.,Chemicals,EQ,INE09N301011,WAIT,"Stage 2 + RS 83; wait because price is more than 20% above the 30-week line (currently +25%) — the guide treats that as poor entry timing, not a failed trend."
GMDCLTD,2026-08-25,567.3499755859375,-0.13454353420701448,0.004781636509582521,0.1624833311677243,0.3713140666521404,0.053898393183083655,606.7784210623128,0.22449145171470342,Stage 1 — Basing,584.633331897212,771.9000244140625,False,392.62370084930075,0.46730177561159747,1.9011966315769828,867514721.048706,583.9389990234375,True,-6.497997309684511,False,-26.4995520609545,False,False,False,True,False,False,False,False,604.8343298339844,590.5942477416992,False,3.0417115669682993,1,1.0644745407818865,13.261599238871637,0.8383183140552882,False,631.9000244140625,0.024028443009878536,0.03295992612430351,False,11.377465692399147,54.0,True,True,2,False,True,False,False,False,True,False,False,2,False,False,3.0,Gujarat Mineral Development Corporation Ltd.,Metals & Mining,EQ,INE131A01031,WATCH,Stage 1 + RS 54; adequate RS in a basing stage remains WATCH.
GNFC,2026-08-24,593.0,0.17054874231254935,0.29603325499009614,0.2154130096706135,0.15426339275106815,0.2013614284073753,489.53664429547035,1.5702315423993252,Stage 2 — Advancing,536.5764704685586,619.0,False,365.0,0.576287805113085,4.338347817939142,373999958.1690887,537.108999633789,False,21.134956271441464,True,-4.200323101777059,True,True,True,True,False,False,False,False,488.6356671142578,489.57050048828125,True,2.7734288248031347,2,0.7289083079581604,20.500806768414275,1.5731189571894013,False,619.0,0.025221431837272854,0.02597731760930328,False,4.384485666104543,75.0,True,True,5,True,False,True,True,True,True,True,True,7,False,False,,Gujarat Narmada Valley Fertilizers and Chemicals Ltd.,Chemicals,EQ,INE113A01013,HOLD,Stage 2 + RS 75; trend/leadership is adequate without a stronger entry trigger.
GPPL,2026-08-24,163.42999267578125,0.07336134619684231,-0.0647248052068149,-0.09144992083888392,0.10949675449957685,0.020008944169512537,157.56445218438972,-0.7768032786208079,Stage 3 — Topping,153.46686239803537,200.08999633789062,False,141.5500030517578,1.2754333095067034,3.3465391764528105,321007281.71963197,153.41979949951173,False,3.7226293177647696,False,-18.321757375717006,True,True,False,False,False,False,False,False,157.96240020751952,164.22240112304686,False,2.391588980454461,2,2.627969447289092,12.878111142053275,2.780834418594075,False,168.27000427246094,0.006950992277298851,0.008176943738778475,False,2.9615198027215683,47.0,True,False,2,False,False,False,False,True,False,True,False,2,False,False,,Gujarat Pipavav Port Ltd.,Services,EQ,INE517F01014,SELL,Stage 3 + RS 47; RS below 50 in Stage 3 triggers SELL.
GSFC,2026-08-25,159.16000366210938,-0.05928245543214328,-0.07211563694525325,-0.13354019518357563,-0.2180621495575118,-0.10845657851012544,165.08143772491036,-0.48674644042202564,Stage 4 — Declining,160.90431153540518,215.43096043485255,False,138.8300018310547,5.721436493542653,0.4881210156739131,138133923.184021,160.77699768066407,True,-3.5869775211604282,False,-26.12018098938004,False,False,False,False,True,True,False,False,165.23526611328126,169.09344940185548,False,2.249757138844267,2,0.7929575251735868,10.670800818494182,2.5544810038545287,False,170.83999633789062,0.006740754810991916,0.009298569949381982,False,7.338522497509747,19.0,True,False,0,False,False,False,False,False,False,False,False,0,False,False,,Gujarat State Fertilizers & Chemicals Ltd.,Chemicals,EQ,INE026A01025,SELL,Stage 4 takes precedence: the guide requires SELL regardless of RS.
HEG,2026-08-25,721.5499877929688,0.24134503918752048,0.2535687109673894,0.38109662708384584,0.4780083607998833,0.31907275544523195,577.7921537634445,1.823971774495603,Stage 2 — Advancing,609.5401174507889,749.0,False,457.2157644322142,0.5355878954137075,1.7240747275600545,1200298573.0339966,610.9657659912109,False,24.88054451642494,True,-3.6648881451310067,True,True,True,True,False,False,False,False,576.8582228597005,569.0651039123535,True,3.2791522978739476,1,1.3875247336470526,32.411385549728685,1.0928125624380762,False,749.0,0.030559131940661777,0.03149443549434596,False,3.80431192175521,85.0,True,True,5,True,True,True,True,True,True,True,True,8,True,False,,H.E.G. Ltd.,Capital Goods,EQ,INE545A01024,WAIT,"Stage 2 + RS 85; wait because price is more than 20% above the 30-week line (currently +25%) — the guide treats that as poor entry timing, not a failed trend."
HGINFRA,2026-08-24,506.6499938964844,-0.15128676729954316,-0.10631541719510018,-0.42093431491597433,-0.49139175259626944,-0.2642430038612861,566.1619011865903,-1.7610970353065691,Stage 4 — Declining,550.1728120691636,1046.1165979979082,False,427.93192345187117,0.512573035456163,5.631599659228328,162576414.37106323,549.7142687988281,True,-10.511464506067592,False,-51.5684967750127,False,False,False,False,False,False,False,False,568.8347993977865,625.9738708496094,False,3.310047415754327,2,2.6749913160916416,14.235107796855969,3.1610398780860343,False,588.2943181434706,0.02154879980845681,0.04392482590302419,False,16.114541642265824,2.0,True,False,0,False,False,False,False,False,False,False,False,0,False,False,,H.G. Infra Engineering Ltd.,Construction,EQ,INE926X01010,SELL,Stage 4 takes precedence: the guide requires SELL regardless of RS.
HBLENGINE,2026-08-24,690.9000244140625,-0.10811333810174173,-0.013774839122198457,-0.21748409902982102,-0.13383400354540442,-0.11626392358018148,746.8265974488977,-0.9152371027966288,Stage 4 — Declining,748.3725490196078,1119.1117883166673,False,613.0,0.6466740320497101,1.1068739683093343,704166544.9497497,747.4780004882813,True,-7.488562033794199,False,-38.26353795689236,False,False,True,False,False,False,False,False,746.1499035644531,782.1296578979492,False,2.981099004312858,1,1.39596552702172,21.736302415356615,1.0617667808533473,False,844.9000244140625,0.029385308384703924,0.04644557291315324,False,22.289766182973313,18.0,True,False,1,False,False,False,False,False,False,False,False,0,False,False,,HBL Engineering Ltd.,Capital Goods,EQ,INE292B01021,SELL,Stage 4 takes precedence: the guide requires SELL regardless of RS.
HCLTECH,2026-08-25,1315.800048828125,0.1402877442886088,-0.01706475616051517,-0.14777653710259642,-0.08563413520000573,0.00602001202282005,1280.7439395434235,-1.435380708973677,Stage 3 — Topping,1230.022969563802,1729.0085007948294,False,1019.5907239069678,0.35898679831450653,0.7706551803374774,2805895567.505371,1231.6776892089845,False,2.737167688429487,False,-23.898578391994686,True,True,False,False,False,False,False,False,1290.4928137207032,1363.8417276000976,False,2.082384456449702,3,0.6601562020071462,26.105907535449486,0.37325996682213836,False,1379.800048828125,0.05572684911638455,0.07322009964346166,False,4.86396090781418,44.0,True,False,2,False,False,False,False,True,False,True,False,2,False,False,,HCL Technologies Ltd.,Information Technology,EQ,INE860A01027,SELL,Stage 3 + RS 44; RS below 50 in Stage 3 triggers SELL.
HDBFS,2026-08-25,687.5999755859375,0.029814197851709023,-0.0494678207180993,-0.08739594655011051,-0.13577591497467845,-0.04260225730789404,681.62668139314,-0.4477041704669005,Stage 3 — Topping,711.0711681889553,797.0689006618342,False,553.7186859929476,0.1349166161998717,1.262314602891318,343350100.6121704,711.142001953125,True,0.8763292805071821,False,-13.733935044385849,True,False,True,False,False,False,False,False,682.4214591471355,699.6653939819336,False,2.327974171166718,3,0.5323111932035568,16.470661725706893,0.6771895203933668,False,786.5499877929688,0.029121278818946494,0.034507191970627786,False,14.390636375853717,34.0,True,False,2,False,False,False,True,False,False,True,False,2,False,False,,HDB Financial Services Ltd.,Financial Services,EQ,INE756I01012,SELL,Stage 3 + RS 34; RS below 50 in Stage 3 triggers SELL.
HDFCAMC,2026-08-25,2698.0,-0.0003949210583016338,0.004778216576782901,0.033265592822965484,-0.06415104054371501,-0.005379414652113979,2584.686812727419,0.22035060816212315,Stage 2 — Advancing,2624.652937346814,2903.739155124938,False,2158.391558795009,1.4128358283354079,1.3948622597635525,1892549572.7265015,2623.973994140625,False,4.384020018000201,False,-7.085318072107816,True,True,True,True,False,False,False,False,2580.5546728515624,2581.175865478516,False,1.7158208554368977,1,1.6890107398470142,13.031986861270422,1.0326627068429504,False,2838.39990234375,0.11426587120885946,0.12377157925735505,False,5.203851087611189,41.0,True,False,4,True,False,False,True,True,False,True,False,4,False,False,,HDFC Asset Management Company Ltd.,Financial Services,EQ,INE127D01025,WAIT,Stage 2 + RS 41; wait because relative strength is below 50 — the trend has turned up but the stock still lags most of the universe.
HDFCBANK,2026-08-25,727.5,-0.060135402965321605,-0.1851779743421189,-0.25284659107684193,-0.2469503167116699,-0.1610491376122548,793.1147945874358,-1.4817146451138186,Stage 4 — Declining,767.7641793045343,1003.8961237048558,False,714.8271607333363,0.5827669889197401,0.5576879662144913,18406913952.98484,767.6768737792969,True,-8.27305139624428,False,-27.532342956442758,False,False,False,False,True,True,False,False,796.140878499349,838.9334619140625,False,1.0284738442332475,2,0.586268804946949,15.172007641051305,0.598660462240799,False,843.0,0.03081112724404939,0.04205618179258779,False,15.876288659793826,11.0,True,False,0,False,False,False,False,False,False,False,False,0,False,False,,HDFC Bank Ltd.,Financial Services,EQ,INE040A01034,SELL,Stage 4 takes precedence: the guide requires SELL regardless of RS.
HDFCLIFE,2026-08-25,546.7000122070312,-0.11508304086819177,-0.25379325156532806,-0.28426253566748017,-0.30286080445415287,-0.21421653468466895,608.0454958562982,-1.9545494170923994,Stage 4 — Declining,560.066546271829,800.1481539505304,False,530.5,0.6769610725129893,1.0652822310405023,1905509676.9316773,559.8206762695313,True,-10.088962761392606,False,-31.675151719361306,False,False,False,False,False,False,False,False,611.053437093099,647.8771130371093,False,1.4927225358509566,3,0.8193227886805688,12.314049586776859,0.6192449914763309,False,605.0,0.023153874419840816,0.03432302192207526,False,10.663981432451664,5.0,True,False,0,False,False,False,False,False,False,False,False,0,False,False,,HDFC Life Insurance Company Ltd.,Financial Services,EQ,INE795G01014,SELL,Stage 4 takes precedence: the guide requires SELL regardless of RS.
HFCL,2026-08-25,238.00999450683594,0.46161876602458696,2.388042626431828,2.3660019458139265,2.2105507009883447,1.577566561056655,142.0058217767167,8.19718595544745,Stage 2 — Advancing,211.94411692899817,244.3000030517578,True,59.81999969482422,0.6466710046642005,3.272628165258888,4917341417.882476,212.40339935302734,False,67.60580061363379,True,-2.5747066992828693,True,True,True,True,False,False,False,False,139.87773317972818,122.0539999961853,True,3.876188332478642,3,0.7613393651519337,25.89029848951731,0.7033788730271485,False,244.3000030517578,0.010080214743787792,0.01014046160617331,False,2.6427497542508505,99.0,True,True,5,True,True,True,True,True,True,True,True,8,True,False,,HFCL Ltd.,Telecommunication,EQ,INE548A01028,WAIT,"Stage 2 + RS 99; wait because price is more than 20% above the 30-week line (currently +68%) — the guide treats that as poor entry timing, not a failed trend."
HAPPSTMNDS,2026-08-25,445.95001220703125,0.20615859491247002,0.25193664825601414,-0.09559306097480369,-0.24019818118308267,0.06569251918461355,375.0838597963934,0.16892572367315228,Stage 2 — Advancing,377.86229571174175,587.1263622982382,False,327.0399977629436,0.9582765378330884,3.9201159202459896,892716499.448732,378.44097229003904,False,18.893415581546492,False,-24.045309350203325,True,True,True,True,False,False,False,False,375.9139562988281,400.84872116088866,False,4.073168082621381,1,2.006483709966946,26.772446876484057,2.1930797772378057,False,453.1000061035156,0.018886903877108206,0.025163579089395205,False,1.6033173451658111,56.0,True,True,5,True,False,False,False,True,True,True,False,4,False,False,,Happiest Minds Technologies Ltd.,Information Technology,EQ,INE419U01012,HOLD,Stage 2 + RS 56; trend/leadership is adequate without a stronger entry trigger.
HAVELLS,2026-08-25,1269.0999755859375,0.05424482813518794,-0.10029207174493615,-0.09868473354438789,-0.18096871387455138,-0.054291172578699906,1254.6844850305008,-0.4361945619464347,Stage 3 — Topping,1225.576478247549,1608.1409386787757,False,1123.5999755859375,0.609749323068584,1.6648600571215741,1096710530.2592406,1226.4840087890625,False,1.1489335149534652,False,-21.082789134849655,True,True,False,False,False,False,False,False,1256.0458829752604,1298.1090093994142,False,1.8764712501440566,2,0.8386927450353172,13.285167389496197,0.5811256474631054,False,1315.0,0.053749004581715866,0.06909520998603082,False,3.61673826310418,31.0,True,False,2,False,False,False,False,True,False,True,False,2,False,False,,Havells India Ltd.,Consumer Durables,EQ,INE176B01034,SELL,Stage 3 + RS 31; RS below 50 in Stage 3 triggers SELL.
HCG,2026-08-24,718.7999877929688,0.09857863549343193,0.23694673957590884,-0.002982210108410488,0.060646266556922956,0.09835361340225704,615.156089051129,0.9521603026971137,Stage 2 — Advancing,665.0568620270374,804.6500244140625,False,513.2999877929688,0.40820141054617287,1.364790776631809,131092431.77844849,665.8109997558594,False,16.84839028444134,False,-10.669239298614174,True,True,True,True,False,False,False,False,615.7332600911458,637.1666949462891,False,3.5843477161119894,2,0.8964669706056257,21.774837670736755,1.0300414219582765,False,755.0,0.03057194754933039,0.0324101123533662,False,5.036173180550718,61.0,True,True,5,True,False,False,True,True,True,True,False,5,False,False,,Healthcare Global Enterprises Ltd.,Healthcare,EQ,INE075I01017,HOLD,Stage 2 + RS 61; trend/leadership is adequate without a stronger entry trigger.
HEMIPROP,2026-08-25,130.55999755859375,-0.10428099287235726,-0.07698833244678815,-0.05219602498298548,-0.04756349712116703,-0.07706196805913104,136.06958875264206,-0.12674988858402125,Stage 4 — Declining,136.52941146551393,190.69000244140625,False,111.19999694824219,0.6158694207119787,1.2099810308584782,50311546.823531345,136.42199981689453,True,-4.049098144967633,False,-31.532856527855348,False,False,True,False,False,False,False,False,135.91973307291667,135.99919986724854,False,2.082785009548431,2,0.884079269728138,11.58662223902945,0.6410423399863878,False,145.33999633789062,0.005529485495203587,0.007990377078148581,False,11.320464962986687,26.0,True,False,1,False,False,False,True,False,False,False,False,1,False,False,,Hemisphere Properties India Ltd.,Services,EQ,INE0AJG01018,SELL,Stage 4 takes precedence: the guide requires SELL regardless of RS.
HERITGFOOD,2026-08-24,387.54998779296875,0.1955833817871786,0.18884927276441266,-0.13944346163442634,-0.17254177709335705,0.05360615952219731,336.3369608839897,-1.0851434186144093,Stage 3 — Topping,338.968589034735,535.9513958603458,False,290.35662689794395,1.4296458528158158,11.090057688198847,122021676.14936677,339.3711315917969,False,15.226702047368379,False,-27.689340715150657,True,True,True,False,False,False,False,False,338.504516398112,369.39403091430665,False,3.033709581630016,3,0.9221952519326055,19.378251951497244,0.7292738563889457,False,390.0,0.016483247218644668,0.022698601795197802,False,0.6321796630632592,54.0,True,True,4,True,False,False,False,True,True,False,False,3,False,False,,Heritage Foods Ltd.,Fast Moving Consumer Goods,EQ,INE978A01027,REDUCE,Stage 3 with RS 54; the guide requires REDUCE when RS is 50 or higher.
HEROMOTOCO,2026-08-25,5624.5,0.14626074814492251,-0.005275358989781154,-0.04325002306952508,0.14903328981514874,0.07860588080913751,5180.698008080051,0.47208217074465875,Stage 2 — Advancing,5187.767252604167,6175.521739453033,False,4603.781580166306,0.6004231852185069,2.438082044085062,4031943546.8078613,5192.36119140625,False,8.566451687162147,False,-8.922675082378328,True,True,True,True,False,False,False,False,5184.2684147135415,5307.031940917968,True,2.1601920170681836,2,0.7826072722744699,22.456096005283705,0.6464496017830803,False,5937.0,0.23820918925657153,0.2581446846486796,False,5.556049426615695,58.0,True,True,5,True,False,True,False,True,False,True,False,4,False,False,,Hero MotoCorp Ltd.,Automobile and Auto Components,EQ,INE158A01026,HOLD,Stage 2 + RS 58; trend/leadership is adequate without a stronger entry trigger.
HEXT,2026-08-25,556.9000244140625,0.10026678085460428,0.21452036179309353,-0.21890850505204418,-0.3069595788641527,-0.022162832082778965,514.1283013330747,-1.4896602692691774,Stage 3 — Topping,546.0470610973882,806.968287345941,False,392.77756486306447,0.19024523764239737,1.1534556919814307,328715448.63717043,546.9730023193359,False,8.319270300834592,False,-30.988610934679294,True,True,True,False,False,False,False,False,519.1505562337239,570.2854675292969,False,3.5207645246771753,3,0.7267996821661475,24.21322908617296,0.37168527733636203,False,622.7999877929688,0.023585865999224593,0.03394973666848838,False,11.833356166260245,37.0,True,False,3,False,False,False,False,True,True,False,False,2,False,False,,Hexaware Technologies Ltd.,Information Technology,EQ,INE093A01041,SELL,Stage 3 + RS 37; RS below 50 in Stage 3 triggers SELL.
HSCL,2026-08-25,659.75,0.11209439528023601,0.3676534381079335,0.4992510918081414,0.41723692827703474,0.3016660497507163,590.1292592923935,3.111153799988764,Stage 2 — Advancing,715.8656903435202,819.5,False,417.9330556788151,0.3606347859497175,0.41770381945463153,4827873612.038025,716.39900390625,True,11.797540896563351,False,-19.493593654667485,True,False,True,True,True,True,False,False,586.4155027262369,555.7927952575684,True,4.795646512604545,2,1.5103685710985177,23.117756218063608,0.7980848593046431,False,819.5,0.02794177484434582,0.034458151417409884,False,24.213717317165596,84.0,True,True,4,True,True,True,True,False,True,True,True,7,False,False,,Himadri Speciality Chemical Ltd.,Chemicals,EQ,INE019C01026,REDUCE,Stage 2 + RS 84; distribution warning (U/D 0.42) triggers REDUCE.
HINDALCO,2026-08-25,1051.050048828125,-0.039165957589267,0.12708885342474807,0.3384849545228925,0.4759141518076653,0.17263120891535438,990.3694014875856,0.7210973513184005,Stage 2 — Advancing,989.3425879384957,1169.8969824893504,False,693.3828089038235,0.6506831980531856,1.5075881944327603,5067692616.120224,989.5834057617187,False,6.127072105559184,False,-10.158752047410058,True,True,False,True,False,False,False,False,988.909725748698,953.401812133789,True,2.5345398400641472,3,1.0166569380964623,14.275954763152487,0.6813603899767517,False,1087.949951171875,0.04451413992344699,0.050634792086899756,False,3.510765484944489,71.0,True,True,4,True,True,True,True,True,True,True,True,8,True,False,,Hindalco Industries Ltd.,Metals & Mining,EQ,INE038A01020,HOLD,Stage 2 + RS 71; trend/leadership is adequate without a stronger entry trigger.
HAL,2026-08-25,4900.0,0.10936286917638949,0.23210271418776363,0.11462603459059384,0.11062513391426299,0.13521592420907988,4328.75177921661,1.0340335445543136,Stage 2 — Advancing,4610.231962316177,5149.89990234375,False,3472.0644756594256,0.6344032685677211,2.04262000420817,5630237098.414111,4617.492734375,False,13.196603776776762,False,-4.852519603925098,True,True,True,True,False,False,False,False,4327.295224609375,4354.657565917969,True,2.649497504284135,2,1.1875234531530998,17.2553801353753,1.5627174547438414,False,5149.89990234375,0.20752511820734298,0.2172338540218736,False,5.099998007015305,66.0,True,True,5,True,False,True,True,True,True,True,False,6,False,False,,Hindustan Aeronautics Ltd.,Capital Goods,EQ,INE066F01020,HOLD,Stage 2 + RS 66; trend/leadership is adequate without a stronger entry trigger.
HCC,2026-08-25,22.610000610351562,0.01027709822206635,0.25263166570823725,-0.03582090086391099,-0.15413389459190663,0.01664621333931046,20.717945255645333,0.38233733460604213,Stage 2 — Advancing,23.060588350483016,30.0,False,13.649999618530273,1.3248559096096695,1.4623872824109263,532203932.10238254,23.01200012207031,True,9.132446926370141,False,-24.63333129882812,True,False,True,True,False,False,False,False,20.66373338063558,20.67911445617676,False,3.6772588806256,1,1.463619797076295,31.122809962222455,0.919845400213098,False,28.5,0.0009575802141492458,0.0012630089317144577,False,26.050416765366258,46.0,True,False,3,True,False,False,True,False,True,True,False,4,False,False,,Hindustan Construction Co. Ltd.,Construction,EQ,INE549A01026,WAIT,Stage 2 + RS 46; wait because the close is below its 50-session average — short-term timing has weakened even though the 30-week trend is intact.
HINDCOPPER,2026-08-25,532.6500244140625,-0.023645795376319723,-0.09096337005303534,0.6661585931923755,1.2706323093733132,0.35970718835200277,536.2085447964603,0.09638528372581945,Stage 1 — Basing,509.9323538985907,758.8333740234375,False,225.17591695325885,6.724905421790993,1.3694205326675868,7613436080.1384535,509.8960009765625,False,-0.6636448480597301,False,-29.80672138998318,False,True,False,True,False,False,False,False,536.2679628499349,506.1003889465332,True,5.025415067035622,2,1.7393649198368222,20.068172134639966,4.406880049156964,False,586.75,0.022558828424422948,0.03280051473961458,False,10.156758304000778,87.0,True,True,3,False,True,True,False,True,True,False,True,5,False,False,3.0,Hindustan Copper Ltd.,Metals & Mining,EQ,INE531E01026,WATCH★,"Stage 1 + RS 87; high leadership in a basing stage is WATCH★, not a buy."
HINDPETRO,2026-08-25,373.20001220703125,-0.02708113951551594,-0.10138122844069486,-0.1379970941895916,0.016056054904999506,-0.05549690935126378,373.59010816600227,-0.8009766928406492,Stage 4 — Declining,375.2267240636489,483.5386775606495,False,300.70788795552824,0.9291976339207035,0.8804002221175958,2197106596.6358414,375.08898010253904,True,-0.10441817126423114,False,-22.8189947307325,False,False,True,False,False,False,False,False,374.470434366862,391.77666229248047,False,1.5222158482104384,3,0.43687653897747625,11.416673941689716,0.8852870265004711,False,399.4222517252405,0.015805791152703266,0.019881373313176624,False,7.026323328109263,30.0,True,False,1,False,False,False,False,False,False,True,False,1,False,False,,Hindustan Petroleum Corporation Ltd.,Oil Gas & Consumable Fuels,EQ,INE094A01015,SELL,Stage 4 takes precedence: the guide requires SELL regardless of RS.
HINDUNILVR,2026-08-25,2024.199951171875,-0.06906929531578476,-0.1389998714386267,-0.15298078201056353,-0.21687824776769693,-0.12939949836969133,2181.614502789223,-0.9220968145692843,Stage 4 — Declining,2121.7036324295345,2701.0768426775303,False,2002.13518292342,0.6140462420664848,0.5767161869424419,2972811235.1683106,2120.5827294921874,True,-7.215507204232985,False,-25.05951999627967,False,False,False,False,True,True,False,False,2186.445236816406,2226.1719622802734,False,1.208590371723038,2,1.0323775271002227,10.409507103714681,0.6404186938697279,False,2239.300048828125,0.08572904778413086,0.11630180079523313,False,10.626425394967608,15.0,True,False,0,False,False,False,False,False,False,False,False,0,False,False,,Hindustan Unilever Ltd.,Fast Moving Consumer Goods,EQ,INE030A01027,SELL,Stage 4 takes precedence: the guide requires SELL regardless of RS.
HINDZINC,2026-08-25,592.5999755859375,-0.06603628749261226,-0.02523651610000155,0.3044256848509659,0.38814657353983195,0.10705263346111436,575.5727221345248,-0.804828036503713,Stage 3 — Topping,550.8284361596201,719.8477125036038,False,410.49978483014684,2.17072672183557,1.426746894225844,3621399609.226349,550.5590051269531,False,2.958314874316259,False,-17.677035671212092,True,True,False,False,False,False,False,False,578.1973946126302,569.4510505676269,True,3.0718148488556594,2,1.0439282984984348,16.15923119951768,1.7304180699697438,False,614.2000122070312,0.025097832649620455,0.03129602394616798,False,3.64496076796772,62.0,True,True,3,True,True,True,False,True,True,True,False,6,False,False,,Hindustan Zinc Ltd.,Metals & Mining,EQ,INE267A01025,REDUCE,Stage 3 with RS 62; the guide requires REDUCE when RS is 50 or higher.
POWERINDIA,2026-08-25,33300.0,-0.06530230860944197,0.33306457703957015,0.531963483243745,0.7124910217664222,0.2893828929661707,30108.10673961901,3.9346061207028216,Stage 2 — Advancing,33494.14342064951,38775.74235339215,False,16107.154467866794,0.6086909434823297,1.5487810234171064,4566413226.930664,33469.3921484375,True,10.601441292822322,False,-14.121566786491513,True,False,True,True,False,False,False,False,29749.564453125,27233.17333496094,True,3.830251052413227,2,0.7798006179909436,18.57506034443493,0.6122278242962873,False,37326.085544602036,1.4103237625111267,1.6964216012159596,False,12.090346980786904,83.0,True,True,4,True,True,True,True,False,True,True,True,7,False,False,,Hitachi Energy India Ltd.,Capital Goods,EQ,INE07Y701011,WAIT,Stage 2 + RS 83; wait because the close is below its 50-session average — short-term timing has weakened even though the 30-week trend is intact.
HOMEFIRST,2026-08-24,1192.9000244140625,0.12702167295920552,-0.0054976166919289415,0.05676297301351063,-0.08331431434896308,0.04439887757820593,1127.056392275054,0.7090733133204852,Stage 2 — Advancing,1189.054895737592,1368.6040625997546,False,889.5428439967044,0.6595959151059305,0.9842632553755412,174105207.09202272,1190.5259936523437,False,5.842088522837607,False,-12.838193527785569,True,True,True,True,False,False,False,False,1124.5254370117189,1124.3749545288085,False,1.819694478785739,3,0.46356149138783265,14.407562831520154,0.552075582935699,True,1289.5999755859375,0.050736334999056325,0.05744454051065254,False,8.106291323061443,52.0,True,True,5,True,True,False,True,True,True,True,False,6,False,False,,Home First Finance Company India Ltd.,Financial Services,EQ,INE481N01025,HOLD,Stage 2 + RS 52; trend/leadership is adequate without a stronger entry trigger.
HONASA,2026-08-24,490.79998779296875,0.27696105112271896,0.6057582123138854,0.6903736093533563,0.6357274046337087,0.49715626570927773,372.75205554700875,3.4690864109902186,Stage 2 — Advancing,455.5794127221201,509.79998779296875,False,248.39999389648438,0.3781604291673628,3.443403336663364,1033927298.3906937,456.5480010986328,False,31.669290749510747,True,-3.726951835023573,True,True,True,True,False,False,False,False,370.2140008544922,347.7837509155273,True,3.2912737152348894,2,0.8262044134466868,21.890933357820828,2.2558575834921157,False,509.79998779296875,0.020874668529265953,0.02130968893569676,False,3.871230740130871,92.0,True,True,5,True,True,True,True,True,True,True,True,8,True,False,,Honasa Consumer Ltd.,Fast Moving Consumer Goods,EQ,INE0J5401028,WAIT,"Stage 2 + RS 92; wait because price is more than 20% above the 30-week line (currently +32%) — the guide treats that as poor entry timing, not a failed trend."
HONAUT,2026-08-24,36640.0,0.03780805888300298,0.16240413565165457,0.013197172289124648,-0.03534800260151949,0.043173884621053135,33579.29651131466,0.746477876715268,Stage 2 — Advancing,38014.37262561275,41495.0,False,26146.075333867524,0.3436488010114946,1.6974102387905858,250537375.25,38058.5846875,True,9.11485292032259,False,-11.700204843957106,True,False,True,True,False,False,False,False,33570.0148046875,33765.4297265625,True,2.0118527760449156,3,0.6955121230340486,13.715460246478326,0.4474973950129643,False,41495.0,1.5583697512945656,1.7259162184584527,False,13.250545851528383,51.0,True,True,4,True,False,True,True,False,True,True,False,5,False,False,,Honeywell Automation India Ltd.,Capital Goods,EQ,INE671A01010,HOLD,Stage 2 + RS 51; trend/leadership is adequate without a stronger entry trigger.
HUDCO,2026-08-24,187.52999877929688,-0.0736817018315602,0.007896798955196127,-0.1554447131895368,-0.08204130974917401,-0.07539052552932701,194.73606851656143,-0.5714915124350184,Stage 4 — Declining,199.62518819173178,239.21870378078592,False,156.7442971017576,0.3632318473172221,0.68903202339634,381827353.1292244,199.48634582519531,True,-3.7004288892952153,False,-21.60730084419121,False,False,True,False,True,False,False,False,194.92226196289062,200.6506884765625,False,2.05726032725994,1,1.2194644805071078,14.158335143533392,0.726325546711542,False,214.90729010906625,0.007976011942084145,0.009945563460849956,False,14.598886315777971,26.0,True,False,1,False,False,False,False,False,False,True,False,1,False,False,,Housing & Urban Development Corporation Ltd.,Financial Services,EQ,INE031A01017,SELL,Stage 4 takes precedence: the guide requires SELL regardless of RS.
HYUNDAI,2026-08-25,2232.5,0.19826668874244646,0.021445699449674116,-0.020419111828464453,-0.08840806467450657,0.0618303800863192,1976.7086775270227,-0.15173308206598568,Stage 3 — Topping,2040.5160295075061,2862.6621204739863,False,1642.3163104887294,0.9385760627743607,1.8964804865738878,1965341013.6697876,2042.2059423828125,False,12.94026405514581,False,-22.013150485592302,True,True,True,False,False,False,False,False,1984.3520629882812,2064.794310913086,False,2.102701848954167,2,0.8100074136841753,18.004543543399222,0.8314696664241141,False,2273.89990234375,0.09455098497916187,0.11848116013376947,False,1.854418917973133,55.0,True,True,4,True,False,False,False,True,True,True,False,4,False,False,,Hyundai Motor India Ltd.,Automobile and Auto Components,EQ,INE0V6F01027,REDUCE,Stage 3 with RS 55; the guide requires REDUCE when RS is 50 or higher.
ICICIBANK,2026-08-25,1422.699951171875,0.11061613841184981,0.02441561391237146,0.056631262664766036,0.0010424628612406561,0.06066432325241555,1334.9431235953552,0.23036268439884378,Stage 2 — Advancing,1402.5272719439338,1467.6271961496604,False,1177.67166509731,0.6987220543789512,0.8752558719479216,13814228788.292517,1404.114912109375,False,6.573825208385453,False,-3.061216438047254,True,True,True,True,False,False,False,False,1335.1342496744792,1342.8159631347655,True,1.3184192364060363,3,0.5768773537820785,10.040542120586386,0.5638951537722122,True,1467.6271961496604,0.06025428072255601,0.06212997021403192,False,3.1578861685332082,55.0,True,True,5,True,False,True,True,True,False,True,False,5,False,False,,ICICI Bank Ltd.,Financial Services,EQ,INE090A01021,HOLD,Stage 2 + RS 55; trend/leadership is adequate without a stronger entry trigger.
ICICIGI,2026-08-25,1616.0,-0.1252031409306582,-0.16354569724881185,-0.1885263240807742,-0.1519507390746716,-0.15088580845311483,1777.8209136544842,-0.8273447974416315,Stage 4 — Declining,1707.2784304151348,2057.089271774458,False,1544.5999755859375,0.6670856022030979,0.7463822434875066,1244530078.1537414,1705.7519995117189,True,-9.102205537780828,False,-21.44239814123243,False,False,False,False,False,False,False,False,1779.005848795573,1823.4848107910157,False,1.6000718004801315,3,0.3351472995449803,18.426196166573146,0.540700298754856,False,1893.5,0.06844093694348291,0.08583928231133418,False,17.172029702970292,13.0,True,False,0,False,False,False,False,False,False,True,False,1,False,False,,ICICI Lombard General Insurance Company Ltd.,Financial Services,EQ,INE765G01017,SELL,Stage 4 takes precedence: the guide requires SELL regardless of RS.
ICICIAMC,2026-08-25,3291.800048828125,,,,,,3147.0620250963184,0.8060432195857503,Stage 2 — Advancing,3199.8352816712622,,False,,0.4079596130179044,0.7838340297283688,947926685.4826905,3198.9239892578125,False,4.59914747715775,False,,True,True,True,True,False,False,False,False,3137.6268424479167,,False,2.3758167179546046,3,0.882833818153717,15.344730941704036,0.7673528633637332,False,3568.0,0.13941452943836613,,False,8.390544597938199,,True,False,4,False,False,False,False,True,False,False,False,1,False,False,,ICICI Prudential Asset Management Company Ltd.,Financial Services,EQ,INE346A01027,WAIT,Stage 2 + RS unavailable; wait for a clearer entry trigger; no breakout setup is present.
ICICIPRULI,2026-08-24,511.25,-0.013509783027551903,-0.22433595563697128,-0.155307042630759,-0.18053793242435479,-0.11744009934943779,543.0996875501659,-1.8166576843593574,Stage 4 — Declining,502.3843132467831,704.3556293706895,False,459.5,0.42925333265570875,0.8399564308135894,727420589.4104217,502.70899963378906,False,-5.864427522290539,False,-27.415927596577994,False,True,False,False,False,False,False,False,545.9767842610677,569.6121270751953,False,2.1788339884681713,3,0.7156770292831078,9.982142097000173,0.6256645361309003,False,531.9500122070312,0.021744446925473435,0.029107652936680727,False,4.048902143184607,17.0,True,False,1,False,False,False,False,True,False,False,False,1,False,False,,ICICI Prudential Life Insurance Company Ltd.,Financial Services,EQ,INE726G01019,SELL,Stage 4 takes precedence: the guide requires SELL regardless of RS.
IDBI,2026-08-25,88.30999755859375,0.2090634782538756,-0.22207540371709866,-0.12737153931181355,-0.06560157060095906,0.0006156885755759893,84.57595882677052,-1.2892785074094304,Stage 3 — Topping,84.31549027386833,118.37999725341797,False,61.0099983215332,1.0282676413839777,2.828041599422605,645565801.2238743,84.45880004882812,False,4.415012000598573,False,-25.4012505427356,True,True,False,False,False,False,False,False,84.92786656697591,88.99674987792969,False,2.0819520685870208,3,0.7206626215173889,16.184282173632283,0.6167296706523288,False,92.25,0.0037401107514770074,0.005026723426993623,False,4.4615587706160476,43.0,True,False,2,False,False,False,False,True,True,False,False,2,False,False,,IDBI Bank Ltd.,Financial Services,EQ,INE008A01015,SELL,Stage 3 + RS 43; RS below 50 in Stage 3 triggers SELL.
IDFCFIRSTB,2026-08-25,85.0,0.2273208076941975,0.21403735045222705,0.07435039916205244,0.21300093045456392,0.1912060590914477,74.81503308962469,0.34588061407530013,Stage 2 — Advancing,81.92840247060738,88.50001826783308,False,57.90987854420542,0.5616405334424036,0.7871155988487627,1044554030.6975857,82.02151062011718,False,13.613529914735478,False,-3.954822085166987,True,True,True,True,False,False,False,False,75.01877276102702,76.80558488845826,True,1.3333952491601173,2,0.6709223216374653,13.373142187702472,0.4690453327313699,False,88.50001826783308,0.0035999255199232966,0.003698862260177143,False,4.117668550391862,73.0,True,True,5,True,False,True,True,True,True,True,True,7,False,False,,IDFC First Bank Ltd.,Financial Services,EQ,INE092T01019,HOLD,Stage 2 + RS 73; trend/leadership is adequate without a stronger entry trigger.
IFBIND,2026-08-24,1407.0999755859375,0.34124488450211987,0.255218533082906,-0.17795173469357195,-0.047583625061875856,0.1424345884663396,1194.600340124679,0.13990435956241498,Stage 2 — Advancing,1333.5392156862745,2019.800048828125,False,883.2000122070312,0.2967230713218246,1.42988782276484,90567906.32119751,1334.8519995117188,False,17.788345467830702,False,-30.334689495510816,True,True,True,True,False,False,False,False,1199.0043310546876,1303.8997479248046,False,3.3391889210416603,3,0.8506228370224571,16.469072529415836,0.35703604801810235,False,1476.0999755859375,0.059846671370099525,0.08174889524202437,False,4.9037027359244645,68.0,True,True,5,True,False,False,True,True,True,False,False,4,False,False,,IFB Industries Ltd.,Consumer Durables,EQ,INE559A01017,HOLD,Stage 2 + RS 68; trend/leadership is adequate without a stronger entry trigger.
IFCI,2026-08-25,83.25,0.3481781376518218,0.4262463855301608,0.6557279638256226,0.5563656269899415,0.4669392503298737,66.48547959001097,2.1938396783334646,Stage 2 — Advancing,76.88901998482498,95.80000305175781,False,46.22999954223633,1.1956516204222294,6.300307988233471,2010155490.7777152,76.65080032348632,False,25.215310942132096,True,-13.100211536504258,True,True,True,True,False,False,False,False,66.2547334543864,62.703100051879886,True,3.237236216057017,1,0.5966498581363588,28.862213616987525,0.527420063908086,False,95.80000305175781,0.003525809406277817,0.003914150590669422,False,15.075078740850234,91.0,True,True,5,True,True,True,True,True,True,True,True,8,True,False,,IFCI Ltd.,Financial Services,EQ,INE039A01010,WAIT,"Stage 2 + RS 91; wait because price is more than 20% above the 30-week line (currently +25%) — the guide treats that as poor entry timing, not a failed trend."
IIFLCAPS,2026-08-25,334.95001220703125,-0.03067566476746142,0.12023415453856612,0.14522084774775101,0.05006734388779832,0.05083420332783853,322.998827895073,-0.3921333779019376,Stage 3 — Topping,338.0764704685585,407.5051309315702,False,240.39999389648438,0.41515141697369,0.4867271341821612,74172128.88113861,337.98,True,3.7000704893705105,False,-17.80471292684721,True,False,True,False,True,True,False,False,323.4692672729492,325.3756270599365,True,0.8881934065581637,3,0.34008674071560374,4.979259924522159,0.36460310894561976,False,349.45001220703125,0.014185824668737782,0.016315836879667943,False,4.329004171236628,53.0,True,True,3,True,False,True,True,False,True,True,False,5,False,False,,IIFL Capital Services Ltd.,Financial Services,EQ,INE489L01022,REDUCE,Stage 3 with RS 53; the guide requires REDUCE when RS is 50 or higher.
IIFL,2026-08-25,666.25,0.3825482640348723,0.3090676569803914,0.2041256800883715,0.463859794614081,0.34842993195051775,512.2189527537724,0.6456093602792201,Stage 2 — Advancing,573.5176457423789,705.0,False,409.1000061035156,3.75201531693379,2.3017406920221157,1653979225.2695527,574.4259991455078,False,30.07132914901558,True,-5.49645390070922,True,True,True,True,False,False,False,False,513.8688395182292,531.0484628295899,True,3.2291618680481102,2,1.2141413899956017,30.99290780141844,1.4234351686104585,False,705.0,0.028217063266457603,0.029619233975100214,False,5.816135084427776,87.0,True,True,5,True,False,True,True,True,True,True,True,7,False,False,,IIFL Finance Ltd.,Financial Services,EQ,INE530B01024,WAIT,"Stage 2 + RS 87; wait because price is more than 20% above the 30-week line (currently +30%) — the guide treats that as poor entry timing, not a failed trend."
INOXINDIA,2026-08-25,1900.0,0.32103116273199706,0.6609490442243904,0.6182773177610739,0.6589212045468134,0.5160419783992544,1542.82221462302,3.4263607533121743,Stage 2 — Advancing,1933.4254940257354,2119.800048828125,False,1066.9168905614442,0.33007682854897463,1.334321789879924,287780755.621936,1935.3020043945312,True,23.15093612158381,True,-10.368904791262533,True,False,True,True,False,False,False,False,1531.0449747721354,1434.9989239501954,True,2.9473688799635807,3,0.33397844544894184,16.454384413329446,0.22716942848114402,True,2119.800048828125,0.08046892338652074,0.08966198032317854,False,11.568423622532897,93.0,True,True,4,True,True,True,True,False,True,True,True,7,False,False,,INOX India Ltd.,Capital Goods,EQ,INE616N01034,WAIT,"Stage 2 + RS 93; wait because price is more than 20% above the 30-week line (currently +23%) — the guide treats that as poor entry timing, not a failed trend."
IRB,2026-08-24,18.90999984741211,-0.13749299570385776,-0.05373357384134625,-0.11887526436756679,-0.12773838607574894,-0.11506664313847552,20.72756917509314,-0.3967458240736521,Stage 4 — Declining,20.195472044103287,23.835262248930352,False,18.8700008392334,0.7541090652615512,1.1632669845914987,210899352.24990568,20.17803066253662,True,-8.768849411753866,False,-20.663764258516903,False,False,False,False,False,False,False,False,20.706694310506183,20.800638704299928,False,1.152074894752885,2,0.9098742239693883,13.974590590882682,0.5457076697792372,False,21.93538045194526,0.000804278705218119,0.0010733572304050993,False,15.998839920388374,18.0,True,False,0,False,False,False,False,False,False,True,False,1,False,False,,IRB Infrastructure Developers Ltd.,Construction,EQ,INE821I01022,SELL,Stage 4 takes precedence: the guide requires SELL regardless of RS.
IRCON,2026-08-25,123.3499984741211,-0.1348716728150946,-0.15956942915163652,-0.2269821844351363,-0.2611184151475804,-0.18348267487290848,138.25045117939987,-1.5522594577738302,Stage 4 — Declining,130.18666675044042,188.0146956609217,False,114.5,0.9643552901530851,0.9433927773974458,176721493.1128586,130.0120001220703,True,-10.77786913399892,False,-34.3934270454163,False,False,False,False,False,False,False,False,138.6581605021159,144.47209335327148,False,2.407782867879588,3,0.6714261561637043,14.800556193029134,0.9258191670588513,False,142.89999389648438,0.005224127145758685,0.007914376689757415,False,15.84920605123874,8.0,True,False,0,False,False,False,False,False,False,False,False,0,False,False,,IRCON International Ltd.,Construction,EQ,INE962Y01021,SELL,Stage 4 takes precedence: the guide requires SELL regardless of RS.
ITCHOTELS,2026-08-25,166.24000549316406,0.06414034178827688,-0.06252471211329169,-0.19351279510495278,-0.3132927247965145,-0.08820990968764104,164.77459560028495,-0.7465351709964207,Stage 3 — Topping,170.49941119025735,252.01763269909762,False,136.40565982941717,0.28357849069424435,1.2054664520464606,274509769.5715553,170.75519927978516,True,0.8893421267644586,False,-34.03635939567362,True,False,True,False,False,False,False,False,165.24153564453124,173.60396942138672,False,1.9670368049695437,3,0.26796704441389935,16.702124413023604,0.3071095816618363,False,188.0,0.007040607508318003,0.01089092985077521,False,13.08950540652547,23.0,True,False,2,False,False,False,False,False,False,False,False,0,False,False,,ITC Hotels Ltd.,Consumer Services,EQ,INE379A01028,SELL,Stage 3 + RS 23; RS below 50 in Stage 3 triggers SELL.
ITC,2026-08-25,271.3999938964844,-0.08276418875147729,-0.1280881438121434,-0.2898285987162472,-0.28725009631446785,-0.17413904326916263,292.71823391849045,-0.9234245719909828,Stage 4 — Declining,282.9911756328508,407.1428648264985,False,265.0,0.6116310024676294,0.9244997881922732,4068126582.6041884,282.8179992675781,True,-7.282853458299532,False,-33.34035363430971,False,False,False,False,False,False,False,False,293.1715983072917,312.1964392089844,False,1.4448896107145326,1,1.7130753486417043,10.032248860162452,0.8738156204891214,False,294.54998779296875,0.011494350166293894,0.01739286611720863,False,8.529843189795393,9.0,True,False,0,False,False,False,False,False,False,False,False,0,False,False,,ITC Ltd.,Fast Moving Consumer Goods,EQ,INE154A01025,SELL,Stage 4 takes precedence: the guide requires SELL regardless of RS.
ITI,2026-08-24,279.0,-0.03326405370924446,0.02010968921389389,-0.14193447566595008,-0.0571138703787758,-0.049093352849864186,285.3654112097335,-0.3696360713998148,Stage 4 — Declining,288.7186285280714,372.8500061035156,False,237.0,0.3133478726198532,0.8530513990439895,96401443.05321808,288.4580010986328,True,-2.2306176430945124,False,-25.17098151192191,False,False,True,False,False,False,False,False,285.52533365885415,291.24250015258787,False,2.933949491517457,3,0.7762698277881003,16.67945529706382,0.6271134804393027,False,325.8500061035156,0.011866407221920955,0.015433147186098159,False,16.7921168829805,32.0,True,False,1,False,False,False,False,False,False,False,False,0,False,False,,ITI Ltd.,Telecommunication,EQ,INE248A01017,SELL,Stage 4 takes precedence: the guide requires SELL regardless of RS.
INDGN,2026-08-24,566.6500244140625,0.11913874960755089,0.1861984620934667,0.10662646064297854,-0.005872466333063375,0.10504599112369674,500.4106409778334,1.013796055150018,Stage 2 — Advancing,525.484640084061,594.1911109088581,False,412.19021062389317,0.6063823773444696,3.428937837502887,440353249.03283995,525.7672369384766,False,13.237005373585431,False,-4.635055285944878,True,True,True,True,False,False,False,False,499.7695817057292,504.47394927978513,True,2.949036343009885,2,0.729310783226953,17.778752932509416,1.2153828521571846,False,583.5999755859375,0.024100716638024072,0.025222599892012587,False,2.9912557030950193,61.0,True,True,5,True,False,True,True,True,True,True,False,6,False,False,,Indegene Ltd.,Healthcare,EQ,INE065X01017,HOLD,Stage 2 + RS 61; trend/leadership is adequate without a stronger entry trigger.
INDIACEM,2026-08-24,367.75,-0.08246005189511274,-0.13623018203170878,-0.073327467950007,-0.023240371845949515,-0.07954362512357815,396.04315185546875,-1.4439297268308615,Stage 4 — Declining,386.26568663354016,485.79998779296875,False,342.3500061035156,0.14774067923575018,0.9006754163990891,55866295.49312897,386.10400024414065,True,-7.1439568448324,False,-24.300121605453306,False,False,False,False,False,False,False,False,397.75433451334635,404.22350082397463,False,2.0336028498515955,1,1.1633745808071632,12.055711437386012,0.43502671116441893,False,416.3999938964844,0.015641115612406564,0.020376574788219425,False,13.229094193469582,25.0,True,False,0,False,False,False,False,False,False,True,False,1,False,False,,India Cements Ltd.,Construction Materials,EQ,INE383A01012,SELL,Stage 4 takes precedence: the guide requires SELL regardless of RS.
INDIAGLYCO,2026-08-25,1170.5,0.15742115507631382,0.271518682517085,0.06958232268276343,0.44327555656971107,0.21984377438443742,992.863987752836,1.4488736184831597,Stage 2 — Advancing,1082.9823548560048,1219.0,False,785.7167851431964,2.5038214926126656,1.9360009274282386,331779165.0121643,1085.1540014648438,False,17.891273572043875,False,-3.978671041837567,True,True,True,True,False,False,False,False,988.7075903320313,999.8952023315429,True,4.167327908793937,1,1.741331275804265,24.938474159146843,3.2168597869967215,False,1219.0,0.0495730920125908,0.051157295185318315,False,4.14352840666381,77.0,True,True,5,True,False,True,True,True,True,True,True,7,False,False,,India Glycols Ltd.,Fast Moving Consumer Goods,EQ,INE560A01023,HOLD,Stage 2 + RS 77; trend/leadership is adequate without a stronger entry trigger.
INDIASHLTR,2026-08-24,669.75,-0.13528718535694517,-0.049802733245574604,-0.2262005660424592,-0.24981105441243234,-0.1592777448828713,751.9859964304957,-0.8343779392073536,Stage 4 — Declining,745.7753200157016,956.1393942292481,False,640.0,0.6238536164602742,0.8131772499355832,115009994.77139893,745.2968591308594,True,-10.93584146790645,False,-29.9526822090736,False,False,False,False,False,False,False,False,752.1036433919271,772.6555276489257,False,3.7215386683963905,1,1.3421685568756458,22.82182695206512,1.039695366033274,False,829.25,0.02848575712143928,0.041687547248691115,False,23.814856289660312,12.0,True,False,0,False,False,False,False,False,False,False,False,0,False,False,,India Shelter Finance Corporation Ltd.,Financial Services,EQ,INE922K01024,SELL,Stage 4 takes precedence: the guide requires SELL regardless of RS.
INDIAMART,2026-08-25,1750.300048828125,-0.11257810724984685,-0.1793449942216011,-0.236768242056293,-0.3172409300654767,-0.19170207616861293,1976.4882478060788,-1.2002850431569123,Stage 4 — Declining,1861.651829139859,2595.059706203541,False,1722.300048828125,0.26707106798069497,1.2053675158965012,216189378.7894287,1858.3727734375,True,-11.443943531110035,False,-32.55260968971162,False,False,False,False,False,False,False,False,1980.8783919270834,2039.229736328125,False,1.976803522785664,3,0.473379787353283,18.57122739786113,0.6799211936320944,False,2115.10009765625,0.07412882133293364,0.11331774157672424,False,20.84214355546461,7.0,True,False,0,False,False,False,False,False,False,False,False,0,False,False,,Indiamart Intermesh Ltd.,Consumer Services,EQ,INE933S01016,SELL,Stage 4 takes precedence: the guide requires SELL regardless of RS.
INDIANB,2026-08-25,878.0,0.06731388906077518,-0.08834505353674338,0.027034459872684824,0.3422705117248446,0.08311753923646728,860.0807436590326,0.34058320614334114,Stage 2 — Advancing,846.3460813036152,980.0229061203939,False,629.1964291964156,0.5986423306703216,1.6336732835155097,1137935382.8054414,846.2070031738281,False,2.083438848396213,False,-10.410257299420778,True,True,False,True,False,False,False,False,859.7983516438802,848.667135925293,True,2.1253660917670025,2,0.5351754341298356,14.887142023705117,0.3266046707060931,True,903.7999877929688,0.03718511301756064,0.04266820985262522,False,2.9384951928210334,59.0,True,True,4,True,True,True,False,True,True,True,False,6,False,False,,Indian Bank,Financial Services,EQ,INE562A01011,HOLD,Stage 2 + RS 59; trend/leadership is adequate without a stronger entry trigger.
IEX,2026-08-25,124.19999694824219,-0.026493218641651994,-0.0121784548770828,-0.08955045246917648,-0.11252200412688118,-0.05344746975128889,123.79808243006876,-0.33969807978667665,Stage 3 — Topping,124.67588222728057,155.89996069995715,False,112.81550713216181,0.42721544956363383,0.6349897012754585,463831996.6972443,124.69799987792969,True,0.3246532662575463,False,-20.333529020398068,True,False,True,False,True,False,False,False,123.85143310546874,127.08973114013672,False,1.555095997776085,2,0.79722673495394,13.728104129350513,0.3489315359816928,False,134.75999450683594,0.005260126336333795,0.00626898329963675,False,8.502413702147194,31.0,True,False,2,False,False,False,False,False,False,True,False,1,False,False,,Indian Energy Exchange Ltd.,Financial Services,EQ,INE022Q01020,SELL,Stage 3 + RS 31; RS below 50 in Stage 3 triggers SELL.
INDHOTEL,2026-08-24,728.9000244140625,0.1259456972448867,0.08281623846532993,0.015248150227813007,-0.07188153332038572,0.055614849972506125,675.3091526815336,0.5574108314555293,Stage 2 — Advancing,727.2705772250306,792.1222716847145,False,562.4948988120375,0.4305839713690286,0.5115465891591254,1119772915.1543975,728.0801623535157,False,7.9357537980536685,False,-7.981374786519845,True,True,True,True,True,True,False,False,674.7166796875,685.8698663330078,False,1.5424424296611208,3,0.49408107121118405,9.210781901816254,0.4686617943069422,True,757.4000244140625,0.031001521554714664,0.03392621102731054,False,3.910001240967187,54.0,True,True,5,True,False,False,True,True,False,True,False,4,False,False,,Indian Hotels Co. Ltd.,Consumer Services,EQ,INE053A01029,REDUCE,Stage 2 + RS 54; distribution warning (U/D 0.51) triggers REDUCE.
IMFA,2026-08-24,1390.5999755859375,-0.024432028870206568,0.12294906794141558,0.13452115613291826,0.6211263373519025,0.16594650073716466,1370.3107458663314,1.197068187523409,Stage 2 — Advancing,1392.0857986749388,1670.7880501060147,False,829.6099643486841,0.7176843424757903,0.9743389944945402,338408654.4765259,1391.2280322265624,True,1.4806298338395418,False,-16.769815567109102,True,False,True,True,False,False,False,False,1363.1528751627604,1356.4728936767578,True,3.975160568261129,2,0.7529031459710303,20.47909407346867,0.7956595038768759,False,1541.5,0.059144894598910654,0.07192204438583523,False,10.851432983125143,70.0,True,True,4,True,True,True,True,False,True,True,True,7,False,False,,Indian Metals & Ferro Alloys Ltd.,Metals & Mining,EQ,INE919H01018,HOLD,Stage 2 + RS 70; trend/leadership is adequate without a stronger entry trigger.
IOC,2026-08-25,139.0,-0.025780679847470234,-0.2241327444029756,-0.10822097627415583,0.04571840518686199,-0.06763933503704198,146.40581522902397,-0.7729750996098184,Stage 4 — Declining,139.97842706418504,184.95879041358242,False,129.06965104614895,0.6638215084120765,0.8359957353103629,1198600898.1026893,139.90143341064453,True,-5.058416031794222,False,-24.848124444810082,False,False,False,False,False,False,False,False,146.62792978922525,149.5223265838623,False,1.4216345543061217,4,0.5881056524627587,7.936036763120244,0.6527842871167097,False,146.93045955930924,0.005886937026698097,0.00792081525055965,False,5.7053665894311045,28.0,True,False,0,False,False,False,False,False,False,True,False,1,False,False,,Indian Oil Corporation Ltd.,Oil Gas & Consumable Fuels,EQ,INE242A01010,SELL,Stage 4 takes precedence: the guide requires SELL regardless of RS.
IOB,2026-08-25,33.029998779296875,-0.02249192410886347,-0.09506852659460618,-0.1495880883230094,-0.13556661683566407,-0.08504141599420133,34.176164470306816,-0.35362365901299153,Stage 4 — Declining,34.11372547523648,41.79999923706055,False,31.200000762939453,0.6219637540722496,0.6308229287287083,73470067.34997234,34.11540000915527,True,-3.3536990144279133,False,-20.980862722093185,False,False,False,False,True,False,False,False,34.18480005900065,34.89120008468628,False,1.6348777415961826,2,0.6339861075481807,9.937030864274883,0.4902644533196268,False,36.529998779296875,0.0013988886532779548,0.0017602224618653562,False,10.596427881776949,24.0,True,False,0,False,False,False,False,False,False,True,False,1,False,False,,Indian Overseas Bank,Financial Services,EQ,INE565A01014,SELL,Stage 4 takes precedence: the guide requires SELL regardless of RS.
IRCTC,2026-08-25,482.54998779296875,-0.10281675244611577,-0.20358150132174002,-0.2837643014334319,-0.32295394594472393,-0.20318665071842548,537.5804416186189,-1.506197773474094,Stage 4 — Declining,503.99705774643843,729.6617501297184,False,481.0,0.5879162337056726,0.5957389993238107,496047864.75918734,503.61899841308593,True,-10.236691956269306,False,-33.866618647999346,False,False,False,False,True,True,False,False,539.6432212320964,572.8306562805176,False,1.9450246123729469,2,1.5460224101848565,8.72865275142315,0.9504705809921501,False,527.0,0.020436988419936276,0.03110358200081338,False,9.21148343829239,6.0,True,False,0,False,False,False,False,False,False,False,False,0,False,False,,Indian Railway Catering And Tourism Corporation Ltd.,Consumer Services,EQ,INE335Y01020,SELL,Stage 4 takes precedence: the guide requires SELL regardless of RS.
IRFC,2026-08-25,85.44999694824219,-0.14932802842919835,-0.17408682672374065,-0.2602580143709423,-0.29970751175026944,-0.20654168194066982,97.85440596489057,-2.0073229949847615,Stage 4 — Declining,89.96960793289483,135.7285614195044,False,85.0,0.8821002613182441,0.6301189359573588,686011853.7086017,89.81640014648437,True,-12.676392947599101,False,-37.043466714322,False,False,False,False,True,False,False,False,98.29549163818359,103.31849918365478,False,1.460334914807026,3,0.3609242486227101,16.00790260549862,0.6056012769158085,False,101.19999694824219,0.0036189838198981746,0.005560734506083041,False,18.431832138671588,6.0,True,False,0,False,False,False,False,False,False,False,False,0,False,False,,Indian Railway Finance Corporation Ltd.,Financial Services,EQ,INE053F01010,SELL,Stage 4 takes precedence: the guide requires SELL regardless of RS.
IREDA,2026-08-25,120.61000061035156,-0.07058644802752201,-0.03379151742633446,-0.1422644799283974,-0.17908257616309053,-0.09926229391457328,124.09242635230495,-0.8599381054311572,Stage 4 — Declining,122.2015687531116,162.48846681097575,False,108.07695869934327,2.3812912212687416,1.1777510102931998,627955833.5539402,122.12260009765625,True,-2.806316101892148,False,-25.77319302873463,False,False,False,False,False,False,False,False,124.19619903564453,128.0581442260742,False,1.7701682659806068,2,0.9587126124970243,14.595691932627162,0.805120219807354,False,133.19000244140625,0.005108082578296105,0.006813297234383063,False,10.430314043108456,21.0,True,False,0,False,False,False,False,False,False,False,False,0,False,False,,Indian Renewable Energy Development Agency Ltd.,Financial Services,EQ,INE202E01016,SELL,Stage 4 takes precedence: the guide requires SELL regardless of RS.
INDIGOPNTS,2026-08-24,1142.5,0.13862863484298327,0.20478753000830863,-0.10486933689522782,0.007940008822232114,0.0770230943242559,967.8561689821008,-0.07679483825923095,Stage 3 — Topping,1074.8990287032782,1345.9000244140625,False,708.0499877929688,0.3458676589130279,5.295340024630341,219783788.73703614,1076.2910095214843,False,18.044399221174867,False,-15.112565623335406,True,True,True,False,False,False,False,False,972.0140043131511,1034.5422537231445,True,3.511099354778837,1,1.3676225010262328,18.42083871871467,4.451552274321574,False,1220.9000244140625,0.04859272491413868,0.05565664042322237,False,6.862146557029547,57.0,True,True,4,True,False,True,True,True,True,True,False,6,False,False,,Indigo Paints Ltd.,Consumer Durables,EQ,INE09VQ01012,REDUCE,Stage 3 with RS 57; the guide requires REDUCE when RS is 50 or higher.
ICIL,2026-08-25,422.5,0.36742357647291235,0.5700292221253493,0.34937109829969937,0.7052253602462366,0.47189456672342206,324.7925041930316,3.659915497889532,Stage 2 — Advancing,409.72483556410845,462.0,False,216.04358355223812,0.30422367876706097,4.019700259645902,822918752.8195083,411.0694854736328,False,30.08305134680651,True,-8.549783549783552,True,True,True,True,False,False,False,False,322.31651916503904,313.0549334716797,True,6.474561456021316,2,0.8344936415924878,26.719060207679256,3.9560253747741885,False,462.0,0.017893747437265798,0.018982703919550682,False,9.34911242603551,92.0,True,True,5,True,True,True,True,True,True,True,True,8,True,False,,Indo Count Industries Ltd.,Textiles,EQ,INE483B01026,WAIT,"Stage 2 + RS 92; wait because price is more than 20% above the 30-week line (currently +30%) — the guide treats that as poor entry timing, not a failed trend."
IGL,2026-08-25,148.67999267578125,-0.07352943273871781,-0.1196637266084678,-0.2222914306803685,-0.2762864885557076,-0.1530601022643959,160.20479740508614,-1.0054636032071018,Stage 4 — Declining,155.76039243211935,219.28693712723197,False,141.74000549316406,0.409240381380197,1.2523628169306553,300089610.7664833,155.500400390625,True,-7.193795014867021,False,-32.19842703648327,False,False,False,False,False,False,False,False,160.55944417317707,168.02648330688476,False,2.3564498515729504,2,1.0338011066935349,16.224376140607475,1.487647484272053,False,175.60000610351562,0.006296904705124161,0.009337037501000496,False,18.106009385161492,12.0,True,False,0,False,False,False,False,False,False,False,False,0,False,False,,Indraprastha Gas Ltd.,Oil Gas & Consumable Fuels,EQ,INE203G01027,SELL,Stage 4 takes precedence: the guide requires SELL regardless of RS.
INDUSTOWER,2026-08-25,387.25,-0.08437069809131814,-0.12921459383651435,-0.004400613361771111,0.1326960423235688,-0.03393211221147059,404.16236563904647,-0.5285222364670106,Stage 4 — Declining,380.5880755256204,464.0362575162202,False,301.2139693350539,1.2243295167515258,1.0949926305869293,1944365365.8079574,380.263515625,False,-4.184547369299285,False,-16.547469356645294,False,True,False,False,False,False,False,False,404.05577006022133,402.9240689086914,True,2.167984868492965,3,0.7145475731436927,11.1483256679951,0.8101003577223577,False,402.83938079366646,0.016400837148121135,0.019638748882378987,False,4.025663213341879,35.0,True,False,1,False,True,True,False,True,False,True,False,4,False,False,,Indus Towers Ltd.,Telecommunication,EQ,INE121J01017,SELL,Stage 4 takes precedence: the guide requires SELL regardless of RS.
INDUSINDBK,2026-08-24,1018.4000244140625,0.12074879646292547,0.09517878154802961,0.2200819366155704,0.34199386488264616,0.1797504351944194,922.7176609823149,0.6874911432062536,Stage 2 — Advancing,991.4995296702665,1077.8499755859375,False,709.4508644993872,0.46166783911962583,1.0126557656776243,1141544570.8738341,992.6957006835937,False,10.369625236162182,False,-5.515605373517496,True,True,True,True,False,False,False,False,922.5026847330729,906.6603811645508,True,1.6159808097144461,3,0.5360199124597745,16.621567617248843,0.3983244191826058,True,1077.8499755859375,0.043314513994664905,0.046199943950625245,False,5.83758343938372,72.0,True,True,5,True,True,True,True,True,True,True,True,8,True,False,,IndusInd Bank Ltd.,Financial Services,EQ,INE095A01012,HOLD,Stage 2 + RS 72; trend/leadership is adequate without a stronger entry trigger.
NAUKRI,2026-08-24,1349.0,0.4081520104792631,0.32936796784883016,0.007307187543125648,-0.015988943752024087,0.22739804651969156,1077.4506392805545,0.4326208918109309,Stage 2 — Advancing,1171.410831227022,1423.5480532701476,False,905.5050975494345,0.4517416525873085,1.8834119589670713,2765951505.652234,1175.2505078125,False,25.20295137610824,True,-5.236778140288079,True,True,True,True,False,False,False,False,1083.6962182617187,1147.8832525634766,False,2.936038568996214,2,0.992063616403231,31.555611890345148,0.9700936918093772,False,1391.0,0.05737556753538125,0.061055051088154955,False,3.1134173461823567,78.0,True,True,5,True,False,False,True,True,True,True,True,6,False,False,,Info Edge (India) Ltd.,Consumer Services,EQ,INE663F01032,HOLD,Stage 2 + RS 78; trend/leadership is adequate without a stronger entry trigger.
INFY,2026-08-25,1144.0,0.00021857923497270448,-0.09405821194285313,-0.23640699210867222,-0.22547627518773938,-0.11110086415386387,1203.0507590934021,-2.39827485561801,Stage 4 — Declining,1101.1607797660079,1691.3991593070652,False,982.4000244140625,0.6228839256000187,1.1953705665752423,12058904409.968786,1100.3119958496093,False,-4.9084179239371135,False,-32.3636887422437,False,True,False,False,False,False,False,False,1214.3480529785156,1300.6980429077148,False,1.9980004736474464,4,0.4345764563314465,17.790792936061717,0.5444842364705501,False,1195.0,0.04845076229167354,0.07217847184942537,False,4.458041958041958,19.0,True,False,1,False,False,False,False,True,False,False,False,1,False,False,,Infosys Ltd.,Information Technology,EQ,INE009A01021,SELL,Stage 4 takes precedence: the guide requires SELL regardless of RS.
INOXGREEN,2026-08-25,173.50999450683594,-0.024183134305149734,-0.0007487035433625389,-0.20626720191090853,0.16991435077251804,-0.0170935646584105,175.82972508260647,0.11336601148270731,Stage 1 — Basing,189.66313709932214,279.0,False,132.5800018310547,1.6341030565557135,0.46007592292899574,180387637.63490373,189.49459991455078,True,-1.3193051258430288,False,-37.81003781116992,False,False,True,True,True,True,False,False,175.56546569824218,184.7186993408203,False,4.141383752620997,2,1.4656546865979503,21.391136351641606,0.7404584971018706,False,209.89999389648438,0.007348506555140114,0.011431836155096374,False,20.97285490272709,38.0,True,False,2,False,False,False,True,False,True,False,False,2,False,False,2.0,Inox Green Energy Services Ltd.,Services,EQ,INE510W01014,AVOID,Stage 1 + RS 38; weak RS in a basing stage is AVOID.
INOXWIND,2026-08-25,73.73999786376953,-0.24010720148323483,-0.22517600837958773,-0.4525612506724572,-0.48307044501326923,-0.32820442140635675,89.23123268231954,-2.5484243550981,Stage 4 — Declining,81.07705882951325,159.3000030517578,False,72.69999694824219,1.1658041784703002,0.7837483969120633,1076350873.2960598,80.88279998779296,True,-17.360776437664825,False,-53.709983395410966,False,False,False,False,False,False,False,False,89.67319981892904,99.47219982147217,False,2.9553632222585704,2,1.0503823936452168,23.231257348428418,0.9307268999701337,False,94.69999694824219,0.0031230411782220387,0.0066041739705053155,False,28.42419269281111,1.0,True,False,0,False,False,False,False,False,False,False,False,0,False,False,,Inox Wind Ltd.,Capital Goods,EQ,INE066P01011,SELL,Stage 4 takes precedence: the guide requires SELL regardless of RS.
INTELLECT,2026-08-24,687.5,-0.005484052648953797,-0.004128569618653932,-0.36684996390190405,-0.2828573296736816,-0.13296079369842945,717.0769649139822,-1.791482745410533,Stage 4 — Declining,732.0213455499387,1232.7256944645226,False,589.5214019484429,0.5388188674350793,1.33345263356577,373052859.28470457,731.6355139160156,True,-4.124656956109329,False,-44.229279629103566,False,False,True,False,False,False,False,False,721.8880415852865,797.3717666625977,False,2.7028561282467534,2,1.1160947743173906,14.372536151714712,0.4902215141508601,False,790.6341839103262,0.0292406987995364,0.0501014388916525,False,15.001335841502005,14.0,True,False,1,False,False,False,False,False,False,False,False,0,False,False,,Intellect Design Arena Ltd.,Information Technology,EQ,INE306R01017,SELL,Stage 4 takes precedence: the guide requires SELL regardless of RS.
INDIGO,2026-08-25,5218.0,0.15906619720341597,0.05469541637983566,-0.09645021645021645,-0.14682799215173314,0.02590992043694362,4770.94621329472,0.6402375025237328,Stage 2 — Advancing,5232.558823529412,6101.5,False,3895.199951171875,0.348106459121548,0.8755104681462845,2749922330.95,5240.41,True,9.370338015119927,False,-14.48004589035483,True,False,True,True,False,False,False,False,4773.264672851563,4903.931004638672,False,1.8206209275584515,3,0.4972721588557155,12.127814088598402,0.39924304282217066,True,5508.0,0.22099307485835012,0.2657162324601852,False,5.557684936757368,48.0,True,False,3,True,False,False,True,False,True,True,False,4,False,False,,InterGlobe Aviation Ltd.,Services,EQ,INE646L01027,WAIT,Stage 2 + RS 48; wait because the close is below its 50-session average — short-term timing has weakened even though the 30-week trend is intact.
IGIL,2026-08-25,343.95001220703125,-0.07316260846424916,0.04318026425872645,0.08570690398584158,-0.01836225581981532,-0.007160060900749122,340.8621529357074,0.7357048268423538,Stage 2 — Advancing,347.4421823538986,386.08705544308634,False,282.67090105928503,0.7506532966920164,1.378491754321749,229040707.29397735,347.1139190673828,True,0.9058967810680496,False,-10.913871014840737,True,False,True,True,False,False,False,False,339.6068454996745,334.84848358154295,True,3.0040745836264495,2,1.1694997310020205,12.318253550216156,0.7456574484572096,False,368.61940450933116,0.01456699325320025,0.0165258491567183,False,7.172377213771064,40.0,True,False,3,True,True,True,True,False,False,True,False,5,False,False,,International Gemological Institute Ltd.,Services,EQ,INE0Q9301021,WAIT,Stage 2 + RS 40; wait because the close is below its 50-session average — short-term timing has weakened even though the 30-week trend is intact.
IKS,2026-08-24,1789.4000244140625,0.12831830308798087,0.22889915144322726,0.06670642289959017,0.15103566995723616,0.14065557009520308,1629.4061663901969,0.5460603997907265,Stage 2 — Advancing,1795.8215667126226,1933.0,False,1262.0,0.47374686526907545,0.5030403047374662,283505774.26289064,1798.2339990234375,True,9.819151376990165,False,-7.428865783028327,True,False,True,True,True,True,False,False,1630.782001953125,1638.2135003662108,True,3.29080782531329,2,1.140222503637394,16.23383594558329,0.5888727593314466,False,1933.0,0.07610662857567227,0.08257953193059515,False,8.025034851162438,68.0,True,True,4,True,False,True,True,False,True,True,False,5,False,False,,Inventurus Knowledge Solutions Ltd.,Information Technology,EQ,INE115Q01022,REDUCE,Stage 2 + RS 68; distribution warning (U/D 0.50) triggers REDUCE.
IONEXCHANG,2026-08-24,370.1000061035156,-0.06315651806203448,-0.015167594131464623,0.06672429192096518,-0.16508113298682958,-0.0479674942642796,382.875000418049,0.2879454885647226,Stage 1 — Basing,403.61372764437806,486.0,False,312.70001220703125,0.2990183334212348,0.5028335769677523,154670735.90257415,404.52800231933594,True,-3.336596617847809,False,-23.847735369646994,False,False,True,True,True,True,False,False,382.06400024414063,377.46649978637697,False,3.311846282347799,2,0.3214663827527014,26.97530989784272,0.2483247280760984,False,486.0,0.01574106589698834,0.020057048018630157,False,31.315858412622543,33.0,True,False,2,False,True,False,True,False,False,True,False,3,False,False,3.0,Ion Exchange (India) Ltd.,Utilities,EQ,INE570A01022,AVOID,Stage 1 + RS 33; weak RS in a basing stage is AVOID.
IPCALAB,2026-08-24,1920.4000244140625,0.20283836793270438,0.2717397753829911,0.34929796596461116,0.35862042819050366,0.27706698108070293,1596.6527726682898,1.456149267348561,Stage 2 — Advancing,1745.2745576746324,1945.0999755859375,True,1247.2697331943216,0.6638386871559511,4.172880362025507,1261288425.3389404,1748.7750830078126,False,20.27662227428031,True,-1.2698550964936661,True,True,True,True,False,False,False,False,1593.4945084635417,1552.2156103515624,True,3.9120305380108835,1,1.6787658913793968,21.61295067521371,4.907497333646705,False,1945.0999755859375,0.08167831081965667,0.08167831081965667,True,1.2861878180516761,82.0,True,True,5,True,True,True,True,True,True,True,True,8,True,False,,Ipca Laboratories Ltd.,Healthcare,EQ,INE571A01038,WAIT,"Stage 2 + RS 82; wait because price is more than 20% above the 30-week line (currently +20%) — the guide treats that as poor entry timing, not a failed trend."
JKCEMENT,2026-08-24,5215.5,-0.058045492794513764,-0.06951438421188982,-0.057282227160570964,-0.2347738622185972,-0.09553229183601711,5407.989622351241,-0.46410039377455803,Stage 4 — Declining,5440.754279641544,7098.081114552473,False,4654.177313328525,0.13931101860624223,0.3947140503545745,175216882.875,5446.423271484375,True,-3.559356355930887,False,-26.522395055373604,False,False,True,False,True,True,False,False,5415.774166666667,5468.527414550781,False,2.0200775161948585,2,0.5696215961385466,11.675887807081843,0.2906571295209981,False,5790.0,0.22182525758397398,0.3100040389229378,False,11.015243025596778,22.0,True,False,1,False,False,False,False,False,False,False,False,0,False,False,,J.K. Cement Ltd.,Construction Materials,EQ,INE823G01014,SELL,Stage 4 takes precedence: the guide requires SELL regardless of RS.
JAIBALAJI,2026-08-25,65.61000061035156,-0.09987651036159495,-0.03854040644415535,-0.021184517302779593,-0.36021454258526286,-0.12393849741107754,68.18369870643093,-0.11662461729401441,Stage 4 — Declining,65.79529399497837,108.0,False,53.650001525878906,1.6469512032536184,0.9803076460997168,45882904.81189289,65.75499992370605,True,-3.7746530987715743,False,-39.24999943485966,False,False,False,False,False,False,False,False,68.17806678771973,68.57335021972656,False,5.673133464583659,2,1.2185491114550857,23.78537123644871,2.3674632306684193,False,74.91999816894531,0.002778719006581031,0.004596903155086979,False,14.189906221590354,16.0,False,False,0,False,False,False,False,False,False,False,False,0,False,False,,JAI BALAJI INDUSTRIES Ltd.,Metals & Mining,EQ,INE091G01026,SELL,Stage 4 takes precedence: the guide requires SELL regardless of RS.
JBMA,2026-08-25,647.5499877929688,0.015127704984445156,0.16371636910314802,0.06768340938659323,0.018480556877119803,0.05602714906715027,623.310615226014,0.6021200824968487,Stage 2 — Advancing,671.1078383501838,790.0,False,477.0,0.39351378456046154,4.8161215084358595,605774851.7206695,670.8359948730468,True,3.888811128006453,False,-18.031647114814085,True,False,True,True,False,False,False,False,621.3289992268881,617.971749420166,False,2.647341799964945,1,1.3446853434895625,16.844959297774203,1.4923901786600655,False,738.5,0.027425079135081496,0.03173478517462856,False,14.045249621116396,54.0,True,True,4,True,True,False,True,False,True,True,False,5,False,False,,JBM Auto Ltd.,Automobile and Auto Components,EQ,INE927D01051,HOLD,Stage 2 + RS 54; trend/leadership is adequate without a stronger entry trigger.
JKLAKSHMI,2026-08-25,542.4500122070312,-0.10732857295527798,-0.2493695126911648,-0.2981055129531207,-0.4101323944832336,-0.23445291320761502,619.4235083175032,-2.2344532870991696,Stage 4 — Declining,570.471451104856,978.6400679718223,False,540.4500122070312,0.7753329173559252,0.5372684614986939,175533935.42407838,570.0062915039063,True,-12.426634617008592,False,-44.571039960459714,False,False,False,False,True,True,False,False,623.6648193359375,661.4084625244141,False,2.5341367452046257,2,1.1708406081063798,13.110930513339028,0.5420404641601527,False,622.0,0.02297387814384465,0.04156254716849777,False,14.664943497615358,4.0,True,False,0,False,False,False,False,False,False,False,False,0,False,False,,JK Lakshmi Cement Ltd.,Construction Materials,EQ,INE786A01032,SELL,Stage 4 takes precedence: the guide requires SELL regardless of RS.
JKPAPER,2026-08-25,388.8999938964844,0.00019880790604021037,0.15225960328230292,0.0788692334438521,-0.03987753865812382,0.03832978277602232,355.5732240874192,1.005317284084084,Stage 2 — Advancing,368.9404111375996,440.18408478548275,False,301.6864340741184,0.3336869058356728,1.1856186489657266,128907243.92901306,369.25232482910155,False,9.37268825418409,False,-11.650600887578866,True,True,True,True,False,False,False,False,354.501401163737,355.9213104248047,False,2.784225421282925,1,1.315049202067488,20.515227975632243,0.5545007326194644,False,422.56883086056166,0.0164707177967761,0.01831822602483999,False,8.6574537136761,51.0,True,True,5,True,False,False,True,True,False,True,False,4,False,False,,JK Paper Ltd.,Forest Materials,EQ,INE789E01012,HOLD,Stage 2 + RS 51; trend/leadership is adequate without a stronger entry trigger.
JKTYRE,2026-08-24,382.6000061035156,0.051277486628262814,-0.27732665027220793,-0.13516931854413083,0.18925860848710951,-0.02413647741454073,421.75304987659194,-1.79949037730035,Stage 4 — Declining,395.2573924345129,605.8045982960336,False,314.881753190547,0.6087311035687071,1.1584510101476362,344901217.3698227,395.4105383300781,True,-9.283405012609347,False,-36.84432122508361,False,False,False,False,False,False,False,False,423.95597595214844,435.64371017456057,False,2.4382042697056043,2,0.697591349499145,11.91942838695942,0.487820618453851,False,422.0,0.01627271496607082,0.025180719417435705,False,10.29795955774877,36.0,True,False,0,False,False,False,False,False,False,False,False,0,False,False,,JK Tyre & Industries Ltd.,Automobile and Auto Components,EQ,INE573A01042,SELL,Stage 4 takes precedence: the guide requires SELL regardless of RS.
JMFINANCIL,2026-08-25,130.38999938964844,0.0003222715261108622,-0.008962807976924614,-0.05366221924344261,-0.3053413085020188,-0.07346435853403287,127.06143564720676,-0.14847879508189665,Stage 3 — Topping,126.02019620409199,190.76608727773456,False,110.30581750563591,1.6895422008648582,2.140153647553189,495992964.0863392,126.04280014038086,False,2.6196490898179547,False,-31.649277263932728,True,True,False,False,False,False,False,False,127.05794342041015,130.8101612854004,False,2.8162766591849735,2,0.9297543323499434,11.802173368432932,0.872370399152921,False,133.4499969482422,0.005522285721712688,0.008194937956664873,False,2.346803875233916,26.0,True,False,2,False,False,False,False,True,False,False,False,1,False,False,,JM Financial Ltd.,Financial Services,EQ,INE780C01023,SELL,Stage 3 + RS 26; RS below 50 in Stage 3 triggers SELL.
JSWCEMENT,2026-08-24,126.79000091552734,-0.07775642222332224,-0.0017226820666441656,0.07637990481731038,-0.16888454236840578,-0.04994803281287682,125.97277602104292,0.42147193993817833,Stage 2 — Advancing,132.9651330686083,161.55063622802473,False,106.25579106571017,0.46315128607823275,0.5789571373062249,154245845.80669174,133.02308685302734,True,0.6487313531519767,False,-21.51686686237101,True,False,True,True,True,True,False,False,125.75677373250325,124.11463222503662,False,2.1137315922580573,2,1.2359712882184288,14.267777075253923,0.5440392463497585,False,143.39999389648438,0.005392622876456552,0.006935669125529046,False,13.10039660936928,32.0,True,False,3,True,True,False,True,False,False,True,False,4,False,False,,JSW Cement Ltd.,Construction Materials,EQ,INE718I01012,REDUCE,Stage 2 + RS 32; distribution warning (U/D 0.58) triggers REDUCE.
JSWDULUX,2026-08-24,3122.89990234375,0.09476964421735512,0.017239004522123347,-0.05513089106561753,-0.06708208459495657,0.016913063459251896,2970.705752020013,0.2803845415786821,Stage 2 — Advancing,3078.129595588235,3687.5560372755367,False,2626.091386571249,0.48343963084613545,1.3317250467607549,50736943.494787596,3075.83494140625,False,5.1231647638023015,False,-15.31247604711573,True,True,True,True,False,False,False,False,2969.695286458333,3040.8142724609374,False,2.628509185849517,3,1.022198872534583,13.924812030075188,0.8478181472126913,False,3325.0,0.1328229460735058,0.15139538994177704,False,6.471552210321341,46.0,True,False,4,True,False,False,True,True,False,True,False,4,False,False,,JSW Dulux Ltd.,Consumer Durables,EQ,INE133A01011,WAIT,Stage 2 + RS 46; wait because relative strength is below 50 — the trend has turned up but the stock still lags most of the universe.
JSWENERGY,2026-08-25,548.4000244140625,-0.012179944703978984,0.12287558575361723,0.1545639011959039,0.0552596347938612,0.061667846467084876,531.7951727044092,0.7822760496428494,Stage 2 — Advancing,558.5245157877604,615.2574202859911,False,426.30011443485296,0.5765959361222316,0.7868427075834388,806497531.4583251,558.4540063476562,True,3.1224148999342116,False,-10.866572863249846,True,False,True,True,False,False,False,False,530.4164259847005,520.0381217956543,True,1.8879598540434965,2,0.6855042127260347,10.219594594594595,0.513584333361077,False,592.0,0.023225873447232263,0.02617438407642368,False,7.950396361218592,55.0,True,True,4,True,True,True,True,False,False,True,False,5,False,False,,JSW Energy Ltd.,Power,EQ,INE121E01018,HOLD,Stage 2 + RS 55; trend/leadership is adequate without a stronger entry trigger.
JSWINFRA,2026-08-25,343.95001220703125,0.24252621937701013,0.359020574162189,0.2906375092355633,0.13763357200594006,0.25446881883154254,286.8781283652946,1.7438764896056336,Stage 2 — Advancing,328.53855925915286,355.79998779296875,False,232.71809982894663,0.5290115600076232,1.8442793159108826,983169813.2914337,329.25099975585937,False,19.894121649129183,False,-3.33051601812665,True,True,True,True,False,False,False,False,286.2518606567383,283.06118080139163,True,2.6851912387929517,3,0.5080308538050701,18.38835796858202,0.5688695071508997,True,355.79998779296875,0.01456699325320025,0.015042585699478571,False,3.4452609871706397,80.0,True,True,5,True,True,True,True,True,True,True,True,8,True,False,,JSW Infrastructure Ltd.,Services,EQ,INE880J01026,HOLD,Stage 2 + RS 80; trend/leadership is adequate without a stronger entry trigger.
JSWSTEEL,2026-08-25,1320.300048828125,0.029846207167096406,0.04147740200935002,0.19414000297433764,0.25532575465044194,0.1101271147936645,1241.6010892685144,0.6163598218036581,Stage 2 — Advancing,1261.2238051470588,1335.0,True,1016.4615692154861,0.7674288508250064,1.607505654121082,2149941124.9657288,1261.10783203125,False,6.338506001631794,False,-1.1011199379681647,True,True,True,True,False,False,False,False,1239.5731982421876,1214.3065380859375,True,1.8183101525973286,2,0.9877523236148168,9.82879690896316,1.0945656396052252,False,1335.0,0.05591743340861578,0.05814229118094478,False,1.1133795825367443,62.0,True,True,5,True,True,True,True,True,False,True,False,6,False,False,,JSW Steel Ltd.,Metals & Mining,EQ,INE019A01038,HOLD,Stage 2 + RS 62; trend/leadership is adequate without a stronger entry trigger.
JAINREC,2026-08-25,288.3999938964844,,,,,,388.8784252846078,-1.7627063251886343,Stage 4 — Declining,334.2215683880974,,False,,0.4699276995488293,0.5772204150061687,586544765.3552017,333.4659997558594,True,-25.838006136387335,False,,False,False,False,False,True,True,False,False,388.77966735839846,393.4795001220703,False,3.59743495124723,2,0.5328956865001987,24.944521821682372,0.40832089262766996,False,383.04998779296875,0.012214335270278553,,False,32.818999965186244,,True,False,0,False,False,False,False,False,False,False,False,0,False,False,,Jain Resource Recycling Ltd.,Metals & Mining,EQ,INE0YD401026,SELL,Stage 4 takes precedence: the guide requires SELL regardless of RS.
JPPOWER,2026-08-25,16.969999313354492,-0.10116525065219106,0.15599447960306367,-0.13638678662611758,-0.09251344272742279,-0.055047250210971774,17.141575375648394,0.5350655439126939,Stage 1 — Basing,17.539215761072494,24.5,False,13.149999618530273,0.41240796359109,1.6487715073875084,1050563730.302129,17.530600090026855,True,-1.0009352030598384,False,-30.734696680185746,False,False,True,True,False,False,False,False,17.088800036112467,17.321500058174134,False,2.075089102600219,2,0.8709886834055559,13.64108389237212,0.41184114404770855,False,19.280000686645508,0.0007187145129555959,0.0009957592261320373,False,13.612265567230564,31.0,True,False,2,False,False,False,True,False,False,False,False,1,False,False,2.0,Jaiprakash Power Ventures Ltd.,Power,EQ,INE351F01018,AVOID,Stage 1 + RS 31; weak RS in a basing stage is AVOID.
J&KBANK,2026-08-24,146.2100067138672,0.04413345703380811,0.32857794329276757,0.4065417124222399,0.4219996804884949,0.2490772500542237,137.83602764181896,2.355827025244195,Stage 2 — Advancing,163.63490235571768,201.75,False,97.3499984741211,0.20074298450554667,0.41002344799224133,807250170.8140633,163.70940032958984,True,6.075319504860421,False,-27.529116870449965,True,False,True,True,True,True,False,False,136.90546686808267,128.49285022735594,True,2.9253415769086426,2,1.4035681972248841,27.63320941759603,0.32351692492373585,False,201.75,0.006218593116797652,0.008251100318368638,False,37.98645149837419,79.0,True,True,4,True,True,True,True,False,True,False,True,6,False,False,,Jammu & Kashmir Bank Ltd.,Financial Services,EQ,INE168A01041,REDUCE,Stage 2 + RS 79; distribution warning (U/D 0.41) triggers REDUCE.
JAMNAAUTO,2026-08-25,120.6500015258789,0.025586553483910812,-0.16151225215337262,0.1600961685180664,0.1964231768336071,0.0492360400332245,127.5642462429935,-0.0614551515204953,Stage 4 — Declining,131.73117648853975,152.60000610351562,False,88.92074939495755,0.5824581652572416,1.0944979550243645,356373909.83571243,131.79580001831056,True,-5.420205834120518,False,-20.93709259484797,False,False,True,False,False,False,False,False,127.28959966023763,125.52739616394042,True,4.199868941177455,2,1.5396206821183454,21.168568122963915,0.5733707001172581,False,148.89999389648438,0.00510977669966819,0.006363834321958058,False,23.414829683649828,53.0,True,True,2,False,True,True,True,False,True,True,False,5,False,False,,Jamna Auto Industries Ltd.,Automobile and Auto Components,EQ,INE039C01032,SELL,Stage 4 takes precedence: the guide requires SELL regardless of RS.
JSFB,2026-08-25,570.6500244140625,0.19245646007818573,0.5692287473996278,0.2780515664368701,0.1741770049672069,0.2812740477920153,448.9428081773732,2.7301519639330474,Stage 2 — Advancing,516.304900524663,606.9500122070312,False,330.0,1.7317752972343323,1.4261800566561216,643524157.8324921,517.2869982910156,False,27.109737369621456,True,-5.980721157080526,True,True,True,True,False,False,False,False,447.07466654459637,443.8207496643066,True,4.698902358880988,1,1.963353476875356,27.67114405292134,1.7265241906196656,False,606.9500122070312,0.024168206892153363,0.024748938868217957,False,6.361164678866205,82.0,True,True,5,True,True,True,True,True,True,True,True,8,True,False,,Jana Small Finance Bank Ltd.,Financial Services,EQ,INE953L01027,WAIT,"Stage 2 + RS 82; wait because price is more than 20% above the 30-week line (currently +27%) — the guide treats that as poor entry timing, not a failed trend."
JAYNECOIND,2026-08-25,100.87999725341797,-0.03685316678516726,0.3042016708916844,0.433972984242887,0.6861105493240405,0.2701157741776555,88.6016438105335,1.03358230975652,Stage 2 — Advancing,89.69941187839882,117.0,False,57.119998931884766,1.0283216626019989,2.656851058950499,433930058.4674034,89.69440017700195,False,13.857929621645159,False,-13.77778012528379,True,True,True,True,False,False,False,False,88.19053329467773,85.57259994506836,True,3.4935412953468936,1,1.7094501314285895,21.536561681301826,1.246747905522818,False,105.16999816894531,0.004272476194851428,0.005047578282087515,False,4.252578342910285,81.0,True,True,5,True,True,True,True,True,True,True,True,8,True,False,,Jayaswal Neco Industries Ltd.,Capital Goods,EQ,INE854B01010,HOLD,Stage 2 + RS 81; trend/leadership is adequate without a stronger entry trigger.
JSLL,2026-08-24,511.29998779296875,-0.2130819733851962,-0.22600665048548174,-0.2518291344350623,-0.28900146721113695,-0.2386002397804147,621.7136991317958,-1.9938191444905828,Stage 4 — Declining,565.2999997606464,849.5,False,492.0,0.7098184167100485,0.46405734060306264,386892932.0337616,564.4259997558594,True,-17.759575105553637,False,-39.81165535103369,False,False,False,False,True,True,False,False,623.6766670735677,645.0520004272461,False,4.9411874729205625,3,0.8234075680994978,20.214650487030227,0.26300240957607174,False,619.5999755859375,0.02174657300256122,0.035692623931371875,False,21.181300680339675,4.0,True,False,0,False,False,False,False,False,False,False,False,0,False,False,,Jeena Sikho Lifecare Ltd.,Consumer Services,EQ,INE0J5801029,SELL,Stage 4 takes precedence: the guide requires SELL regardless of RS.
JINDALSAW,2026-08-25,281.75,0.24701246771503915,0.5107901142929332,0.752948745565003,0.3850259152743538,0.42855794211247367,227.4349219962342,3.0128504411320645,Stage 2 — Advancing,264.3886266970167,298.3999938964844,False,151.60325107352764,0.47412012732021563,3.47692003908437,516659478.18557584,264.7181991577148,False,23.881591062196293,True,-5.579756781851774,True,True,True,True,False,False,False,False,226.29864857991535,210.63323081970213,True,3.386992383084833,1,1.3162619453976172,18.059651639384082,1.2067430666128531,False,298.3999938964844,0.01193269429692222,0.012394656430778998,False,5.909492066187894,90.0,True,True,5,True,True,True,True,True,True,True,True,8,True,False,,Jindal Saw Ltd.,Capital Goods,EQ,INE324A01032,WAIT,"Stage 2 + RS 90; wait because price is more than 20% above the 30-week line (currently +24%) — the guide treats that as poor entry timing, not a failed trend."
JSL,2026-08-25,701.4000244140625,-0.03765362344400236,-0.12329933205359989,-0.05537066326377538,-0.11455453727177034,-0.07370635589543006,734.8753553416631,-0.4538709923229245,Stage 4 — Declining,714.77375943053,879.2203373423794,False,649.5262533837296,0.322104254107921,1.1775252405414705,267606379.41145936,714.9315209960937,True,-4.55523929116346,False,-20.22477249170721,False,False,False,False,False,False,False,False,735.2524300130208,746.3378009033203,False,2.1111396600840324,3,0.9383557920252343,10.800264823015167,0.5685727960681014,False,752.8429758154451,0.029705739383094197,0.03578657691643869,False,7.334324153232985,26.0,True,False,0,False,False,False,False,False,False,True,False,1,False,False,,Jindal Stainless Ltd.,Metals & Mining,EQ,INE220G01021,SELL,Stage 4 takes precedence: the guide requires SELL regardless of RS.
JINDALSTEL,2026-08-24,1149.0,-0.04863417272905901,-0.06668497744452606,0.12705132212529335,0.15423166209046402,0.023465932262622658,1154.7676391601562,0.3605642038528867,Stage 1 — Basing,1079.2884617225798,1303.865138167474,False,941.6138635526968,0.7484194110759573,2.1598467043810317,950448785.3580201,1077.9253247070312,False,-0.49946317896047976,False,-11.877389281619289,False,True,False,True,False,False,False,False,1152.0089672851564,1122.4424481201172,True,1.9830857409749203,3,0.6677752346314243,12.386164412502689,0.5923573005690039,False,1150.8392551411368,0.04886918243006157,0.056214877653154575,False,0.16007442481609235,48.0,True,False,2,False,True,True,False,True,False,True,False,4,False,False,4.0,Jindal Steel Ltd.,Metals & Mining,EQ,INE749A01030,AVOID,Stage 1 + RS 48; weak RS in a basing stage is AVOID.
JIOFIN,2026-08-25,243.14999389648438,0.008188207033202888,-0.051490904952413485,-0.1897625331961843,-0.2376621472954864,-0.09250783427553569,243.83566043801503,-0.6246604590726901,Stage 4 — Declining,243.54960063859528,320.84859669700336,False,222.77828210111295,0.5849448043524579,1.3396122002655875,4712190380.587446,243.5928988647461,True,-0.2812002724699725,False,-24.216594244261092,False,False,False,False,False,False,False,False,244.27877716064452,257.6771852874756,False,1.9776289432220997,1,1.9286588467231423,14.615960663401015,0.8571920853449914,False,267.5733794386435,0.010297904331731151,0.013843762797766808,False,10.044575840111602,22.0,True,False,0,False,False,False,False,False,False,True,False,1,False,False,,Jio Financial Services Ltd.,Financial Services,EQ,INE758E01017,SELL,Stage 4 takes precedence: the guide requires SELL regardless of RS.
JUBLFOOD,2026-08-25,515.0,0.177127338374236,-0.002867870444295373,-0.12913810499685419,-0.20274057925879785,0.0039016244097049083,463.3972550483599,-0.092469171867815,Stage 3 — Topping,448.7171786439185,665.8563753476858,False,407.64069289260294,0.7299560053478268,3.021533114152529,1861034830.6522903,449.2485333251953,False,11.13574678949163,False,-22.655993234113602,True,True,False,False,False,False,False,False,464.3880338541667,490.4664373779297,False,2.9708735324473388,2,1.6584556882293708,21.58349562514995,1.3172365521589524,False,521.0,0.02181131344424115,0.028842854524606467,False,1.1650485436893288,43.0,True,False,2,True,False,False,False,True,False,True,False,3,False,False,,Jubilant Foodworks Ltd.,Consumer Services,EQ,INE797F01020,SELL,Stage 3 + RS 43; RS below 50 in Stage 3 triggers SELL.
JUBLINGREA,2026-08-25,706.7999877929688,-0.030910545049327665,0.19531381525347458,-0.018120685013682913,-0.015268418651938953,0.020020724297839482,662.934109622485,0.5548596609883383,Stage 2 — Advancing,703.696184943704,792.3323631991859,False,535.497064674972,0.3004757936971267,0.6361282589997039,211817068.34807128,704.81373046875,False,6.616928822000667,False,-10.79501221695207,True,True,True,True,True,False,False,False,662.5804451497396,670.7622930908203,True,3.4723898504834794,2,0.8207554333598375,24.528302688375007,0.6881547973142388,False,792.3323631991859,0.029934438982792737,0.03299535569137568,False,12.101354963700238,47.0,True,False,4,True,False,True,True,True,True,True,False,6,False,False,,Jubilant Ingrevia Ltd.,Chemicals,EQ,INE0BY001018,REDUCE,Stage 2 + RS 47; distribution warning (U/D 0.64) triggers REDUCE.
JUBLPHARMA,2026-08-25,896.6500244140625,-0.1051952918383402,0.004392997348640737,-0.17145436362327904,-0.16330110594940894,-0.10815061118014554,928.3246127424569,-0.8295373661512451,Stage 4 — Declining,950.5726737228094,1178.6978642896322,False,782.0015188448107,0.8748544008387461,2.504284712369634,335919872.24512327,950.0850744628906,True,-3.412016431926901,False,-23.928764819265357,False,False,True,False,False,False,False,False,929.3230900065104,966.1399298095703,False,4.222065526757729,1,2.5913139606927857,18.21119444206682,3.828861847956455,False,1036.6332773809527,0.03797498006268271,0.04963438379353612,False,15.611804957945052,20.0,True,False,1,False,False,False,False,False,False,True,False,1,False,False,,Jubilant Pharmova Ltd.,Healthcare,EQ,INE700A01033,SELL,Stage 4 takes precedence: the guide requires SELL regardless of RS.
JLHL,2026-08-24,307.8500061035156,0.13463805761896763,0.19924027094221208,0.08848507043797604,0.09630934014269932,0.13066215935216455,271.228827280541,1.1615334126732657,Stage 2 — Advancing,301.8062750124464,340.0,False,235.42042234373233,0.3284050097382058,0.7327745563927136,68127466.9092514,302.5384002685547,False,13.5019493282313,False,-9.45588055778952,True,True,True,True,False,False,False,False,271.0987738037109,274.2814527893066,True,3.451354695368527,3,0.947528137577393,22.170589671415442,1.0102003179650239,False,340.0,0.013093453532957591,0.01423338133931052,False,10.443395568968693,65.0,True,True,5,True,False,True,True,True,True,True,False,6,False,False,,Jupiter Life Line Hospitals Ltd.,Healthcare,EQ,INE682M01020,HOLD,Stage 2 + RS 65; trend/leadership is adequate without a stronger entry trigger.
JWL,2026-08-25,246.89999389648438,-0.1667229022331288,-0.11027029226492113,-0.14567476160386028,-0.2655064751465801,-0.17097946669632383,273.76068575088294,-1.4801094692064698,Stage 4 — Declining,258.7264703488817,358.25,False,235.64999389648438,0.5299592397527372,2.0956484292712623,359392404.89942324,258.365,True,-9.81174187985534,False,-31.081648598329558,False,False,False,False,False,False,False,False,274.7314007568359,280.9035503387451,False,2.4272418488373186,2,0.7172422940516019,15.454544387497268,0.4735974328349573,False,286.0,0.01045672457525718,0.014841153504622675,False,15.836373863949449,10.0,True,False,0,False,False,False,False,False,False,False,False,0,False,False,,Jupiter Wagons Ltd.,Capital Goods,EQ,INE209L01016,SELL,Stage 4 takes precedence: the guide requires SELL regardless of RS.
JUSTDIAL,2026-08-25,655.4500122070312,0.25133644040117264,0.13882377918284905,-0.11712016345319542,-0.21096665152849825,0.06268196900070014,590.0996580777103,-0.22237695863271956,Stage 3 — Topping,648.8186286477481,878.5999755859375,False,480.5,0.03349805436734995,0.7622517985563441,187026220.1567688,650.9190014648437,False,11.074460599113745,False,-25.39835756654646,True,True,True,False,False,False,False,False,592.5406671142578,627.224750213623,False,2.870983602712655,3,1.260177242117617,37.7132253349125,0.05901654457047391,False,838.2999877929688,0.027759661482095622,0.03723382372422942,False,27.896860505081868,55.0,True,True,4,True,False,False,True,True,True,False,False,4,False,False,,Justdial Ltd.,Consumer Services,EQ,INE599M01018,REDUCE,Stage 3 with RS 55; the guide requires REDUCE when RS is 50 or higher.
JYOTHYLAB,2026-08-24,212.57000732421875,0.06183334286095388,-0.15412852849264436,-0.2899621530286548,-0.35831841786639096,-0.13574848273315648,217.8326411835135,-1.246065750649672,Stage 4 — Declining,200.6893113080193,342.9884465745017,False,188.10000610351562,1.9023166078957643,1.0327859663814751,215421715.045916,200.6652719116211,False,-2.415906923178346,False,-38.024149370860606,False,True,False,False,False,False,False,False,218.53699483235678,234.8061524963379,False,3.293032769822212,1,2.2380360850079217,13.278003044441558,2.3037634922053845,False,216.89999389648438,0.009041011720702149,0.01488918003430997,False,2.0369696679086946,14.0,True,False,1,False,False,False,False,True,False,False,False,1,False,False,,Jyothy Labs Ltd.,Fast Moving Consumer Goods,EQ,INE668F01031,SELL,Stage 4 takes precedence: the guide requires SELL regardless of RS.
JYOTICNC,2026-08-25,989.9500122070312,0.47599522020204477,0.18069055733115236,-0.047117153774867804,0.04183329771557531,0.22547942833518989,770.6958919159354,0.3690985416979542,Stage 2 — Advancing,810.0274514590992,1055.9000244140625,False,580.0999755859375,0.7045246366072045,1.726686420501944,1338059857.3622832,812.2090002441406,False,28.448850265184934,True,-6.245857626874107,True,True,True,True,False,False,False,False,772.1830017089844,820.6382522583008,False,4.215940621226755,2,1.762023319808467,30.890674523642748,1.1377621511971505,False,1007.0999755859375,0.041926427204617304,0.04391873997740638,False,1.7324070071650821,77.0,True,True,5,True,False,False,False,True,True,True,True,5,False,False,,Jyoti CNC Automation Ltd.,Capital Goods,EQ,INE980O01024,HOLD,Stage 2 + RS 77; trend/leadership is adequate without a stronger entry trigger.
KPRMILL,2026-08-24,1112.300048828125,0.1837570242832942,0.21148071561156034,0.008987020200420748,0.08836225701139289,0.13526880827799248,984.1027756782428,1.88096210442934,Stage 2 — Advancing,1112.3151472503064,1331.0754095910231,False,794.3546009216013,0.25653629000842265,2.9880522457853345,294348314.02005005,1113.49873046875,True,13.026817555872539,False,-16.435985458563728,True,False,True,True,False,False,False,False,980.1752209472656,980.0322082519531,True,2.8865541173867304,2,0.31302909315120353,23.745867988661757,0.37242875770609013,True,1331.0754095910231,0.04730826283998958,0.05257125633811476,False,19.668736056731383,66.0,True,True,4,True,True,True,True,False,True,True,False,6,False,False,,K.P.R. Mill Ltd.,Textiles,EQ,INE930H01031,HOLD,Stage 2 + RS 66; trend/leadership is adequate without a stronger entry trigger.
KEI,2026-08-25,5588.0,0.05803275584587708,0.13025889967637538,0.3740921461796989,0.41898095380212563,0.2078795022699908,4943.247272648224,2.070460141981556,Stage 2 — Advancing,5323.2901922487745,5899.0,False,3724.290243524651,1.0499386562762072,3.476976793916071,2990748597.3389406,5322.02599609375,False,13.043100856380295,False,-5.27208001356162,True,True,True,True,False,False,False,False,4915.73583984375,4744.630893554688,True,2.498849450792195,2,0.7848707342831175,19.55416172232582,0.8386362060641356,False,5899.0,0.23666333888625155,0.24923137160901312,False,5.565497494631355,76.0,True,True,5,True,True,True,True,True,True,True,True,8,True,False,,KEI Industries Ltd.,Capital Goods,EQ,INE878B01027,HOLD,Stage 2 + RS 76; trend/leadership is adequate without a stronger entry trigger.
KNRCON,2026-08-24,127.1500015258789,-0.03761727047371077,-0.060375446025250246,-0.22512033418506305,-0.3621942717900116,-0.1445849185895493,129.56582234003773,-0.4622994977756756,Stage 4 — Declining,129.7507849300609,220.0,False,108.6500015258789,3.1513206829607325,1.7054050521013742,220370097.51626128,129.79920059204102,True,-1.8645509830660822,False,-42.20454476096413,False,False,True,False,False,False,False,False,129.820400390625,136.84735031127929,False,5.0396044046905795,2,1.110855168994932,18.992571368330687,1.3279792351842032,False,145.32000732421875,0.005407934395605555,0.00896907649957373,False,14.290212804001957,13.0,True,False,1,False,False,False,False,False,False,False,False,0,False,False,,KNR Constructions Ltd.,Construction,EQ,INE634I01029,SELL,Stage 4 takes precedence: the guide requires SELL regardless of RS.
KPIGREEN,2026-08-25,319.25,-0.2683625632303438,-0.16786131870462284,-0.27580497350756905,-0.37312060837092487,-0.2707024054087609,399.37808352953766,-1.949106955652824,Stage 4 — Declining,379.7137259689032,541.6977805031639,False,301.20001220703125,0.5234539994769508,0.2681648064978052,552525916.3620026,379.14800048828124,True,-20.06321499201933,False,-41.064923747064284,False,False,False,False,True,True,False,False,400.17839864095055,411.2258354187012,False,4.303612833335664,1,2.9865686094428407,28.26863143958882,2.1394793341151956,False,419.8999938964844,0.013520896732182498,0.022605437866118155,False,31.527014532963005,2.0,True,False,0,False,False,False,False,False,False,False,False,0,False,False,,KPI Green Energy Ltd.,Power,EQ,INE542W01025,SELL,Stage 4 takes precedence: the guide requires SELL regardless of RS.
KPITTECH,2026-08-25,592.0,-0.21094528876888274,-0.24305974264433317,-0.48945477361277356,-0.5026110115808384,-0.33140322107514214,713.685657657989,-4.574224470463662,Stage 4 — Declining,614.6973493987439,1313.886868193049,False,538.453356900547,0.39759320146727706,1.6846834471190484,2417409655.1229095,611.9869909667968,True,-17.050315689026075,False,-54.94284825190766,False,False,False,False,False,False,False,False,724.1366849772136,840.3802981567383,False,2.5621881427005446,2,0.6162302111433225,29.56741665416719,0.2810545379953837,False,764.4946860129686,0.025072422444642254,0.055248253867351056,False,29.137615880569022,1.0,True,False,0,False,False,False,False,False,False,False,False,0,False,False,,KPIT Technologies Ltd.,Information Technology,EQ,INE04I401011,SELL,Stage 4 takes precedence: the guide requires SELL regardless of RS.
KRBL,2026-08-24,437.79998779296875,0.27341478574049694,0.24428017677557268,0.06107605748103362,-0.06691864801375091,0.15705343154476983,352.6124132879849,0.9009587084918724,Stage 2 — Advancing,373.3137242934283,474.84871173021355,False,274.6499938964844,11.222602492325128,5.2881283618187105,350985162.2204422,373.2889990234375,False,24.158983431876415,True,-7.802216373768777,True,True,True,True,False,False,False,False,352.14533264160156,362.6329992675781,True,3.5591915659712363,1,2.678341899741435,23.536036036036037,3.848725429094252,False,444.0,0.018620476476356236,0.02031142040799172,False,1.4161745956839056,70.0,True,True,5,True,False,True,True,True,True,True,True,7,False,False,,KRBL Ltd.,Fast Moving Consumer Goods,EQ,INE001B01026,HOLD,Stage 2 + RS 70; trend/leadership is adequate without a stronger entry trigger.
KRN,2026-08-25,1524.800048828125,0.416047529425315,0.5253338784459844,0.8449997293316664,0.619801443006383,0.5644460219269328,1099.1092445687073,5.028891998735174,Stage 2 — Advancing,1274.3921544692096,1598.199951171875,False,589.7999877929688,1.9190362582247842,1.7348459267883798,298980819.77821654,1275.5139965820313,False,38.7305271394073,True,-4.592660780018775,True,True,True,True,False,False,False,False,1086.2889982096353,1006.5034982299804,True,4.098429753773107,1,1.768084819676997,28.288073420002085,3.2289822748881996,False,1598.199951171875,0.06457843068890183,0.06533995074014931,False,4.813739506380599,94.0,True,True,5,True,True,True,True,True,True,True,True,8,True,False,,KRN HEAT EXCHANGER AND REFRIGERATION Ltd.,Capital Goods,EQ,INE0Q3J01015,WAIT,"Stage 2 + RS 94; wait because price is more than 20% above the 30-week line (currently +39%) — the guide treats that as poor entry timing, not a failed trend."
KSB,2026-08-24,791.75,-0.03409785505770124,0.12001764118408342,0.0687179321561866,-0.017824265026278763,0.020543119639717757,831.9984344064372,0.5791470645903241,Stage 1 — Basing,876.0921535117953,1023.2461180887996,False,663.373535570316,1.0804372537848617,0.48868652890467346,150608759.69275817,876.5079968261718,True,-4.837561315262717,False,-22.62369863871888,False,False,True,True,True,True,False,False,828.5223958333333,807.6252221679688,True,3.530606131274246,2,0.47754044429578135,20.18277894135699,0.7954082357701557,False,973.8499755859375,0.03367465203568429,0.04360534111391643,False,22.99968116020683,47.0,True,False,2,False,True,True,True,False,False,True,False,4,False,False,3.0,KSB Ltd.,Capital Goods,EQ,INE999A01023,AVOID,Stage 1 + RS 47; weak RS in a basing stage is AVOID.
KAJARIACER,2026-08-24,1205.5999755859375,0.13821755207983988,0.2695872015392995,0.10534521826154952,-0.044532393087544975,0.12136702617459676,1089.63869737599,1.4907881301502002,Stage 2 — Advancing,1207.013724532782,1285.36522978804,False,869.5999755859375,0.28485265332044274,1.4387026538268746,352880283.9400879,1209.03,True,10.642176942614046,False,-6.205648974591926,True,False,True,True,False,False,False,False,1086.7349987792968,1077.0419979858398,True,2.468837115786497,1,0.6572554671261449,13.247060738357844,0.8901793209137155,False,1275.0,0.051276488376489945,0.054281356205196404,False,5.756471949191377,64.0,True,True,4,True,True,True,True,False,True,True,False,6,False,False,,Kajaria Ceramics Ltd.,Consumer Durables,EQ,INE217B01036,HOLD,Stage 2 + RS 64; trend/leadership is adequate without a stronger entry trigger.
KPIL,2026-08-25,1384.4000244140625,0.09622133898626695,0.14959205769183792,0.13787483081380936,0.08328666411757069,0.11263924611915038,1236.243272755244,1.4490244955208675,Stage 2 — Advancing,1345.4369877833947,1468.0,False,999.0966928066694,0.41814800413959646,3.4861027884533073,479359490.85985106,1345.2487890625,False,11.984433397855266,False,-5.694821225200098,True,True,True,True,False,False,False,False,1232.2963256835938,1219.1695660400392,True,3.2536024301701154,2,0.9437341497291172,14.291556459681539,2.4073985056545713,False,1468.0,0.05863219973730139,0.062064352686721995,False,6.038715263770711,63.0,True,True,5,True,True,True,True,True,True,True,False,7,False,False,,Kalpataru Projects International Ltd.,Construction,EQ,INE220B01022,HOLD,Stage 2 + RS 63; trend/leadership is adequate without a stronger entry trigger.
KALYANKJIL,2026-08-25,612.5999755859375,0.7118903594729298,0.5099826402601237,0.26884836593788153,0.2019810433141105,0.4809185536915951,433.6986288828393,2.678050308107527,Stage 2 — Advancing,514.5196036544501,648.9500122070312,False,327.04998779296875,0.45982559593367783,1.4498215364638574,10282604175.551193,517.2389959716797,False,41.250152707175644,True,-5.601361574440833,True,True,True,True,False,False,False,False,432.72499877929687,447.12024917602537,True,3.26418895216658,3,0.8605848409696909,46.32098011389154,0.32600171948270956,False,648.9500122070312,0.02594487394842594,0.027173596920235462,False,5.93373132056132,92.0,True,True,5,True,False,True,True,True,True,True,True,7,False,False,,Kalyan Jewellers India Ltd.,Consumer Durables,EQ,INE303R01014,WAIT,"Stage 2 + RS 92; wait because price is more than 20% above the 30-week line (currently +41%) — the guide treats that as poor entry timing, not a failed trend."
KANSAINER,2026-08-25,200.42999267578125,-0.07118018788134162,0.010850766958426128,-0.122079955984294,-0.13525583408926312,-0.07776907977556284,201.51107282967402,-0.6383711937102743,Stage 4 — Declining,205.13552078546263,260.8927950067185,False,156.051448925647,0.38280918121315693,1.6489334930601751,76097478.44335556,204.97540130615235,True,-0.5364867243829008,False,-23.175343853163977,False,False,True,False,False,False,False,False,202.3256696573893,209.66610946655274,False,2.7234298295356294,2,1.0981603188972817,12.529754079511674,0.5244414023619666,False,218.44000244140625,0.008488624065783344,0.010829992117594113,False,8.985685987006086,26.0,True,False,1,False,False,False,False,False,False,True,False,1,False,False,,Kansai Nerolac Paints Ltd.,Consumer Durables,EQ,INE531A01024,SELL,Stage 4 takes precedence: the guide requires SELL regardless of RS.
KTKBANK,2026-08-25,334.6000061035156,0.26622518866041855,0.6226176965689147,0.5520200927092302,1.0010685946511133,0.5416313522500191,252.8529448835817,3.634788318008275,Stage 2 — Advancing,286.9774499033012,338.25,True,164.46822856250571,1.0637657258858466,3.4519772377416973,1182581518.8443267,287.1359991455078,False,32.329882990910704,True,-1.0790817136686948,True,True,True,True,False,False,False,False,250.9400663248698,237.55879943847657,True,3.092178367801071,2,1.6742368480367413,22.823359115160756,1.365858606941689,False,338.25,0.014171001187512196,0.014249594326763095,False,1.0908529079211027,94.0,True,True,5,True,True,True,True,True,True,True,True,8,True,False,,Karnataka Bank Ltd.,Financial Services,EQ,INE614B01018,WAIT,"Stage 2 + RS 94; wait because price is more than 20% above the 30-week line (currently +32%) — the guide treats that as poor entry timing, not a failed trend."
KARURVYSYA,2026-08-25,346.0,0.1941472111917597,0.03515209970274946,0.4062956746191837,0.5852593351720341,0.28300030637549733,302.0065625334439,1.6240645825127409,Stage 2 — Advancing,317.1585914761412,351.79998779296875,True,200.26247523540303,0.7057624102756721,1.85478396236569,552806730.2025115,317.65622680664063,False,14.567046854051169,False,-1.6486606009725069,True,True,True,True,False,False,False,False,300.8527257283529,288.84104804992677,True,2.093311816970737,2,1.3787610700811177,18.738882075282707,0.3233595280715265,False,351.79998779296875,0.01465381446933483,0.014790535729963748,False,1.6762970499909713,83.0,True,True,5,True,True,True,True,True,True,True,True,8,True,False,,Karur Vysya Bank Ltd.,Financial Services,EQ,INE036D01028,HOLD,Stage 2 + RS 83; trend/leadership is adequate without a stronger entry trigger.
KSCL,2026-08-24,768.3499755859375,-0.1633364229190457,-0.041778388750988604,-0.18984610311388694,-0.33706830289558,-0.17907312811970938,861.2824126144935,-0.675021115490515,Stage 4 — Declining,839.5499997606464,1218.7102069676118,False,705.0999755859375,0.8230333108935798,0.6714022658796767,123909854.4064209,838.7340002441406,True,-10.790007512919253,False,-36.95384093830298,False,False,False,False,True,False,False,False,860.4036649576823,889.1812936401367,False,3.1403099268976185,3,0.4228092886884585,24.236950242375755,1.020665167915465,False,996.0,0.032679403939984794,0.052052549121884666,False,29.628428665004947,8.0,True,False,0,False,False,False,False,False,False,False,False,0,False,False,,Kaveri Seed Company Ltd.,Fast Moving Consumer Goods,EQ,INE455I01029,SELL,Stage 4 takes precedence: the guide requires SELL regardless of RS.
KAYNES,2026-08-25,3936.0,0.1575109143154263,0.0070617383957305435,-0.3187364777152748,-0.36837037631388914,-0.07300465740051616,3619.9185005083477,0.39771347545862756,Stage 2 — Advancing,3469.4235456878064,7705.0,False,2995.0,1.4025865046222517,1.3842976523530492,6346154215.655457,3475.2600146484374,False,8.731729718424997,False,-48.91628812459442,True,True,False,True,False,False,False,False,3615.9120068359375,3883.3225048828126,False,3.715156262759963,1,1.08505790460587,22.181909170524207,0.8721173910099446,False,3996.5,0.16669772760491877,0.3271505202611,False,1.5370934959349603,27.0,True,False,3,True,False,False,False,True,True,False,False,3,False,False,,Kaynes Technology India Ltd.,Capital Goods,EQ,INE918Z01012,WAIT,Stage 2 + RS 27; wait because relative strength is below 50 — the trend has turned up but the stock still lags most of the universe.
KEC,2026-08-24,431.3500061035156,-0.1003521009099223,-0.26125919749344617,-0.3829986371775519,-0.4709012231299774,-0.26317265192416406,528.0509495147287,-2.8149000471262453,Stage 4 — Declining,482.4147003772212,927.0025895267679,False,418.0,0.4205677472606393,0.8993138677980359,539526365.8502076,481.92606567382813,True,-18.31280551622525,False,-53.4683062402535,False,False,False,False,False,False,False,False,531.493149617513,576.3835847473144,False,2.675645613289922,2,1.5319524386877665,23.254319600411222,1.3866044832744244,False,544.6560611927805,0.018346146335492492,0.037956167467320695,False,26.26777639643145,3.0,True,False,0,False,False,False,False,False,False,False,False,0,False,False,,Kec International Ltd.,Construction,EQ,INE389H01022,SELL,Stage 4 takes precedence: the guide requires SELL regardless of RS.
KFINTECH,2026-08-25,966.0,0.18046755242944323,-0.020038175737676633,-0.06789815030102753,-0.11762810995796469,0.031074133772443533,907.7263622545216,-0.44861173715141645,Stage 3 — Topping,906.5449003331802,1198.7685004367224,False,774.4636355142945,0.5460387294519441,1.1086995333093401,924982889.489804,907.6710461425781,False,6.419736185775626,False,-19.417302035540864,True,True,False,False,False,False,False,False,910.2280322265625,946.8011532592774,False,2.7820915486184283,1,1.1943543699299843,16.686325902430323,1.0641892687522727,False,992.4000244140625,0.040912094732304755,0.04867624646633792,False,2.7329217819940466,50.0,True,True,3,True,False,False,False,True,False,True,False,3,False,False,,Kfin Technologies Ltd.,Financial Services,EQ,INE138Y01010,REDUCE,Stage 3 with RS 50; the guide requires REDUCE when RS is 50 or higher.
KIRLOSBROS,2026-08-24,1922.4000244140625,0.20773004543778884,0.232727121012539,0.11511769903245495,-0.00689046434424645,0.15128288931526504,1710.5700307349637,1.448681269610952,Stage 2 — Advancing,1909.5285620595894,2180.905610301624,False,1329.942047366491,0.25057375956882894,1.155730939519311,159094066.1057129,1912.7919653320312,False,12.383590842409653,False,-11.85313039988969,True,True,True,True,False,False,False,False,1704.7999609375,1690.30171875,False,3.1939250371924475,4,0.2323066245924853,19.815450575537316,0.21683676446438122,True,2180.905610301624,0.08176337467070986,0.08895682802785479,False,13.447023647763046,69.0,True,True,5,True,True,False,True,True,True,True,False,6,False,False,,Kirloskar Brothers Ltd.,Capital Goods,EQ,INE732A01036,HOLD,Stage 2 + RS 69; trend/leadership is adequate without a stronger entry trigger.
KIRLOSENG,2026-08-25,2029.300048828125,0.19426272028972602,0.44441408221591394,0.7599752773830615,1.0857698748502393,0.5357369350057334,1774.3163034099423,3.3686876697848644,Stage 2 — Advancing,2228.750107709099,2714.2611782271474,False,852.4932940420172,0.30421513691410024,0.6161336939632687,990284010.9550171,2235.036064453125,True,14.37081680014698,False,-25.235638150578165,True,False,True,True,True,False,False,False,1756.2829549153646,1606.4059851074219,True,4.322037101172553,3,0.20876141506261392,29.595585412069013,0.41035498915270896,True,2714.2611782271474,0.0859450474512701,0.11061827096550143,False,33.7535659053757,94.0,True,True,4,True,True,True,True,False,True,False,True,6,False,False,,Kirloskar Oil Eng Ltd.,Capital Goods,EQ,INE146L01010,REDUCE,Stage 2 + RS 94; distribution warning (U/D 0.62) triggers REDUCE.
KIRLPNU,2026-08-25,721.9000244140625,-0.12615029026095337,0.25609763220762605,0.366583257046865,0.1599015443733358,0.10605637062118403,714.0442120277718,1.8702192248958749,Stage 2 — Advancing,829.650525859758,1093.5391904117103,False,491.28502367158194,0.20397197399046382,2.016255552772292,172931986.33537292,829.8566247558593,True,1.100185710347179,False,-33.984988307344345,True,False,True,True,False,False,False,False,709.4503169759115,663.9189529418945,True,3.0826406542464135,2,0.2887461315852696,35.01833479617669,0.423486257974623,False,1093.5391904117103,0.030573956714369816,0.04475052491308403,False,51.48069724741906,62.0,True,True,4,True,True,True,True,False,True,False,False,5,False,False,,Kirloskar Pneumatic Company Ltd.,Capital Goods,EQ,INE811A01038,HOLD,Stage 2 + RS 62; trend/leadership is adequate without a stronger entry trigger.
KITEX,2026-08-25,126.55999755859375,-0.22389163013303326,-0.3158919050886825,-0.400729219681186,-0.32460678030223755,-0.29780223306763454,161.96760292575783,-0.994792817518908,Stage 4 — Declining,147.73509769813688,232.6999969482422,False,123.1500015258789,0.3121595593757824,0.8462640328572913,73913722.88226013,147.58539962768555,True,-21.860918311789856,False,-45.6123767862603,False,False,False,False,False,False,False,False,161.66400009155274,168.9127501296997,False,4.011084582456678,2,1.0739128376586786,29.187511395176745,0.6995882300963153,False,173.91000366210938,0.005360077235442491,0.009377031919872613,False,37.41309024725121,2.0,True,False,0,False,False,False,False,False,False,False,False,0,False,False,,Kitex Garments Ltd.,Textiles,EQ,INE602G01020,SELL,Stage 4 takes precedence: the guide requires SELL regardless of RS.
KOTAKBANK,2026-08-25,401.6000061035156,0.024038024942254266,-0.0533160661756481,-0.028230048357994808,0.014201924664251964,-0.003853627996976484,390.07637985438515,-0.42863402660925365,Stage 3 — Topping,391.7496385761336,452.4189269358333,False,344.9045390549985,0.7279514591173206,1.4341089274966523,3778969902.925821,391.441689453125,False,2.9541973942211586,False,-11.232713267879124,True,True,True,False,False,False,False,False,390.94954366048177,399.77228805541995,False,1.5802860834016348,2,0.8206084666532645,10.971480547798782,0.6225988576362835,False,413.08682018788966,0.01700858953851056,0.01870494643148277,False,2.8602624277384026,41.0,True,False,3,True,False,False,False,True,False,True,False,3,False,False,,Kotak Mahindra Bank Ltd.,Financial Services,EQ,INE237A01036,SELL,Stage 3 + RS 41; RS below 50 in Stage 3 triggers SELL.
KIMS,2026-08-24,766.3499755859375,0.00294464084791346,0.041448666184589644,0.1295599702223651,0.04010584728900923,0.04340075307835818,730.3301387421072,1.6347007371659616,Stage 2 — Advancing,802.788236730239,858.0,False,575.7999877929688,1.2827243869838558,1.1163324751924775,499170615.9814636,803.447001953125,True,4.931993756394815,False,-10.681821027280014,True,False,True,True,False,False,False,False,727.0903352864583,709.44625,True,2.4625085671314375,2,1.1823776093497536,11.002333847792832,0.6858171608114807,False,858.0,0.0325943400889316,0.036506782289869845,False,11.959291098559577,51.0,True,True,4,True,True,True,True,False,True,True,False,6,False,False,,Krishna Institute of Medical Sciences Ltd.,Healthcare,EQ,INE967H01025,HOLD,Stage 2 + RS 51; trend/leadership is adequate without a stronger entry trigger.
LTF,2026-08-25,319.5,0.14372648297564905,0.06408273954926136,0.0871994212888203,0.48279431184895505,0.18430588772766698,288.13473249461555,0.6579417727163417,Stage 2 — Advancing,310.57352821499694,338.6000061035156,False,213.06631603428085,0.6150039007253109,0.9070438245248567,1656337685.3969102,310.8999987792969,False,10.885625357911533,False,-5.640875888725305,True,True,True,True,False,False,False,False,288.04264577229816,290.90486030578614,True,2.7341832843851304,3,0.7085272508664515,16.597758769635103,0.8173030111051536,False,338.6000061035156,0.013531484748417567,0.014321103240890995,False,5.978092677156699,72.0,True,True,5,True,False,True,True,True,True,True,True,7,False,False,,L&T Finance Ltd.,Financial Services,EQ,INE498L01015,HOLD,Stage 2 + RS 72; trend/leadership is adequate without a stronger entry trigger.
LTTS,2026-08-24,3584.60009765625,0.04834324173591531,0.1513118269991609,-0.16132137054477103,-0.1482088307449827,-0.012306378163752445,3432.772658256635,-0.7733997341318299,Stage 3 — Topping,3411.8705815333947,4673.3032272251885,False,2976.4372238818078,0.4299703988784836,1.3127619688838723,375012542.88582766,3412.2019921875,False,4.4228807006614135,False,-23.296222749392715,True,True,False,False,False,False,False,False,3443.2549593098956,3668.5085607910155,False,2.692469512876797,2,0.590107875498658,18.284789644012946,0.5840929353493534,False,3708.0,0.15245994439615299,0.19592790201720264,False,3.4425012269690525,39.0,True,False,2,False,False,False,False,True,False,True,False,2,False,False,,L&T Technology Services Ltd.,Information Technology,EQ,INE010V01017,SELL,Stage 3 + RS 39; RS below 50 in Stage 3 triggers SELL.
LGEINDIA,2026-08-25,1690.4000244140625,,,,,,1543.8452098271619,1.1138887135315967,Stage 2 — Advancing,1576.6255002489277,,False,,0.7813167169718328,1.7939956863198698,1692868534.7010682,1576.7660107421875,False,9.49284381970572,False,,True,True,True,True,False,False,False,False,1539.3946712239583,1543.210503540039,False,2.9037931145507123,1,1.2014380166927472,15.39600861378205,3.2741205765124723,False,1755.0,0.07159193160902526,,False,3.8215791914892883,,True,False,4,True,False,False,True,True,False,False,False,3,False,False,,LG Electronics India Ltd.,Consumer Durables,EQ,INE324D01010,WAIT,Stage 2 + RS unavailable; wait for a clearer entry trigger; no breakout setup is present.
LICHSGFIN,2026-08-24,491.3999938964844,-0.07035146432016104,-0.057858280712236976,-0.08184550809388258,-0.11044103735174293,-0.07816955095963692,521.4379029992508,-0.3026884104435412,Stage 4 — Declining,523.7120989631204,586.4255760885916,False,449.86740023054796,2.949557332666659,0.357773947344461,983283935.7502457,523.3273712158203,True,-5.760591803931369,False,-16.204201533282315,False,False,True,False,True,True,False,False,521.1308675130208,524.0420909118652,False,1.5558850541698532,2,0.7376228384077922,12.894097327794327,1.5023980812313908,False,557.3101217191471,0.020900187944176182,0.025656417299230884,False,13.412724591231262,26.0,True,False,1,False,False,False,False,False,False,True,False,1,False,False,,LIC Housing Finance Ltd.,Financial Services,EQ,INE115A01026,SELL,Stage 4 takes precedence: the guide requires SELL regardless of RS.
LTFOODS,2026-08-25,445.79998779296875,0.1024330245086511,0.09393207349696953,0.1070368122981944,0.04854752079225766,0.09087649112094477,398.28955726100975,1.2431789347714828,Stage 2 — Advancing,395.94254976160386,490.70001220703125,False,331.4598565571745,1.733362067982322,12.850918996197157,1364002796.4912033,396.24969177246095,False,11.92861566812915,False,-9.150198348704897,True,True,False,True,False,False,False,False,396.7611383056641,395.6179054260254,True,3.447166239488799,1,2.6112277320973485,25.540656696657667,6.844902455836155,False,490.70001220703125,0.018880550033381203,0.020026340335039063,False,10.071786819992967,60.0,True,True,4,True,True,True,False,True,True,True,False,6,False,False,,LT Foods Ltd.,Fast Moving Consumer Goods,EQ,INE818H01020,HOLD,Stage 2 + RS 60; trend/leadership is adequate without a stronger entry trigger.
LTM,2026-08-24,4525.7001953125,0.14435626060375473,0.018962644293237574,-0.22554021726506057,-0.11869370206715324,-0.0073117507662933505,4377.365617307898,-1.8272932481860016,Stage 3 — Topping,4169.233340992647,6344.474916122625,False,3528.0,0.5985907529419557,2.1381562212473986,2283143333.707349,4174.660009765625,False,3.38867234251794,False,-28.66706456965007,True,True,False,False,False,False,False,False,4419.667947591146,4809.188399658203,False,2.7280711329353236,2,0.8694247021108108,27.25773195876289,0.7607674231707985,False,4850.0,0.1924867436627431,0.2704860136237232,False,7.16573769122828,40.0,True,False,2,False,False,False,False,True,False,False,False,1,False,False,,LTM Ltd.,Information Technology,EQ,INE214T01019,SELL,Stage 3 + RS 40; RS below 50 in Stage 3 triggers SELL.
LT,2026-08-25,4119.0,0.02122281443169305,-0.032399215707325846,0.04066651809481203,0.1543480799858068,0.041012202247335816,3954.432801129067,0.4629153346365822,Stage 2 — Advancing,4014.5274442784926,4397.052414797838,False,3256.294765660181,0.7315454360223669,1.8106661948240614,6346465807.914892,4011.0899951171873,False,4.161587948186818,False,-6.32360928566783,True,True,True,True,False,False,False,False,3948.7705826822917,3958.0604296875,True,1.1250989500691482,2,1.0075747350009214,12.927458978452902,0.7312510718422998,False,4272.2998046875,0.17444815548898893,0.18630503379242058,False,3.721772388625877,51.0,True,True,5,True,False,True,True,True,False,True,False,5,False,False,,Larsen & Toubro Ltd.,Construction,EQ,INE018A01030,HOLD,Stage 2 + RS 51; trend/leadership is adequate without a stronger entry trigger.
LATENTVIEW,2026-08-24,278.5,-0.14701378254211328,-0.19322134950281633,-0.4250025880241678,-0.3367468348459727,-0.24979966749143667,314.1202053958423,-2.730366751999558,Stage 4 — Declining,295.5872533461627,517.5,False,248.0,1.0347050695516895,0.5122742309585273,206383294.2856369,295.4439984130859,True,-11.339673406540363,False,-46.18357487922705,False,False,False,False,True,True,False,False,316.60533325195314,355.0642500305176,False,2.954603274928267,2,0.8119073020341653,19.319582006880363,0.4468403986651673,False,324.79998779296875,0.011845141259157655,0.02135119358331008,False,16.624771200347844,3.0,True,False,0,False,False,False,False,False,False,False,False,0,False,False,,Latent View Analytics Ltd.,Information Technology,EQ,INE0I7C01011,SELL,Stage 4 takes precedence: the guide requires SELL regardless of RS.
LAURUSLABS,2026-08-25,1866.199951171875,0.37594918822300083,0.7355488427392545,0.910959010700396,1.1410894971715266,0.7078991454114358,1309.3882851796607,4.103743660945081,Stage 2 — Advancing,1637.3372635186888,1870.800048828125,True,821.6033975811163,1.5748022381856495,1.4195003833366193,3401224147.005005,1642.5560083007813,False,42.52456450806068,True,-0.24588932735657432,True,True,True,True,False,False,True,True,1301.4151057942709,1235.5232556152343,True,2.0052208388383836,3,0.44428235068969907,27.694039134796338,0.7772835259904827,True,1870.800048828125,0.07903742152356756,0.07903742152356756,True,0.24649543331953794,96.0,True,True,5,True,True,True,True,True,True,True,True,8,True,False,,Laurus Labs Ltd.,Healthcare,EQ,INE947Q01028,WAIT,"Stage 2 + RS 96; wait because price is more than 20% above the 30-week line (currently +43%) — the guide treats that as poor entry timing, not a failed trend."
LXCHEM,2026-08-25,170.5,0.10615425492527697,0.3076350549881617,-0.06661810648712763,-0.20853510023351074,0.04895807162361544,149.9247196667815,1.321822556622232,Stage 2 — Advancing,169.6126038794424,240.59049253763015,False,107.41716450845627,0.39005478537703464,0.689760776283738,305382074.78083724,169.93108795166015,False,13.723741074152773,False,-29.132694230079547,True,True,True,True,True,False,False,False,149.70443049112956,155.178352394104,False,3.0025141779528433,2,0.5495734071817577,26.645959160095135,0.2254401071162786,True,203.8000030517578,0.0072210270723167295,0.010070835527316354,False,19.530793578743587,52.0,True,True,5,True,False,False,True,True,True,False,False,4,False,False,,Laxmi Organic Industries Ltd.,Chemicals,EQ,INE576O01020,REDUCE,Stage 2 + RS 52; distribution warning (U/D 0.69) triggers REDUCE.
IXIGO,2026-08-24,167.67999267578125,-0.020389119182670168,0.01995133151502526,-0.37873287711117143,-0.40257247068199997,-0.16042645092869728,181.711643166738,-1.9155577296192106,Stage 4 — Declining,192.54058688294654,339.1499938964844,False,151.27000427246094,0.9020307604181101,0.4189054329924524,181101820.774942,192.73479858398437,True,-7.721932533558884,False,-50.55875108552688,False,False,True,False,True,True,False,False,183.04966603597006,200.92999923706054,False,4.801237545878678,1,1.1263416536810464,25.301739658862036,0.40150213108024324,False,223.6999969482422,0.0071317529607868935,0.014240062157543358,False,33.40887805307744,12.0,True,False,1,False,False,False,False,False,False,False,False,0,False,False,,Le Travenues Technology Ltd.,Consumer Services,EQ,INE0HV901016,SELL,Stage 4 takes precedence: the guide requires SELL regardless of RS.
THELEELA,2026-08-24,549.7000122070312,0.3221888447553367,0.255596225523375,0.36537507171744443,0.30678716315946075,0.3144272299821907,448.1903459220097,1.4096123197267607,Stage 2 — Advancing,493.2362766639859,576.0,False,384.5,0.8123535397582079,4.239098522707868,381702585.5522537,493.937001953125,False,22.64878465335918,True,-4.565970102945959,True,True,True,True,False,False,False,False,447.34633443196617,440.6152505493164,True,3.6441948198238387,2,1.2295994810645448,21.805556615193687,1.2859426997631924,False,576.0,0.023379799981159684,0.02387134858278646,False,4.7844255428292515,85.0,True,True,5,True,True,True,True,True,True,True,True,8,True,False,,Leela Palaces Hotels & Resorts Ltd.,Consumer Services,EQ,INE0AQ201015,WAIT,"Stage 2 + RS 85; wait because price is more than 20% above the 30-week line (currently +23%) — the guide treats that as poor entry timing, not a failed trend."
LEMONTREE,2026-08-25,109.20999908447266,-0.06466258062370367,-0.044782670030460214,-0.27193333943684894,-0.3508292108540124,-0.15937407631374578,114.51390410122806,-1.6224556972833204,Stage 4 — Declining,113.04764736399932,180.67999267578125,False,99.61000061035156,0.4432711065067776,0.6332828015306778,326590239.48051184,113.1088003540039,True,-4.631669017298423,False,-39.55611937596043,False,False,False,False,True,False,False,False,114.91873331705729,125.33285018920898,False,1.841799148310583,2,0.25099015171295935,13.159395995802683,0.694716390750912,False,122.6500015258789,0.0046252689733528585,0.0077771192634986785,False,12.306567671528468,12.0,True,False,0,False,False,False,False,False,False,False,False,0,False,False,,Lemon Tree Hotels Ltd.,Consumer Services,EQ,INE970X01018,SELL,Stage 4 takes precedence: the guide requires SELL regardless of RS.
LENSKART,2026-08-25,655.9500122070312,,,,,,521.3393859863281,2.4297223063266538,Stage 2 — Advancing,558.6078479243259,,False,,0.9500667995388191,2.0364249125931067,4532939398.759893,559.7190051269531,False,25.82015282924226,True,,True,True,True,True,False,False,False,False,518.9786690266927,496.6695024108887,False,3.2678887876506577,2,1.724651242250983,28.453780022385295,2.2160630942743844,False,673.9000244140625,0.02778083751456576,,False,2.736490871710795,,True,False,4,True,True,False,True,True,False,False,False,4,False,False,,Lenskart Solutions Ltd.,Consumer Services,EQ,INE956O01016,WAIT,"Stage 2 + RS unavailable; wait because price is more than 20% above the 30-week line (currently +26%) — the guide treats that as poor entry timing, not a failed trend."
LICI,2026-08-25,424.0,0.03645804542587561,-0.007969229809150713,-0.03316652334967474,-0.02927341489264257,0.0005013845600566379,406.4289841325316,0.2769894151016361,Stage 2 — Advancing,422.0698924345129,457.74492274879265,False,352.4872671490231,1.1914571562714833,1.3475686786823748,7891658159.14126,422.4795635986328,False,4.323268406895586,False,-7.371992800302807,True,True,True,True,False,False,False,False,406.14497721354167,410.44957321166993,False,2.0131396476149237,2,0.5900088206225094,13.78463167240485,1.5611210894059582,False,447.6000061035156,0.017957275534676208,0.019348206075778064,False,5.566039175357451,42.0,True,False,4,True,False,False,True,True,False,True,False,4,False,False,,Life Insurance Corporation of India,Financial Services,EQ,INE0J1Y01017,WAIT,Stage 2 + RS 42; wait because relative strength is below 50 — the trend has turned up but the stock still lags most of the universe.
LINDEINDIA,2026-08-25,6493.5,-0.10344422620109028,-0.030696355940671882,0.1043314158144899,0.03328235563135773,-0.019994207379400965,6956.292717920591,0.4812198096346476,Stage 1 — Basing,6962.7724513633575,8035.3727195912315,False,5663.395514756716,0.702618786946567,0.9016242078314517,185910624.46364745,6962.434638671875,True,-6.652864344370646,False,-19.188565028625938,False,False,True,True,False,False,False,False,6928.537392578125,6675.222641601563,True,2.5547525547525547,2,0.8109135191699566,14.544888728105231,0.8693448909657555,False,7557.184004421236,0.27501313368966973,0.3503575691914487,False,16.38075004883708,37.0,True,False,2,False,True,True,True,False,False,True,False,4,False,False,2.0,Linde India Ltd.,Chemicals,EQ,INE473A01011,AVOID,Stage 1 + RS 37; weak RS in a basing stage is AVOID.
LLOYDSENGG,2026-08-25,85.7300033569336,0.15189315837071038,0.7458525758030565,0.6490654667133742,0.2651329133413234,0.39276745451983497,66.84873891856573,4.4230140885850755,Stage 2 — Advancing,88.65222467160693,99.47641802454628,False,37.297425311917706,0.38022259608646936,1.0841105174926784,1146559473.9199758,88.83085418701172,True,28.244757857539817,True,-13.818767242122343,True,False,True,True,False,False,False,False,66.27471519470215,63.191398277282715,True,4.788345830756068,2,0.8029253172276419,19.699253074157763,0.35479416463997526,False,99.47641802454628,0.003630842669502766,0.004074471779904527,False,16.034543484595474,89.0,True,True,4,True,True,True,True,False,True,True,True,7,False,False,,Lloyds Engineering Works Ltd.,Capital Goods,EQ,INE093R01011,WAIT,"Stage 2 + RS 89; wait because price is more than 20% above the 30-week line (currently +28%) — the guide treats that as poor entry timing, not a failed trend."
LLOYDSENT,2026-08-24,74.05999755859375,0.09242765778104389,0.3668439806688406,0.28396193690960425,0.03259717252467187,0.1736516811330409,65.88926741195051,1.9820449983518174,Stage 2 — Advancing,77.50119901170918,84.69999694824219,False,40.66239061884169,0.8377980230665755,0.6511077868231334,321234062.6169632,77.66416473388672,True,12.400699639834345,False,-12.561983203081162,True,False,True,True,True,False,False,False,65.59789171854655,64.60470785140991,True,4.292853911085424,3,0.7484336651830216,19.806511206543238,0.8349729333722784,False,84.69999694824219,0.003149914300662169,0.0035260937311646736,False,14.366729328110539,71.0,True,True,4,True,True,True,True,False,True,True,True,7,False,False,,Lloyds Enterprises Ltd.,Metals & Mining,EQ,INE080I01025,REDUCE,Stage 2 + RS 71; distribution warning (U/D 0.65) triggers REDUCE.
LLOYDSME,2026-08-24,1831.699951171875,0.054967282576301235,0.5744306424845165,0.537966550761922,0.3539150362098824,0.3152493589217847,1606.069281591128,2.9279378127274436,Stage 2 — Advancing,1876.7313758999694,2125.0,False,1042.2770517704853,0.664080510606937,0.7957030183023317,1151398042.3692322,1878.9080029296874,True,14.048626181133073,False,-13.802355238970588,True,False,True,True,False,False,False,False,1594.3355167643228,1515.3876080322266,True,3.2319696253326042,1,1.6378878763033502,20.414119944852942,1.138512945573319,False,2125.0,0.07790572591031612,0.08861298601921899,False,16.012450545761013,85.0,True,True,4,True,True,True,True,False,True,True,True,7,False,False,,Lloyds Metals And Energy Ltd.,Metals & Mining,EQ,INE281B01032,WAIT,Stage 2 + RS 85; wait because the close is below its 50-session average — short-term timing has weakened even though the 30-week trend is intact.
LODHA,2026-08-25,1281.0999755859375,0.41765529286972725,0.2573111332508127,0.10808539887457447,0.01676728958706808,0.24349488149038195,983.9084819636932,1.6513044590441561,Stage 2 — Advancing,1135.5938529220282,1340.2415520455131,False,648.5216337409466,0.7892120747963979,0.9938089961601624,2078462168.5481505,1139.6124011230468,False,30.20519683183407,True,-4.4127550268317055,True,True,True,True,False,False,False,False,982.9507779947917,1015.0310772705078,True,2.6252918656446216,3,1.0268803382850413,33.07186046753628,0.4518467020079583,False,1340.2415520455131,0.05425722936099916,0.05617112103836807,False,4.6164684713639215,78.0,True,True,5,True,False,True,True,True,True,True,True,7,False,False,,Lodha Developers Ltd.,Realty,EQ,INE670K01029,HOLD,Stage 2 + RS 78; trend/leadership is adequate without a stronger entry trigger.
LUMAXTECH,2026-08-24,1964.300048828125,0.21280304538824124,0.17814532933685867,0.39537178229262104,0.7253404030110893,0.3448927210834103,1624.8362853167807,2.2990519609253246,Stage 2 — Advancing,1636.7795075061274,2110.0,False,1021.2810346738605,0.4137063244030984,4.3756712646681715,963359276.6876953,1636.0259301757812,False,20.892182589654684,True,-6.905210956013031,True,True,True,True,False,False,False,False,1618.879200032552,1586.832289428711,True,4.495764410948918,3,1.2902773069944313,34.601159389235676,5.4265489300437375,False,2110.0,0.08354546338865142,0.08767733047504736,False,7.417397930565528,87.0,True,True,5,True,True,True,True,True,True,True,True,8,True,False,,Lumax Auto Technologies Ltd.,Automobile and Auto Components,EQ,INE872H01027,WAIT,"Stage 2 + RS 87; wait because price is more than 20% above the 30-week line (currently +21%) — the guide treats that as poor entry timing, not a failed trend."
LUPIN,2026-08-24,2188.0,-0.03415518075114565,-0.020591617633671566,0.10215279590451964,0.11605037342718472,0.0258602380391483,2297.2222114458477,0.1834272848335594,Stage 1 — Basing,2365.2269646139707,2523.699951171875,False,1861.5026464000705,0.5132239613978558,0.26160378394786526,2624719666.3016114,2367.3967626953126,True,-4.754534015109679,False,-13.30189632947425,False,False,True,True,True,True,False,False,2293.2098681640623,2239.0417797851565,True,2.0703829558345848,2,0.6530311933364541,13.607001980734395,0.794482848370031,False,2523.699951171875,0.0930598530521973,0.11190751564979398,False,15.342776561785886,48.0,True,False,2,False,True,True,True,False,False,True,False,4,False,False,3.0,Lupin Ltd.,Healthcare,EQ,INE326A01037,AVOID,Stage 1 + RS 48; weak RS in a basing stage is AVOID.
MMTC,2026-08-25,63.900001525878906,-0.01480109582853506,0.027000968695204408,0.06005313238037613,0.001096658198592726,0.011709713523420628,63.671027301109,-0.2736233636484564,Stage 3 — Topping,65.7147061217065,78.3499984741211,False,50.099998474121094,0.2656310738703984,3.244222995416186,235238927.51333007,65.51420028686523,True,0.35962074820476975,False,-18.442880956806917,True,False,True,False,False,False,False,False,63.70479990641276,63.30980007171631,False,3.0471695279567665,2,0.5641735345785256,23.54817780160672,0.6422819090018843,False,78.3499984741211,0.002706297014307636,0.003293437165911991,False,22.6134532131272,45.0,True,False,2,True,True,False,True,False,False,True,False,4,False,False,,MMTC Ltd.,Services,EQ,INE123F01029,SELL,Stage 3 + RS 45; RS below 50 in Stage 3 triggers SELL.
MOIL,2026-08-25,254.3000030517578,-0.16003302047313683,-0.17327698957789006,-0.20251827444104809,-0.21418529544592746,-0.18200932008222787,294.62284589793586,-1.6064942566679452,Stage 4 — Declining,275.6745096842448,398.6210131186603,False,242.35000610351562,0.5374598318286278,3.681855397359733,731609414.3275764,275.2359997558594,True,-13.686258010061724,False,-36.2050683022928,False,False,False,False,False,False,False,False,295.60639231363933,306.42568016052246,False,2.919780952675253,1,1.6615989515011245,17.422004286291564,0.8318027669988035,False,304.5,0.010770130243559942,0.01674616854939135,False,19.740462581915487,8.0,True,False,0,False,False,False,False,False,False,False,False,0,False,False,,MOIL Ltd.,Metals & Mining,EQ,INE490G01020,SELL,Stage 4 takes precedence: the guide requires SELL regardless of RS.
MRF,2026-08-24,134365.0,0.06163601396624396,-0.06495643894994185,-0.13414048186453165,-0.08745573167673704,-0.03265612491174452,132860.934182363,-0.46655240458077785,Stage 3 — Topping,131984.77205882352,163308.50228634744,False,121787.43505408362,0.8610853597660986,1.0912821514936857,569210156.0,132058.14671875,False,1.1320602454687911,False,-17.723206006505098,True,True,False,False,False,False,False,False,133101.9959375,137932.259296875,False,1.3776440505871534,2,0.6489458466524519,11.069142344685742,0.7595905683805413,False,138747.82947281824,5.714802173381394,6.819603123270115,False,3.2618832827136846,35.0,True,False,2,False,False,False,False,True,False,True,False,2,False,False,,MRF Ltd.,Automobile and Auto Components,EQ,INE883A01011,SELL,Stage 3 + RS 35; RS below 50 in Stage 3 triggers SELL.
MSTCLTD,2026-08-25,727.9500122070312,0.692710226415528,0.6058902091554892,0.5360784637222937,0.665439773147698,0.6385657797713075,518.0079011263913,2.7674580177639907,Stage 2 — Advancing,649.5696076037837,743.9000244140625,True,362.1499938964844,0.27114031252937365,3.4556453153505964,247749983.25293273,648.385,False,40.52874688284247,True,-2.1441069610925734,True,True,True,True,False,False,False,False,516.2395603434245,508.7324708557129,True,3.754182785368442,1,1.7261912331739726,23.376800471412263,0.36238985200151475,False,743.9000244140625,0.030830186190265493,0.031073823751355704,False,2.1910861926732084,95.0,True,True,5,True,True,True,True,True,True,True,True,8,True,False,,MSTC Ltd.,Services,EQ,INE255X01014,WAIT,"Stage 2 + RS 95; wait because price is more than 20% above the 30-week line (currently +41%) — the guide treats that as poor entry timing, not a failed trend."
MTARTECH,2026-08-24,6812.0,-0.15646090025385428,0.812087701766558,1.669697342564418,3.48039982281981,1.1298526133286155,5615.927398263591,5.36161494304781,Stage 2 — Advancing,6892.78431372549,8714.0,False,1390.5,0.13302391755138113,2.329548507502785,1171466011.475,6883.76,True,21.297864393799436,True,-21.82694514574248,True,False,True,True,False,False,False,False,5533.208001302083,4772.2619982910155,True,4.415002935995303,2,0.5409212058453884,40.394767041542345,0.10997891302008961,False,8714.0,0.28972747668718835,0.36184012766427875,False,27.921315325895478,98.0,True,True,4,True,True,True,True,False,True,True,True,7,False,False,,MTAR Technologies Ltd.,Capital Goods,BE,INE864I01014,WAIT,"Stage 2 + RS 98; wait because price is more than 20% above the 30-week line (currently +21%) — the guide treats that as poor entry timing, not a failed trend."
MGL,2026-08-25,1101.4000244140625,0.04125304392753404,-0.06807418827141298,-0.06280087709184434,-0.14537397156717913,-0.038748589815073675,1081.6539883317619,0.39650997373574803,Stage 2 — Advancing,1116.415304744945,1341.9214475373328,False,885.652283987356,0.9154163420200729,5.536147078503029,502624593.01732177,1115.4096264648438,True,1.8255409119098287,False,-17.92365891197807,True,False,True,True,False,False,False,False,1081.2724100748699,1091.2123519897461,False,2.7950191688668435,3,0.7046164137919531,14.984016119309903,1.3436005547064453,False,1232.0406643604476,0.04664656535920383,0.05680567525571492,False,11.861325317827642,34.0,True,False,3,True,False,False,True,False,False,True,False,3,False,False,,Mahanagar Gas Ltd.,Oil Gas & Consumable Fuels,EQ,INE002S01010,WAIT,Stage 2 + RS 34; wait because the close is below its 50-session average — short-term timing has weakened even though the 30-week trend is intact.
MAHSCOOTER,2026-08-24,13063.0,0.12558719558937503,-0.010508213591853832,-0.0886205591455872,-0.15014786391018287,0.0003795509062252331,12791.779903017241,-0.07263010027739325,Stage 3 — Topping,13001.374961703432,18282.171657913605,False,10848.184744150401,0.8724011414594374,1.6716901846856194,68698989.5,13012.1161328125,False,2.1202686337558507,False,-28.547875797098964,True,True,True,False,False,False,False,False,12811.46216796875,13158.190249023437,False,2.301484017016437,2,1.208846119958332,13.194299238526447,0.5725307405775624,False,14125.0,0.555594543153955,0.769153128744121,False,8.1298323509148,42.0,True,False,3,False,False,False,False,True,False,False,False,1,False,False,,Maharashtra Scooters Ltd.,Financial Services,EQ,INE288A01013,SELL,Stage 3 + RS 42; RS below 50 in Stage 3 triggers SELL.
MAHSEAMLES,2026-08-25,636.5499877929688,0.016771823663819463,0.16862488255466923,0.08811963725293803,-0.04321358864799285,0.04941491569745067,594.7263689433058,1.1095495103899067,Stage 2 — Advancing,602.0058809168198,690.0,False,500.70001220703125,1.867589768067837,3.3561165344019037,115867791.9384369,601.5659985351563,False,7.032413734062959,False,-7.7463785807291625,True,True,True,True,False,False,False,False,592.5646655273438,583.6982482910156,True,3.038139559475976,1,1.0061598553162563,15.76719392183957,1.8286244407861687,False,661.5,0.02695920642073848,0.029050666842845168,False,3.9195684055446156,53.0,True,True,5,True,True,True,True,True,False,True,False,6,False,False,,Maharashtra Seamless Ltd.,Capital Goods,EQ,INE271B01025,HOLD,Stage 2 + RS 53; trend/leadership is adequate without a stronger entry trigger.
M&MFIN,2026-08-25,381.45001220703125,0.26408109954445225,0.03114924635593641,0.08237048616273679,0.46601106391223746,0.22153859910396304,330.4546303945045,0.8404944024493766,Stage 2 — Advancing,350.4882429534314,415.0,False,247.48193100818654,0.3849690400952973,0.8989261529449392,1220010424.0549483,351.6720843505859,False,15.431885990414873,False,-8.084334407944283,True,True,True,True,False,False,False,False,330.91814880371095,335.5891946411133,True,3.4426922040473906,3,0.5983345682755182,31.96445988815741,0.41491089783562024,True,415.0,0.016155195688460525,0.017364971922881205,False,8.795382545369934,77.0,True,True,5,True,False,True,True,True,True,True,True,7,False,False,,Mahindra & Mahindra Financial Services Ltd.,Financial Services,EQ,INE774D01024,HOLD,Stage 2 + RS 77; trend/leadership is adequate without a stronger entry trigger.
M&M,2026-08-25,3443.0,0.10836464098645315,-0.0034781564117511987,-0.0518200413480272,0.023612540504382107,0.037008724943502005,3204.211623100385,-0.25532794603936315,Stage 3 — Topping,3240.671133003983,3799.9943064302024,False,2865.903724597869,0.4382224628738026,2.167913201357986,7833955095.061914,3243.378759765625,False,7.452328528431096,False,-9.394601087325594,True,True,True,False,False,False,False,False,3212.6329020182293,3320.9042980957033,False,1.6013841125303412,2,0.4982728376195837,15.306880446915832,0.5576154574344303,False,3534.60009765625,0.14581815958936364,0.15939129556332166,False,2.660473356266335,50.0,True,True,4,True,False,False,False,True,False,True,False,3,False,False,,Mahindra & Mahindra Ltd.,Automobile and Auto Components,EQ,INE101A01026,REDUCE,Stage 3 with RS 50; the guide requires REDUCE when RS is 50 or higher.
MANAPPURAM,2026-08-25,367.45001220703125,0.13160106778703362,0.24440286996216432,0.32491336501155765,0.377437736978373,0.24199122150523245,307.50009552420005,1.0904342831721037,Stage 2 — Advancing,341.60975138346356,380.45671483079525,False,244.06078978586396,0.8970456831633101,0.850287777879533,2848081188.919075,342.11113830566404,False,19.495901807976246,False,-3.418707599772186,True,True,True,True,False,False,False,False,307.22022806803386,302.8095204162598,True,2.841346469324828,1,1.2178928791959316,19.827015909614396,1.992021941695961,False,380.45671483079525,0.01556226677929669,0.015805066337803163,False,3.5397202862074373,78.0,True,True,5,True,True,True,True,True,True,True,True,8,True,False,,Manappuram Finance Ltd.,Financial Services,EQ,INE522D01027,HOLD,Stage 2 + RS 78; trend/leadership is adequate without a stronger entry trigger.
MRPL,2026-08-25,171.83999633789062,0.13171760064781513,-0.12311186151813525,0.05835889941709804,0.42088682458327065,0.12391381275557274,170.24698555306213,1.0149184374598663,Stage 2 — Advancing,164.19450976801855,212.0,False,117.96135501479725,0.18402169602055668,2.1689351515521014,2246254720.407981,164.16799987792967,False,0.9357057216921927,False,-18.94339795382518,True,True,False,True,False,False,False,False,169.6326478068034,165.41473373413086,True,4.224030786911224,3,0.8311229761053293,23.650792036106978,0.9045912918504364,False,189.0,0.007277778684238803,0.009617745955988098,False,9.986035863482856,65.0,True,True,4,True,True,True,False,True,True,True,False,6,False,False,,Mangalore Refinery & Petrochemicals Ltd.,Oil Gas & Consumable Fuels,EQ,INE103A01014,HOLD,Stage 2 + RS 65; trend/leadership is adequate without a stronger entry trigger.
MANKIND,2026-08-24,2374.5,-0.04230858533332571,0.15564318704817737,0.06829533997519155,-0.08911310590643673,0.010041650090056153,2303.1903421336206,0.6350493022268422,Stage 2 — Advancing,2478.060791015625,2674.0,False,1909.699951171875,0.2980780680284468,0.48039250140092354,1137514041.4121704,2480.016005859375,True,3.096125255558335,False,-11.200448765893789,True,False,True,True,True,True,False,False,2297.5039973958333,2276.4184997558596,True,1.737207833228048,2,0.3673863300541734,11.404241060867713,0.8887573719503262,False,2642.0,0.1009920571629079,0.11444249673421647,False,11.265529585175837,45.0,True,False,3,True,True,True,True,False,False,True,False,5,False,False,,Mankind Pharma Ltd.,Healthcare,EQ,INE634S01028,REDUCE,Stage 2 + RS 45; distribution warning (U/D 0.48) triggers REDUCE.
MANORAMA,2026-08-24,1909.4000244140625,0.3772360002814028,0.34930397664903823,0.46437609376692457,0.35035362405520676,0.38370113900679503,1474.2198603381848,2.7050553186729553,Stage 2 — Advancing,1633.4137274050245,2043.0,False,1060.5999755859375,0.3435553802804767,6.391422769456532,1782503832.7786865,1635.4480029296874,False,29.5193529665275,True,-6.539401643951914,True,True,True,True,False,False,False,False,1465.0419970703124,1430.5494982910157,True,4.949199094532706,1,2.88527212376959,27.03866981958211,11.486390595526016,False,2043.0,0.08121045963886409,0.08330303157419075,False,6.996961028474646,88.0,True,True,5,True,True,True,True,True,True,True,True,8,True,False,,Manorama Industries Ltd.,Fast Moving Consumer Goods,EQ,INE00VM01036,WAIT,"Stage 2 + RS 88; wait because price is more than 20% above the 30-week line (currently +30%) — the guide treats that as poor entry timing, not a failed trend."
MARICO,2026-08-24,846.0999755859375,0.030952978213558913,0.048891462807846287,0.15492785253183472,0.16322593784107475,0.08579024192157472,801.3819864351456,0.8545617874400335,Stage 2 — Advancing,845.2819620768229,889.0999755859375,False,687.1576231263153,0.4353300695561913,0.9993157506887904,1447649259.8646026,846.0683142089844,False,5.580109099995467,False,-4.836351499353264,True,True,True,True,False,False,False,False,799.9861238606771,784.0063354492188,True,1.7057258907106791,3,0.5584564695740165,10.878809868115312,0.5312267416956498,True,889.0999755859375,0.03598626114967782,0.038037339301649396,False,5.0821417374727895,59.0,True,True,5,True,True,True,True,True,False,True,False,6,False,False,,Marico Ltd.,Fast Moving Consumer Goods,EQ,INE196A01026,HOLD,Stage 2 + RS 59; trend/leadership is adequate without a stronger entry trigger.
MARKSANS,2026-08-25,318.5,0.45000920443785897,0.8160982264665757,0.69386916272215,0.7958785302461255,0.6411728656621138,219.74076623785984,4.809946702800438,Stage 2 — Advancing,274.2199539483762,344.5490677430362,False,154.57339337516265,0.4720023861543705,2.3851073670860763,1807976837.6761794,274.7753564453125,False,44.94351933552356,True,-7.560336155796399,True,True,True,True,False,False,False,False,218.3440948486328,209.91922080993652,True,4.896290596871041,2,1.7898187458546875,30.636756012781753,5.257482803670749,False,344.5490677430362,0.013489132683477293,0.014074375843760598,False,8.178671190906183,96.0,True,True,5,True,True,True,True,True,True,True,True,8,True,False,,Marksans Pharma Ltd.,Healthcare,EQ,INE750C01026,WAIT,"Stage 2 + RS 96; wait because price is more than 20% above the 30-week line (currently +45%) — the guide treats that as poor entry timing, not a failed trend."
MARUTI,2026-08-25,13678.0,0.049002975962001205,-0.08325356847385568,-0.1305073446367666,-0.04405140700396537,-0.03196127363811705,13586.910651220034,-0.9243027938964365,Stage 3 — Topping,13718.52303538603,17197.28603290768,False,12079.682710510879,0.670617068421406,1.3677731329837755,5020572164.934814,13721.7961328125,True,0.6704198704051034,False,-20.46419432795028,True,False,True,False,False,False,False,False,13639.644654947917,14254.175791015625,False,1.3368504416514904,2,0.6090035342360448,9.597206769394955,0.4914867643010562,False,14452.849699252605,0.5792915442530688,0.7130239895045918,False,5.6649341954423615,35.0,True,False,2,False,False,False,False,False,False,True,False,1,False,False,,Maruti Suzuki India Ltd.,Automobile and Auto Components,EQ,INE585B01010,SELL,Stage 3 + RS 35; RS below 50 in Stage 3 triggers SELL.
MASTEK,2026-08-25,1666.5,-0.002095808383233533,0.02851320729471607,-0.24939523172419908,-0.3526901496108593,-0.11555275816136189,1681.4649181627246,-1.2485604312312604,Stage 4 — Declining,1715.201956954657,2587.070380910119,False,1334.199951171875,0.5389802383606979,0.9930850253279707,156385983.0819702,1716.2299951171874,True,-0.8899928866239026,False,-35.58350741838986,False,False,True,False,False,False,False,False,1693.1865836588543,1808.8804473876953,False,3.224038049731312,2,1.2423613313175672,20.748314812298304,0.8766359683175544,False,1945.699951171875,0.07057971622296674,0.11355368717185453,False,16.753672437556254,18.0,True,False,1,False,False,False,False,False,False,False,False,0,False,False,,Mastek Ltd.,Information Technology,EQ,INE759A01021,SELL,Stage 4 takes precedence: the guide requires SELL regardless of RS.
MFSL,2026-08-25,1592.5,-0.07777394314950725,-0.14137054945529404,-0.06207669644768132,-0.03554987458073444,-0.07890900135654486,1630.807536085991,-0.31999304484038316,Stage 4 — Declining,1572.0647140203737,1892.5,False,1433.5999755859375,1.1969308739695446,1.7233900761854521,1297622921.0963867,1571.2600073242188,False,-2.3489918484146055,False,-15.852047556142669,False,True,False,False,False,False,False,False,1630.4606681315104,1643.6175018310546,False,2.3731782805842117,2,0.7597933381456975,14.361576744408369,1.256773181837755,False,1713.5999755859375,0.06744566341738646,0.0796254649129504,False,7.604394071330445,26.0,True,False,1,False,False,False,False,True,False,True,False,2,False,False,,Max Financial Services Ltd.,Financial Services,EQ,INE180A01020,SELL,Stage 4 takes precedence: the guide requires SELL regardless of RS.
MAXHEALTH,2026-08-25,1016.0,0.016941216834233108,-0.06460286930559589,-0.12114188267034132,-0.16668941071944732,-0.06371034580538366,1033.2583634886023,-0.06767140976594588,Stage 4 — Declining,1078.5619877833947,1219.732372328196,False,901.3980430128952,0.9497243631321075,0.6371245972516902,2035964911.2010834,1079.6875634765624,True,-1.6702853902225034,False,-16.703038875595034,False,False,True,False,True,False,False,False,1032.2396504720052,1044.6505654907226,False,2.7516883189283954,3,0.44201435599921096,16.063021893951326,1.1183782110742138,False,1167.9000244140625,0.04302969797931846,0.051911940301331,False,14.950789804533704,29.0,True,False,1,False,False,False,True,False,False,True,False,2,False,False,,Max Healthcare Institute Ltd.,Healthcare,EQ,INE027H01010,SELL,Stage 4 takes precedence: the guide requires SELL regardless of RS.
MAZDOCK,2026-08-25,2610.0,0.05850209897198977,0.16842952935631983,-0.00762105251823153,-0.045257257986732524,0.04651108335906706,2443.027937379602,0.4792423119627909,Stage 2 — Advancing,2458.2316750919117,3039.7424286023584,False,2053.692522278021,1.986772960344634,2.7383956747047398,2487870287.4860716,2458.137236328125,False,6.834635824897384,False,-14.137461929626372,True,True,True,True,False,False,False,False,2439.805465494792,2469.310458984375,False,2.759730650087315,2,1.0326102414998501,13.567179980088055,0.9866188422634193,False,2621.699951171875,0.11053888949411533,0.12681045734809449,False,0.44827399125957346,52.0,True,True,5,True,False,False,False,True,False,True,False,3,False,False,,Mazagoan Dock Shipbuilders Ltd.,Capital Goods,EQ,INE249Z01020,HOLD,Stage 2 + RS 52; trend/leadership is adequate without a stronger entry trigger.
MEDPLUS,2026-08-24,676.5999755859375,-0.2471766613786509,-0.1897491342114902,-0.1567271188712478,-0.17613397188926938,-0.20339270954586186,824.7362094221444,-1.2659931893670429,Stage 4 — Declining,760.9441205193015,1022.2000122070312,False,648.0,0.8694377811100765,0.9133008504189275,165666062.20456544,758.7490026855469,True,-17.961650300281985,False,-33.80943381862313,False,False,False,False,False,False,False,False,824.0650032552084,819.244750366211,False,2.6207713770803434,2,0.7364586774214492,25.836909871244636,1.2128202152088434,False,873.75,0.028777099772919392,0.04220823098299065,False,29.13834341234347,6.0,True,False,0,False,True,False,False,False,False,False,False,1,False,False,,Medplus Health Services Ltd.,Consumer Services,EQ,INE804L01022,SELL,Stage 4 takes precedence: the guide requires SELL regardless of RS.
MEESHO,2026-08-25,206.32000732421875,,,,,,174.12780772169975,1.2363266891989744,Stage 2 — Advancing,188.49647103103936,,False,,0.9175271418134522,2.0757939346150005,2465419610.0118513,188.92440032958984,False,18.487684433476748,False,,True,True,True,True,False,False,False,False,174.0401328531901,,False,3.096438239709034,2,0.6419625393799202,23.169522891054466,0.6337118369586074,False,212.64999389648438,0.008738078348673135,,False,3.0680430145189286,,True,False,4,False,False,False,False,True,False,False,False,1,False,False,,Meesho Ltd.,Consumer Services,EQ,INE0VDM01015,WAIT,Stage 2 + RS unavailable; wait for a clearer entry trigger; no breakout setup is present.
METROPOLIS,2026-08-24,563.3499755859375,0.08555730288949914,0.19172897309388803,0.16318054168605323,0.042879409745859576,0.11378070606095983,511.2095692255726,1.0456330859269114,Stage 2 — Advancing,559.5843134861367,609.0499877929688,False,411.4375158286193,0.6044005036926113,0.8632367152219805,155558964.25566712,560.2579992675782,False,10.199419083518336,False,-7.503491194973277,True,True,True,True,False,False,False,False,510.27241170247396,503.0503356933594,True,3.3676117384751665,2,0.94849765262443,15.236842566773646,1.0649439568849923,False,609.0499877929688,0.02396035920703212,0.025333366969064856,False,8.112188548423905,63.0,True,True,5,True,True,True,True,True,True,True,False,7,False,False,,Metropolis Healthcare Ltd.,Healthcare,EQ,INE112L01020,HOLD,Stage 2 + RS 63; trend/leadership is adequate without a stronger entry trigger.
MINDACORP,2026-08-25,703.5499877929688,0.20328241296947813,0.21616387953197114,0.18816271954590125,0.37477972981144325,0.2371342309656544,602.0654200060615,1.9916090716488144,Stage 2 — Advancing,695.3904203527114,769.0,False,467.97365403461544,1.3047030274280869,2.0034611170296603,571261896.1241394,696.1709936523438,False,16.856069857970834,False,-8.511054903385073,True,True,True,True,False,False,False,False,600.0409537760416,596.9041174316407,True,4.201082920494646,2,1.0863957391035572,16.849045646241173,2.9920799023603535,False,769.0,0.029796794771736846,0.03175005485581512,False,9.302823302200247,78.0,True,True,5,True,True,True,True,True,True,True,True,8,True,False,,Minda Corporation Ltd.,Automobile and Auto Components,EQ,INE842C01021,HOLD,Stage 2 + RS 78; trend/leadership is adequate without a stronger entry trigger.
MIDHANI,2026-08-25,414.3999938964844,-0.0052808741593839414,0.1979283225759325,0.26100580075006263,0.06538830563510989,0.10275213612846744,385.76956803831337,1.3475499371386368,Stage 2 — Advancing,418.5254911534926,456.6000061035156,False,266.6499938964844,0.713161917715402,2.5423809694724033,787335696.7357117,418.1150012207031,True,7.421639297200211,False,-9.242227692275605,True,False,True,True,False,False,False,False,384.50340270996094,371.82899597167966,True,4.954669013305183,1,1.3320881611986064,15.330705007509424,3.2179114867741743,False,456.6000061035156,0.017550695452753087,0.02013173797402143,False,10.183400779096697,61.0,True,True,4,True,True,True,True,False,True,True,False,6,False,False,,Mishra Dhatu Nigam Ltd.,Capital Goods,EQ,INE099Z01011,HOLD,Stage 2 + RS 61; trend/leadership is adequate without a stronger entry trigger.
MSUMI,2026-08-25,36.81999969482422,-0.04998920279203789,-0.14265726327469375,-0.2016579662560708,-0.11124372483950695,-0.11110747199086946,39.753890651546115,-0.7421344424510701,Stage 4 — Declining,39.79032882989622,52.823297143452564,False,35.189245537612464,1.2392888779067486,0.4582725494100847,445155370.9967743,39.845091323852536,True,-7.380135399672616,False,-30.29590789300427,False,False,True,False,True,True,False,False,39.84317085266113,41.43889106750488,False,2.473422109680051,2,0.9359037186453827,13.71099386481133,0.6342933256768574,False,42.220001220703125,0.001559403018176067,0.002132528489373942,False,14.665946688310228,19.0,True,False,1,False,False,False,False,False,False,False,False,0,False,False,,Motherson Sumi Wiring India Ltd.,Automobile and Auto Components,EQ,INE0FS801015,SELL,Stage 4 takes precedence: the guide requires SELL regardless of RS.
MOTILALOFS,2026-08-25,1011.5,0.16224292104738103,0.3792868803081695,0.07798322025808235,0.10150625138291325,0.17665243880878545,834.1815858605789,1.1555800056861854,Stage 2 — Advancing,930.2715717390472,1088.3156211947492,False,614.9000244140625,1.5491037260886953,3.1111792497615736,1133060190.8692079,929.9920031738282,False,21.256572567049826,True,-7.058211763093247,True,True,True,True,False,False,False,False,832.4865421549479,845.7546981811523,False,2.789704892756735,1,3.6380061156333268,18.119427826692476,1.508256762469228,False,1019.9000244140625,0.042839113687087226,0.045461829928840375,False,0.8304522406389125,71.0,True,True,5,True,False,False,True,True,True,True,True,6,False,False,,Motilal Oswal Financial Services Ltd.,Financial Services,EQ,INE338I01027,HOLD,Stage 2 + RS 71; trend/leadership is adequate without a stronger entry trigger.
MPHASIS,2026-08-24,2427.0,0.12134051115165634,0.12103778343553429,-0.09880777094668503,-0.1251608038635521,0.027950046185721972,2284.953697727151,-0.6885065171614468,Stage 3 — Topping,2336.158978630515,2957.899861042516,False,1960.4413570175507,0.31425861184951553,1.3472099288227473,1275240779.2770875,2337.894267578125,False,6.216594341239512,False,-17.94854072089511,True,True,True,False,False,False,False,False,2297.482149251302,2411.5698065185547,False,2.628170451054727,2,0.7456828642305099,19.210021078205937,0.6142097989375118,False,2556.89990234375,0.10322498325305432,0.12528721305675106,False,5.352282750051507,49.0,True,False,3,True,False,False,False,True,False,True,False,3,False,False,,MphasiS Ltd.,Information Technology,EQ,INE356A01018,SELL,Stage 3 + RS 49; RS below 50 in Stage 3 triggers SELL.
BECTORFOOD,2026-08-25,250.88999938964844,0.40263882282367547,0.15997044328233367,-0.013189401809736934,-0.07785353563395381,0.17484103029719877,198.6724749003371,1.1139594220211269,Stage 2 — Advancing,205.39411806592753,297.5474157032224,False,165.0,0.09244560265752973,3.2285623475847633,646649958.7214394,205.81940032958985,False,26.28322041868454,True,-15.680665954803874,True,True,True,True,False,False,False,False,199.15297454833984,211.30106002807617,False,4.4880208952697,2,1.7229854501537067,37.92324771342041,0.2751461239275453,False,265.79998779296875,0.010625709547015715,0.012838485781554257,False,5.94283886946172,71.0,True,True,5,True,False,False,False,True,True,True,True,5,False,False,,Mrs. Bectors Food Specialities Ltd.,Fast Moving Consumer Goods,EQ,INE495P01020,HOLD,Stage 2 + RS 71; trend/leadership is adequate without a stronger entry trigger.
MCX,2026-08-25,3280.0,-0.010229609626945635,0.3392128308799818,0.6621059893692309,1.049231569430256,0.4060182340851155,2764.354109254602,1.674491056019578,Stage 2 — Advancing,2838.9019655713846,3480.0,False,1460.800048828125,0.74293439016559,2.0928916355223586,8122621424.615576,2837.9720068359375,False,18.65339498362748,False,-5.747126436781613,True,True,True,True,False,False,False,False,2752.5646663411458,2589.3534997558595,True,3.2388911762304002,1,2.230891101421509,22.46199299240321,1.1308508399908568,False,3308.699951171875,0.13891477300409896,0.15243498212328999,False,0.8749985113376546,89.0,True,True,5,True,True,True,True,True,True,True,True,8,True,False,,Multi Commodity Exchange of India Ltd.,Financial Services,EQ,INE745G01043,HOLD,Stage 2 + RS 89; trend/leadership is adequate without a stronger entry trigger.
MUTHOOTFIN,2026-08-25,3201.0,-0.04573095242358194,-0.07890606213095341,-0.12314173410707707,0.19837618254830391,-0.019026703707378093,3269.3454706897473,-1.7663253858551053,Stage 4 — Declining,3017.788224762561,4114.708242760882,False,2582.3647317654068,0.7190425190552499,0.9274456191408724,4449680282.274206,3014.8059912109375,False,-2.0904939934453637,False,-22.205905956233806,False,True,False,False,False,False,False,False,3284.6410888671876,3396.4431701660155,False,2.3207033516311872,2,1.614639273106043,17.247574421214555,1.1183623847569175,False,3227.699951171875,0.1355689598738173,0.17538049541165746,False,0.8341128138667608,38.0,True,False,1,False,False,False,False,True,False,True,False,2,False,False,,Muthoot Finance Ltd.,Financial Services,EQ,INE414G01012,SELL,Stage 4 takes precedence: the guide requires SELL regardless of RS.
NATCOPHARM,2026-08-25,866.25,-0.26025775352203484,-0.11294453197027621,0.04219594412254657,-0.0046696086217870025,-0.11918674070271727,971.0194388611676,0.22144024547510188,Stage 1 — Basing,919.3609284045649,1224.7250830949197,False,784.9091438882253,0.8237152269545204,0.5437037056551073,425056763.7403778,920.7469519042969,True,-10.789633520008978,False,-29.26984088453889,False,False,False,True,True,True,False,False,967.2451460774739,946.0289294433594,True,3.125050329851066,3,1.0868060899609127,15.331391400494795,1.133315194763202,False,995.6131549912668,0.036687476254512415,0.053171079410121364,False,14.93369754588938,17.0,True,False,1,False,True,True,False,False,False,False,False,2,False,False,1.0,NATCO Pharma Ltd.,Healthcare,EQ,INE987B01026,AVOID,Stage 1 + RS 17; weak RS in a basing stage is AVOID.
NBCC,2026-08-25,89.5,-0.07375923136256268,-0.05261703377023319,-0.2366291187393902,-0.1350697739027238,-0.11436687782749451,95.09055751643768,-0.7858811436651458,Stage 4 — Declining,97.83031598259421,125.47877724117153,False,77.05014024087339,0.5417527235699852,0.7328339024719119,536301869.46475184,97.60779510498047,True,-5.879193121221615,False,-28.673197198933444,False,False,True,False,False,False,False,False,95.13537490844726,99.65305271148682,False,2.085083898462905,2,0.8322889786230676,23.74955975803174,0.5912246596792284,False,114.09770189381173,0.00379050981215453,0.005140163584973817,False,27.483465803141605,18.0,True,False,1,False,False,False,False,False,False,False,False,0,False,False,,NBCC (India) Ltd.,Construction,EQ,INE095N01031,SELL,Stage 4 takes precedence: the guide requires SELL regardless of RS.
NCC,2026-08-25,148.30999755859375,-0.0023889144516134886,-0.0071243480311893315,-0.1306392119868135,-0.31160869271756597,-0.09083001632775915,147.179104530648,-0.08756298542952345,Stage 3 — Topping,143.73881919711243,218.9304972416292,False,128.02376544116242,0.7560910469233773,3.2575249291520163,396062115.2475761,143.60168853759765,False,0.7683787936828113,False,-32.25704073795303,True,True,False,False,False,False,False,False,147.01330352783202,150.88787895202637,False,2.622885896520213,2,1.2573483635236127,16.749439433481832,1.937105111989057,False,158.63129755507887,0.0062812346478934526,0.009168638412971714,False,6.959274604807009,23.0,True,False,2,False,False,False,False,True,False,False,False,1,False,False,,NCC Ltd.,Construction,EQ,INE868B01028,SELL,Stage 3 + RS 23; RS below 50 in Stage 3 triggers SELL.
NEOGEN,2026-08-24,2132.60009765625,0.26467410948034686,0.5850470321910368,0.8409247606174834,0.4956145416086699,0.49018691067557685,1697.6736592331977,3.782619613543514,Stage 2 — Advancing,2070.327040728401,2483.89990234375,False,966.2326038611084,1.2316621522592137,1.9585904457459007,560473656.7024353,2070.4655444335935,False,25.61896605143177,True,-14.143074137408751,True,True,True,True,False,False,False,False,1685.1318619791666,1555.6787277221679,True,5.342967990372814,2,1.6742192828453712,25.75756060639626,2.093507317814653,False,2483.89990234375,0.09070358853153211,0.09987141152121497,False,16.47284012945429,92.0,True,True,5,True,True,True,True,True,True,True,True,8,True,False,,NEOGEN CHEMICALS LTD.,Chemicals,EQ,INE136S01016,WAIT,"Stage 2 + RS 92; wait because price is more than 20% above the 30-week line (currently +26%) — the guide treats that as poor entry timing, not a failed trend."
NESCO,2026-08-24,1035.800048828125,-0.16024626306809087,-0.06563552571362874,-0.1870308931698237,-0.27871701628848344,-0.17037519226162354,1119.4162963867188,-0.641418449408726,Stage 4 — Declining,1074.0935932234222,1628.413458753058,False,989.6270152436205,0.7488702961975587,1.0254927451771492,30484937.23022461,1073.6188610839845,True,-7.469629290594804,False,-36.39207270976015,False,False,False,False,False,False,False,False,1120.247441813151,1149.226930847168,False,1.8295048574742547,3,0.529860601529612,14.629908959840545,0.41769778603110924,False,1173.2445911469965,0.0440545705372048,0.06787110634035919,False,13.269408750692024,10.0,False,False,0,False,False,False,False,False,False,False,False,0,False,False,,NESCO Ltd.,Services,EQ,INE317F01035,SELL,Stage 4 takes precedence: the guide requires SELL regardless of RS.
NHPC,2026-08-25,76.62000274658203,-0.027718540817382564,0.015325415616443516,0.012787291248967936,-0.01736721487981585,-0.008938317929833905,77.54729247419802,-0.05826361942321556,Stage 4 — Declining,78.20985098446117,87.39772087555167,False,71.42454681386315,0.8247009931591037,0.9250193175785246,715409354.0914558,78.28312789916993,True,-1.195773183086335,False,-12.33180684919275,False,False,True,False,False,False,False,False,77.48024541219075,77.48114017486573,False,1.40761242121798,2,0.32654370312988257,10.698795876298634,0.2865383213325652,False,82.77348924493786,0.0032450153320472204,0.0037401601265083773,False,8.031174990567758,40.0,True,False,1,False,False,False,True,False,False,True,False,2,False,False,,NHPC Ltd.,Power,EQ,INE848E01016,SELL,Stage 4 takes precedence: the guide requires SELL regardless of RS.
NLCINDIA,2026-08-25,271.29998779296875,-0.2063771158429748,0.02979683136157396,0.1462786802311573,0.19031937731943493,-0.00927186855475668,294.1842467425621,0.40419373117834834,Stage 1 — Basing,299.58235198376224,387.79998779296875,False,217.6006723249054,0.22768277783992094,0.7738377076310892,586071820.703482,299.30499877929685,True,-7.778886600144553,False,-30.041259326236702,False,False,True,True,False,False,False,False,292.9926668294271,281.48397590637205,True,3.014585992098372,2,1.3128577448192202,19.99392801282721,0.3488265639159153,False,329.1000061035156,0.011490114701303376,0.016401997085915443,False,21.304836310812725,39.0,True,False,2,False,True,True,True,False,False,False,False,3,False,False,2.0,NLC India Ltd.,Power,EQ,INE589A01014,AVOID,Stage 1 + RS 39; weak RS in a basing stage is AVOID.
NMDC,2026-08-25,85.94000244140625,-0.047122739604770425,0.04984121427600807,0.21805343988972092,0.2528647714005461,0.08530278927134685,84.80673113261183,0.4848347800513242,Stage 2 — Advancing,85.03941150740081,97.48999786376953,False,66.17825931451272,0.8408646528119168,2.149397465874756,1648032234.3211617,84.97839981079102,False,1.3362987744714783,False,-11.847364525028503,True,True,True,True,False,False,False,False,84.56430694580078,82.44237014770508,True,2.1933912587975573,2,1.0511649422709444,9.187671650691527,0.9769774398658031,False,89.25,0.00363973656436575,0.004277598620446168,False,3.8515213690510475,59.0,True,True,5,True,True,True,True,True,False,True,False,6,False,False,,NMDC Ltd.,Metals & Mining,EQ,INE584A01023,HOLD,Stage 2 + RS 59; trend/leadership is adequate without a stronger entry trigger.
NSLNISP,2026-08-25,39.95000076293945,-0.11261660691409214,0.018353332375850462,-0.025372063257896538,0.022000527167934214,-0.042050283508459234,42.25445219588606,0.044178160897123675,Stage 1 — Basing,43.357451270608344,53.75,False,33.0099983215332,1.0169241028894267,0.6021583588663179,206159992.41338214,43.27180030822754,True,-5.453748216314514,False,-25.674417185228926,False,False,True,True,True,False,False,False,42.19140012105306,42.18185012817383,False,3.447165816395466,2,1.2352106514931438,19.05252347138871,1.5754009890773322,False,48.54999923706055,0.0016919650266760105,0.002336110461965611,False,21.52690440521614,34.0,True,False,2,False,True,False,True,False,False,False,False,2,False,False,1.0,NMDC Steel Ltd.,Metals & Mining,EQ,INE0NNS01018,AVOID,Stage 1 + RS 34; weak RS in a basing stage is AVOID.
NTPCGREEN,2026-08-25,91.6500015258789,-0.1016466914174543,0.0158501472603354,-0.03271766199600101,-0.09935141900662381,-0.06390246331543961,96.92472619879736,0.007936166410504875,Stage 1 — Basing,93.40352974685968,119.94999694824219,False,84.0,0.2188556798822065,1.0673512555125344,237310436.57440072,93.3088003540039,True,-5.4420836455082995,False,-23.593160602225428,False,False,False,True,False,False,False,False,96.74946680704753,95.98490009307861,False,1.4028524433261933,2,0.6778492966171156,10.140560872343146,0.3067926749430517,False,99.5999984741211,0.0038815668164002416,0.00520826936892002,False,8.674300944771263,29.0,True,False,1,False,True,False,False,False,False,True,False,2,False,False,3.0,NTPC Green Energy Ltd.,Power,EQ,INE0ONG01011,AVOID,Stage 1 + RS 29; weak RS in a basing stage is AVOID.
NTPC,2026-08-25,339.8500061035156,-0.12870140561598564,-0.117043358034151,0.057818259605631805,0.032467137535701296,-0.05683215442495784,368.0503002846078,-0.06769849091785574,Stage 4 — Declining,348.37745098039215,414.3999938964844,False,313.1855106643288,0.5042079268196747,1.1045167358696972,2878252232.4385314,348.23400024414065,True,-7.662076123639972,False,-17.989862184117467,False,False,False,False,False,False,False,False,367.2118575032552,357.24678665161133,True,1.6236147900345892,2,0.633186358156398,9.65470383113998,0.6451237695575527,False,369.25,0.014393349528448635,0.018055781225708497,False,8.650873434890972,30.0,True,False,0,False,True,True,False,False,False,True,False,3,False,False,,NTPC Ltd.,Power,EQ,INE733E01010,SELL,Stage 4 takes precedence: the guide requires SELL regardless of RS.
NH,2026-08-24,1859.800048828125,0.004484864899576557,0.023570672614811494,-0.05662410659989914,0.027690440157323692,0.0007213471942778332,1841.8111522099744,-0.15290166242117875,Stage 3 — Topping,1935.7259377872242,2092.89990234375,False,1585.4858653846154,2.0710230134440706,0.4941736215587063,746522597.3238952,1937.0752734375,True,0.9766960416417225,False,-11.137649404760651,True,False,True,False,True,True,False,False,1841.0609912109376,1854.8475469970704,True,1.9883092638618194,3,0.6431140974716415,14.90276252554967,1.0260149716860825,False,2092.89990234375,0.07910087717112188,0.08967376081226015,False,12.533597558646314,43.0,True,False,2,True,False,True,True,False,False,True,False,4,False,False,,Narayana Hrudayalaya Ltd.,Healthcare,EQ,INE410P01011,SELL,Stage 3 + RS 43; RS below 50 in Stage 3 triggers SELL.
NATIONALUM,2026-08-25,397.79998779296875,-0.0103944526073666,0.11394563563884952,0.5978921975527265,1.189085698749083,0.37602692534518517,380.39356534774987,0.5944624487387085,Stage 2 — Advancing,361.58366244446995,443.3731066930094,False,175.46863161220853,0.3995200472888512,3.4425196114560546,3460789970.6983123,361.5009259033203,False,4.575898235635556,False,-10.278728730291565,True,True,False,True,False,False,False,False,379.7626934814453,356.3737159729004,True,3.3601304131296277,2,0.8793402787271076,21.50639752692369,1.0287930122916111,False,421.12967656991844,0.01684765091624805,0.019410088544956496,False,5.864678102778487,88.0,True,True,4,True,True,True,False,True,True,True,True,7,False,False,,National Aluminium Co. Ltd.,Metals & Mining,EQ,INE139A01034,HOLD,Stage 2 + RS 88; trend/leadership is adequate without a stronger entry trigger.
NFL,2026-08-25,72.4000015258789,-0.06628835864018101,-0.07535122983301668,-0.13074798018903933,-0.24570473326467301,-0.11687613211341821,74.78958918950329,-0.8565370822621654,Stage 4 — Declining,73.1625493367513,101.33738371028811,False,63.349998474121094,10.37975472532946,4.144507363907532,67143451.83372001,73.07220031738281,True,-3.1950806115134567,False,-28.555485769336453,False,False,False,False,False,False,False,False,74.90346674601237,77.99595012664795,False,1.9406067605556878,2,1.0066635552609526,13.5709804731389,1.4701197155551848,False,79.94999694824219,0.0030662895662999655,0.004334348829892384,False,10.428170253096724,17.0,True,False,0,False,False,False,False,False,False,False,False,0,False,False,,National Fertilizers Ltd.,Chemicals,EQ,INE870D01012,SELL,Stage 4 takes precedence: the guide requires SELL regardless of RS.
NAVA,2026-08-24,567.0,-0.06034434886784368,-0.00918065266722723,0.131022230533673,-0.14344253792590667,-0.02845793155902965,590.4727055797838,0.1298447860911045,Stage 1 — Basing,582.7250797047335,732.5560380476754,False,497.0066711243156,1.9009898387252788,0.8448676316086515,193551321.15513915,582.418330078125,True,-3.9752397287756036,False,-22.599777962228863,False,False,False,True,False,False,False,False,589.0803340657552,579.1030023193359,False,3.273456134896988,2,1.342008852662207,14.504537990206186,1.5891736085411443,False,633.8779418597882,0.024115601773581293,0.03174448497030011,False,11.795051474389439,35.0,True,False,1,False,True,False,False,False,False,True,False,2,False,False,1.0,Nava Ltd.,Power,EQ,INE725A01030,AVOID,Stage 1 + RS 35; weak RS in a basing stage is AVOID.
NAVINFLUOR,2026-08-24,8187.0,0.15043501422281946,0.2953302301089811,0.40141042252329795,0.6311739809525847,0.32575693240610054,6953.909276674872,2.1201411774590007,Stage 2 — Advancing,7756.5392156862745,8775.5,False,4488.291781017636,0.43338902165516685,2.2833596051717993,2929054803.825,7765.93,False,17.732338376360744,False,-6.706170588570448,True,True,True,True,False,False,False,False,6926.7479459635415,6670.423481445312,True,3.365527229579996,3,0.5352731653790742,18.357928323172466,0.6462177956745913,True,8775.5,0.3482088742862611,0.3645259491806973,False,7.188225235128853,86.0,True,True,5,True,True,True,True,True,True,True,True,8,True,False,,Navin Fluorine International Ltd.,Chemicals,EQ,INE048G01026,HOLD,Stage 2 + RS 86; trend/leadership is adequate without a stronger entry trigger.
NAZARA,2026-08-25,358.0,0.23341946597760543,0.33756774953807467,0.41334384400638324,0.2829242632528097,0.3001349577504957,284.7004101896939,2.015520308639873,Stage 2 — Advancing,320.1754880418965,365.0,True,215.6999969482422,0.9957507923105761,5.903380619255011,1073581583.2146485,320.5559979248047,False,25.746218546530052,True,-1.9178082191780854,True,True,True,True,False,False,False,False,284.5003991699219,277.1025492858887,True,2.8082595666883856,2,0.874053328620428,20.739729371789384,0.49459352985591204,False,365.0,0.01516203924861812,0.01528037979839873,False,1.9553072625698276,84.0,True,True,5,True,True,True,True,True,True,True,True,8,True,False,,Nazara Technologies Ltd.,Media Entertainment & Publication,EQ,INE418L01047,WAIT,"Stage 2 + RS 84; wait because price is more than 20% above the 30-week line (currently +26%) — the guide treats that as poor entry timing, not a failed trend."
NESTLEIND,2026-08-25,1479.0,0.05129429020571363,0.1229481303364739,0.1828161622942086,0.2958657857693754,0.14084373176229703,1369.3608022193387,0.9160528392684997,Stage 2 — Advancing,1456.6057248583027,1553.0,False,1133.4029066422722,0.7775530088452769,0.9542377843455606,3175501033.6844664,1458.0369995117187,False,8.006596771498643,False,-4.7649710238248595,True,True,True,True,False,False,False,False,1367.0194970703126,1339.560703125,True,1.8922059832823215,2,1.3576338399680925,11.526389972030266,0.8898883902059248,False,1553.0,0.06263870404666536,0.06554173207402043,False,5.00338066260988,68.0,True,True,5,True,True,True,True,True,True,True,False,7,False,False,,Nestle India Ltd.,Fast Moving Consumer Goods,EQ,INE239A01024,HOLD,Stage 2 + RS 68; trend/leadership is adequate without a stronger entry trigger.
NETWEB,2026-08-24,5454.5,0.4171578254699082,0.5317411656219844,0.6612083032041356,1.3501120902646409,0.6754754420061155,4011.2171597415454,3.3338562791028314,Stage 2 — Advancing,4681.972684972427,5813.0,False,2189.335235128007,1.7617400011284798,2.3703577251046193,10340737403.997046,4683.423603515625,False,35.98116937531872,True,-6.167211422673313,True,True,True,True,False,False,False,False,3990.1484944661456,3806.5635217285158,True,4.82792415331443,2,1.1735651807602572,29.25448696632371,1.451753758103094,False,5813.0,0.231990387784831,0.23803350633167972,False,6.572554771289751,96.0,True,True,5,True,True,True,True,True,True,True,True,8,True,False,,Netweb Technologies India Ltd.,Information Technology,EQ,INE0NT901020,WAIT,"Stage 2 + RS 96; wait because price is more than 20% above the 30-week line (currently +36%) — the guide treats that as poor entry timing, not a failed trend."
NETWORK18,2026-08-24,30.34000015258789,-0.04651161396701908,-0.12539632880734353,-0.3239750572523318,-0.45840771323336993,-0.2001604654454167,32.57938366720121,-2.0024597816942213,Stage 4 — Declining,30.787058811561735,58.099998474121094,False,27.3799991607666,1.6521322641822087,2.613436038510395,149523706.942303,30.751999969482423,True,-6.873621482495351,False,-47.779688555238195,False,False,False,False,False,False,False,False,32.726600087483725,35.50360000610352,False,3.109991293444786,2,1.1533353117604004,20.922289091931596,1.0209043679400633,False,35.130001068115234,0.0012904186269668523,0.002405299169300937,False,15.787741896628749,7.0,True,False,0,False,False,False,False,False,False,False,False,0,False,False,,Network18 Media & Investments Ltd.,Media Entertainment & Publication,EQ,INE870H01013,SELL,Stage 4 takes precedence: the guide requires SELL regardless of RS.
NEULANDLAB,2026-08-24,22905.0,0.37466783104072765,0.7168435525844239,0.40928150480254977,0.6523135695344542,0.5055548578005766,16277.323409407107,3.974499173533741,Stage 2 — Advancing,19684.116306678923,23881.0,False,11478.786028437366,0.4498867498764365,4.025399366674333,2492389030.35,19737.307890625,False,40.7172384789171,True,-4.086931033038821,True,True,True,True,False,False,False,False,16203.78849609375,16154.480874023437,True,3.976985686219478,3,0.5582238209805124,30.784091157001143,0.9814243917094272,False,23881.0,0.9741937541867364,1.0040973069369759,False,4.261078367168736,93.0,True,True,5,True,True,True,True,True,True,True,True,8,True,False,,Neuland Laboratories Ltd.,Healthcare,EQ,INE794A01010,WAIT,"Stage 2 + RS 93; wait because price is more than 20% above the 30-week line (currently +41%) — the guide treats that as poor entry timing, not a failed trend."
NEWGEN,2026-08-24,528.4000244140625,0.22101346741393568,0.039625416640047595,-0.39934179012438187,-0.38332794823927374,-0.06020347737914733,492.3449867980121,-2.1782701041347163,Stage 3 — Topping,514.7732938878677,1030.4143551726484,False,396.6099082577377,0.38420180586805314,3.2086854591055554,925868487.452121,515.762939453125,False,7.323124756593136,False,-48.7196561498284,True,True,True,False,False,False,False,False,496.648295694987,585.8231483459473,False,3.612657167417736,3,0.9141697586242815,24.011528017171344,0.15942712803594464,False,600.2797887739138,0.022473870486631683,0.04138645363371108,False,13.603285586437664,29.0,True,False,3,False,False,False,False,True,True,False,False,2,False,False,,Newgen Software Technologies Ltd.,Information Technology,EQ,INE619B01017,SELL,Stage 3 + RS 29; RS below 50 in Stage 3 triggers SELL.
NAM-INDIA,2026-08-25,1224.4000244140625,0.12514132573777959,0.2685948043096342,0.4421158617310419,0.48264274520872785,0.2887272125449927,1035.6488287938785,2.3063508620922324,Stage 2 — Advancing,1178.949405445772,1269.5,False,763.9435329333959,1.3124700692246,1.9969846078915892,1284606867.4062622,1179.9271533203125,False,18.22540521191962,False,-3.552577832685111,True,True,True,True,False,False,False,False,1030.1378365071614,987.4818371582031,True,2.6257771197072524,1,1.7637664466828389,14.97439744670638,1.2581525076021258,False,1269.5,0.05185586934685754,0.053165491237445336,False,3.6834347179566684,83.0,True,True,5,True,True,True,True,True,True,True,True,8,True,False,,Nippon Life India Asset Management Ltd.,Financial Services,EQ,INE298J01013,HOLD,Stage 2 + RS 83; trend/leadership is adequate without a stronger entry trigger.
NIVABUPA,2026-08-24,82.51000213623047,-0.04046977339215985,0.07856211942784919,0.11094662536157962,-0.03463202342573113,0.014787434915875603,80.2784138120454,0.45527409188570456,Stage 2 — Advancing,85.5713726866479,91.4000015258789,False,67.5,0.5372661978988233,2.0834064873650577,149793699.98229256,85.6150001525879,True,2.779811182380665,False,-9.726476193910493,True,False,True,True,False,False,False,False,80.19046666463215,79.10309997558593,True,2.2031951676795094,2,1.134586423539605,12.385119809455457,0.4387068814972662,False,91.4000015258789,0.0035093092660576294,0.0037981593424445416,False,10.774450562939442,46.0,True,False,3,True,True,True,True,False,False,True,False,5,False,False,,Niva Bupa Health Insurance Company Ltd.,Financial Services,EQ,INE995S01015,WAIT,Stage 2 + RS 46; wait because the close is below its 50-session average — short-term timing has weakened even though the 30-week trend is intact.
NUVAMA,2026-08-25,1754.5999755859375,0.1660020724695923,0.3894266879045294,0.2702618030727333,0.3037840231504323,0.25909533181337596,1500.4260638511344,1.4724443426196387,Stage 2 — Advancing,1791.8313634535846,2066.0,False,1086.5091731363827,0.41827926026097645,0.8468161438441071,572917631.3759155,1794.4539916992187,True,16.940115735021056,False,-15.072605247534486,True,False,True,True,False,False,False,False,1496.747235514323,1482.5912713623047,True,3.028365898188476,1,0.803834062903815,23.591482304649684,0.5365841262312514,False,2066.0,0.07431093211021893,0.08641705507598701,False,17.747636426933866,80.0,True,True,4,True,True,True,True,False,True,True,True,7,False,False,,Nuvama Wealth Management Ltd.,Financial Services,EQ,INE531F01023,WAIT,Stage 2 + RS 80; wait because the close is below its 50-session average — short-term timing has weakened even though the 30-week trend is intact.
NUVOCO,2026-08-25,321.3500061035156,-0.00863793874962382,-0.033243044512238806,-0.0949161606762362,-0.2908528954390245,-0.08725759562534943,321.6037681266053,-0.45118738505054434,Stage 4 — Declining,331.13431504193477,477.5,False,276.25,0.04694699419475444,0.6384213833964814,83998148.26878814,331.5480010986328,True,-0.07890517718989187,False,-32.701569402405106,False,False,True,False,True,False,False,False,322.3283341471354,330.91925064086917,False,2.4528225682983846,3,0.9285106135275593,24.28391806444331,0.0963033041900579,False,398.0,0.013609836327053565,0.020622577386060756,False,23.8524949247374,23.0,True,False,1,False,False,False,True,False,False,False,False,1,False,False,,Nuvoco Vistas Corporation Ltd.,Construction Materials,EQ,INE118D01016,SELL,Stage 4 takes precedence: the guide requires SELL regardless of RS.
OBEROIRLTY,2026-08-25,1880.0,0.0990615170613669,0.24126294016550642,0.15789813988492418,0.12939119709104552,0.14533506225284198,1666.5853094692889,1.1980261532583691,Stage 2 — Advancing,1827.191588158701,1983.9545449282684,False,1387.9800889099738,0.27091886219163686,1.5639271368392214,864158312.5378845,1829.67625,False,12.805506523915744,False,-5.239764448939377,True,True,True,True,False,False,False,False,1661.6289241536458,1663.998970336914,True,2.597263881138393,2,1.3476938664009301,16.892398803047755,1.3196230013520152,False,1983.9545449282684,0.07962188208771526,0.08326765150753672,False,5.529497070652578,69.0,True,True,5,True,False,True,True,True,True,True,False,6,False,False,,Oberoi Realty Ltd.,Realty,EQ,INE093I01010,HOLD,Stage 2 + RS 69; trend/leadership is adequate without a stronger entry trigger.
ONGC,2026-08-25,234.0,-0.1788033340037668,-0.15660483076356524,-0.023817432235324287,0.041836369430736875,-0.09923851231513725,263.95424025026085,-0.10252847901435214,Stage 4 — Declining,241.76627364813112,307.5,False,219.4522199115343,0.8985913669530327,0.8210259543103736,3004765993.7833443,241.6375991821289,True,-11.348270147833418,False,-23.902439024390244,False,False,False,False,False,False,False,False,263.24804443359375,256.2689408111572,True,1.5827230190328334,2,0.444373016122193,10.444533190597824,0.9578383183334733,False,254.1999969482422,0.009910383196024134,0.013866391745117819,False,8.63247732830863,21.0,True,False,0,False,True,True,False,False,False,True,False,3,False,False,,Oil & Natural Gas Corporation Ltd.,Oil Gas & Consumable Fuels,EQ,INE213A01029,SELL,Stage 4 takes precedence: the guide requires SELL regardless of RS.
OIL,2026-08-25,467.5,-0.03118845336998688,-0.005847953216374324,0.1273005141754413,0.17326961947302344,0.04646905473842333,464.5261851271538,0.5420288658335215,Stage 2 — Advancing,442.2401942832797,531.0,False,374.3675923313683,0.3668331734528395,2.104126080623539,1375462711.483673,442.69199829101564,False,0.6401823983360977,False,-11.958568738229758,True,True,False,True,False,False,False,False,463.5292830403646,451.01936889648437,True,2.840336507472307,1,0.9292449481835983,17.05665107171693,0.5151986781114447,False,487.20001220703125,0.01979959035957813,0.023160991624265652,False,4.213906354445185,52.0,True,True,4,True,True,True,False,True,False,True,False,5,False,False,,Oil India Ltd.,Oil Gas & Consumable Fuels,EQ,INE274J01014,HOLD,Stage 2 + RS 52; trend/leadership is adequate without a stronger entry trigger.
OLAELEC,2026-08-25,36.20000076293945,-0.044602762046248356,0.41627548980094553,-0.10815470246724168,-0.2546839409019588,-0.007153735532150339,35.451643982978716,0.5364369960448423,Stage 2 — Advancing,40.19568619073606,71.25,False,22.25,0.43590958457936885,1.5745055611531007,1747288948.1248405,40.138199920654294,True,2.1109226424592453,False,-49.19298138534813,True,False,True,True,False,False,False,False,35.375400161743165,36.1961501789093,False,3.670090204340864,3,1.0352881684623996,21.630436441172723,0.23125255925383936,False,46.0,0.0015331447831499828,0.003017321353492329,False,27.071820526295443,40.0,True,False,3,True,False,False,True,False,True,False,False,3,False,False,,Ola Electric Mobility Ltd.,Automobile and Auto Components,EQ,INE0LXG01040,WAIT,Stage 2 + RS 40; wait because the close is below its 50-session average — short-term timing has weakened even though the 30-week trend is intact.
OLECTRA,2026-08-25,1291.800048828125,0.059982030512070406,0.27761851450893404,0.01796694155092582,-0.19273361342665984,0.044563180731468165,1217.660615685868,1.3848708394262,Stage 2 — Advancing,1388.550977519914,1714.199951171875,False,866.5999755859375,0.33591814145011756,1.2647389687516952,463030831.63927,1390.9139965820314,True,6.088677927757136,False,-24.641227066596617,True,False,True,True,False,False,False,False,1212.2829992675781,1219.129750061035,False,3.0853956766219226,2,0.5342080061254916,18.335478716460475,0.510755778810697,True,1556.0,0.05471039955781797,0.07163910354658579,False,20.45207781278131,52.0,True,True,4,True,False,False,True,False,True,True,False,4,False,False,,Olectra Greentech Ltd.,Automobile and Auto Components,EQ,INE260D01016,HOLD,Stage 2 + RS 52; trend/leadership is adequate without a stronger entry trigger.
PAYTM,2026-08-25,1718.0,0.5655184634402537,0.5160607783501634,0.3839213518711597,0.3462895015033274,0.47546171172103163,1189.165068325931,2.0394612717831384,Stage 2 — Advancing,1342.8431396484375,1718.0,True,930.5999755859375,2.6329967738759943,3.946582182038145,8101247667.022486,1347.5300024414062,False,44.47111219122388,True,0.0,True,True,True,True,False,False,True,True,1190.3340006510416,1219.908999633789,True,3.3203053946267462,2,1.2414519091137317,38.0558817711365,1.223851960143516,False,1718.0,0.07276084756739086,0.07276084756739086,True,0.0,92.0,True,True,5,True,False,True,True,True,True,True,True,7,False,False,,One 97 Communications Ltd.,Financial Services,EQ,INE982J01020,WAIT,"Stage 2 + RS 92; wait because price is more than 20% above the 30-week line (currently +44%) — the guide treats that as poor entry timing, not a failed trend."
ONESOURCE,2026-08-25,1516.0999755859375,-0.1608922212675017,0.17272580315898467,-0.0579719444592981,-0.19510512038825045,-0.08042714084471346,1557.1561613736087,-0.5498056743048485,Stage 4 — Declining,1611.1686245787378,1925.0,False,1057.0,0.24810653257111118,0.557308027800078,283726039.37716675,1611.3939965820311,True,-2.6366132573019785,False,-21.241559709821434,False,False,True,False,True,True,False,False,1557.6099975585937,1594.5094982910157,False,2.9474131455743047,2,0.7496712197701145,14.192113862561564,0.43966269875810987,False,1755.199951171875,0.06420996462196357,0.08423648794934019,False,15.770726168208714,25.0,True,False,1,False,False,False,True,False,True,True,False,3,False,False,,Onesource Specialty Pharma Ltd.,Healthcare,EQ,INE013P01021,SELL,Stage 4 takes precedence: the guide requires SELL regardless of RS.
OPTIEMUS,2026-08-24,585.7000122070312,0.3981857740293149,0.4413682869684199,0.10728802096669199,-0.002044662049945023,0.26859663878875933,448.6027401440764,1.7938660265220285,Stage 2 — Advancing,544.9127442603018,713.0,False,288.0,7.636097964149092,1.3647145003309245,181662819.6978882,547.2679992675781,False,30.56095288649456,True,-17.854135735339238,True,True,True,True,False,False,False,False,447.8076670328776,468.17350051879885,False,4.600720384242643,2,0.7188780486928026,36.081694402420574,1.0417190136699839,False,661.0,0.024910949300117228,0.02958205817975004,False,12.856408779850259,81.0,True,True,5,True,False,False,True,True,True,True,True,6,False,False,,Optiemus Infracom Ltd.,Telecommunication,EQ,INE350C01017,WAIT,"Stage 2 + RS 81; wait because price is more than 20% above the 30-week line (currently +31%) — the guide treats that as poor entry timing, not a failed trend."
OFSS,2026-08-24,11518.0,0.20923884514435698,0.8357571189599107,0.45436403282569526,0.39513744865274325,0.4207472581454127,9033.247990020334,3.1741908958475618,Stage 2 — Advancing,11127.578431372549,11979.0,False,6060.863819699785,0.449329997576921,2.281881113389801,2493285482.15,11162.67,False,27.50673968792561,True,-3.8484013690625263,True,True,True,True,False,False,False,False,8995.773860677084,8678.286560058594,True,2.569270458660978,3,0.2905394431128484,23.804157275231656,0.5027958677488291,True,11979.0,0.4898827182153604,0.5044072799000618,False,4.002430977600269,90.0,True,True,5,True,True,True,True,True,True,True,True,8,True,False,,Oracle Financial Services Software Ltd.,Information Technology,EQ,INE881D01027,WAIT,"Stage 2 + RS 90; wait because price is more than 20% above the 30-week line (currently +28%) — the guide treats that as poor entry timing, not a failed trend."
ORIENTCEM,2026-08-24,129.8000030517578,-0.04470976001437443,-0.17462733140429454,-0.203584266034745,-0.4518464461505697,-0.18389551272367163,141.03989021038186,-1.5593763240153824,Stage 4 — Declining,135.63431324678308,238.2592967439427,False,121.84914087413046,1.22199905388858,0.6714329547113268,33986823.11189194,135.61799957275392,True,-7.96929658826172,False,-45.52153690302634,False,False,False,False,True,False,False,False,141.8826700337728,149.25708789825438,False,2.0872783568995072,3,1.3644421762733687,10.507677134251376,1.1366927869705334,False,143.99000549316406,0.005520644063149609,0.010169793598440483,False,10.932205013699402,8.0,False,False,0,False,False,False,False,False,False,False,False,0,False,False,,Orient Cement Ltd.,Construction Materials,EQ,INE876N01018,SELL,Stage 4 takes precedence: the guide requires SELL regardless of RS.
ORKLAINDIA,2026-08-24,570.2999877929688,,,,,,595.3886957037939,-0.5870358954051413,Stage 4 — Declining,584.0343089384191,,False,,3.060156648996484,1.0444687651686526,62707108.08548889,583.3119946289063,True,-4.213836791302938,False,,False,False,False,False,False,False,False,False,595.4173303222656,604.882998046875,False,2.7629581220172623,2,1.147369666172316,15.374399678651866,1.4529430529763792,False,639.7000122070312,0.024255956608630527,,False,12.169038383226516,,True,False,0,False,False,False,False,False,False,False,False,0,False,False,,Orkla India Ltd.,Fast Moving Consumer Goods,EQ,INE16NZ01023,SELL,Stage 4 takes precedence: the guide requires SELL regardless of RS.
OSWALPUMPS,2026-08-24,296.75,-0.17178339349688532,-0.08027272396228169,-0.48242781436114124,-0.6603913891673003,-0.3133317428968988,365.8513699884284,-2.4524615447438336,Stage 4 — Declining,371.34019739487593,884.0,False,283.1000061035156,0.4919241324020274,0.7995924565389935,221912045.22567445,370.31600158691407,True,-18.887825947081748,False,-66.43099547511314,False,False,True,False,False,False,False,False,367.3573333740234,412.8309996032715,False,3.9836336751752617,2,0.9171007604708964,34.99999727521624,0.9922885302261731,False,448.0,0.012621348900018077,0.03667103661756,False,50.96882898062343,2.0,True,False,1,False,False,False,False,False,False,False,False,0,False,False,,Oswal Pumps Ltd.,Capital Goods,EQ,INE0BYP01024,SELL,Stage 4 takes precedence: the guide requires SELL regardless of RS.
PNGJL,2026-08-24,613.3499755859375,0.16673000065365784,0.11376423096092747,-0.01580557835069729,0.053413440250644095,0.09696641883363799,588.6184926490262,0.362861771991807,Stage 2 — Advancing,600.1999990425858,736.4000244140625,False,503.0,0.8665734133976368,0.32752047490145175,420647442.50594485,600.9869995117188,False,4.201615009683013,False,-16.709674735010125,True,True,True,True,True,True,False,False,588.0409993489583,596.0717498779297,False,3.034273115606557,2,0.8704043103540408,26.638772663877262,0.8569497611557326,False,717.0,0.026086955483362043,0.03148948924704608,False,16.899001962956774,61.0,True,True,5,True,False,False,True,True,False,True,False,4,False,False,,P N Gadgil Jewellers Ltd.,Consumer Durables,EQ,INE953R01016,REDUCE,Stage 2 + RS 61; distribution warning (U/D 0.33) triggers REDUCE.
POLICYBZR,2026-08-25,1798.300048828125,0.003795729181202967,0.18355931284232851,0.01834759837257094,-0.054471830409621336,0.031005307833536812,1593.2952061483304,0.5051263651507654,Stage 2 — Advancing,1635.8646958295037,1974.0,False,1364.0,0.6989357597512093,1.5962830120122173,2019480763.5173707,1636.6459887695312,False,12.866720610763526,False,-8.900706746295594,True,True,True,True,False,False,False,False,1595.55,1649.7700036621093,False,2.8419711742971545,2,0.9234266621209124,17.239670766615014,0.515990285432418,False,1815.0,0.07616172045006679,0.0832318098688407,False,0.9286521002297432,49.0,True,False,4,True,False,False,False,True,True,True,False,4,False,False,,PB Fintech Ltd.,Financial Services,EQ,INE417T01026,WAIT,Stage 2 + RS 49; wait because relative strength is below 50 — the trend has turned up but the stock still lags most of the universe.
PCJEWELLER,2026-08-25,11.0,0.2331838459546569,0.09235355842699611,0.08161257792325549,-0.19766593950449418,0.08853357775101424,9.351506840692808,-0.22673973634679268,Stage 3 — Topping,9.557254903456744,15.380000114440918,False,7.46999979019165,2.2716808069492935,2.1155495280948724,2233463675.4378986,9.568600006103516,False,17.628101945387264,False,-28.478544095252346,True,True,True,False,False,False,False,False,9.385333321889242,9.645249977111817,False,3.9155836229200482,2,3.0491528522132056,26.26087354577106,0.9718553659874496,False,11.5,0.00046587271434301485,0.0006352337623037265,False,4.545454545454541,59.0,True,True,4,True,False,False,False,True,True,False,False,3,False,False,,PC Jeweller Ltd.,Consumer Durables,EQ,INE785M01021,REDUCE,Stage 3 with RS 59; the guide requires REDUCE when RS is 50 or higher.
PCBL,2026-08-25,321.1000061035156,0.10648513047606989,0.06226178928503057,-0.0018907699935978295,-0.13116124573737187,0.028436006901240134,292.15686996668984,1.1196080506327144,Stage 2 — Advancing,316.3811938715916,413.2299507534673,False,223.3811204499978,0.3260878314604676,1.42613928882586,1199804824.3541503,316.6740753173828,False,9.906710781822703,False,-22.29507916402611,True,True,True,True,False,False,False,False,291.4231540934245,295.4131854248047,False,2.8462437223053865,2,1.0576803875356717,21.122996509395563,0.5828715256828653,False,368.8500656499259,0.013599248310818495,0.01708205381173564,False,14.870775035431393,49.0,True,False,4,True,False,False,True,True,True,True,False,5,False,False,,PCBL Chemical Ltd.,Chemicals,EQ,INE602A01031,WAIT,Stage 2 + RS 49; wait because relative strength is below 50 — the trend has turned up but the stock still lags most of the universe.
PGEL,2026-08-25,594.3499755859375,0.26122010734416445,-0.04399233727533847,0.042079426715753154,0.018171191253905317,0.10773969907652978,550.6578783009151,0.5467642665001549,Stage 2 — Advancing,587.0519660500919,644.4000244140625,False,436.54998779296875,0.2283279158989607,1.5906459935595227,1326242209.19675,588.2440051269531,False,7.934526864454705,False,-7.766922242691454,True,True,True,True,False,False,False,False,550.1413352457682,556.9507511901855,True,2.880097516592506,3,0.6377501579876357,18.16134948211346,0.5206186955369349,False,643.9500122070312,0.025171948763265936,0.027103384145937923,False,8.345257618997248,62.0,True,True,5,True,False,True,True,True,True,True,False,6,False,False,,PG Electroplast Ltd.,Consumer Durables,EQ,INE457L01029,HOLD,Stage 2 + RS 62; trend/leadership is adequate without a stronger entry trigger.
PIIND,2026-08-25,2508.0,-0.11653139278320657,-0.18635781200472878,-0.2689175329889465,-0.35292393588605664,-0.208252413289229,2863.4021681694135,-1.5959345783973622,Stage 4 — Declining,2653.364152496936,3877.68726199238,False,2453.10009765625,0.7063769768314713,0.561463036323516,775058947.1668091,2649.0772998046873,True,-12.411884440131715,False,-35.32227251582497,False,False,False,False,True,True,False,False,2870.684638671875,2986.433701171875,False,2.442062274611558,2,0.7696926410793196,14.90425299592677,1.687994314620635,False,2882.7528801631283,0.10621897887020738,0.16546718997278073,False,14.942299847014695,6.0,True,False,0,False,False,False,False,False,False,False,False,0,False,False,,PI Industries Ltd.,Chemicals,EQ,INE603J01030,SELL,Stage 4 takes precedence: the guide requires SELL regardless of RS.
PNBHOUSING,2026-08-24,1165.0,0.10805192042843004,0.41167703432565506,0.34628114393439735,0.4680734842794423,0.28842710067927096,965.9565918804848,1.549466473554273,Stage 2 — Advancing,1082.0841483321844,1207.0,False,723.9501950006703,0.5344191105487923,2.0327608792768257,1321811363.3371582,1083.5373840332031,False,20.605833615362123,True,-3.479701739850871,True,True,True,True,False,False,False,False,964.6760514322916,953.5629132080078,True,2.7847972989155423,2,0.7639120619916207,18.638268743895527,0.8001645877360013,False,1207.0,0.04954969323848714,0.05020054729794398,False,3.6051502145922676,83.0,True,True,5,True,True,True,True,True,True,True,True,8,True,False,,PNB Housing Finance Ltd.,Financial Services,EQ,INE572E01012,WAIT,"Stage 2 + RS 83; wait because price is more than 20% above the 30-week line (currently +21%) — the guide treats that as poor entry timing, not a failed trend."
PNCINFRA,2026-08-25,203.14999389648438,-0.04561686876832127,-0.04395506308639141,-0.18380876304491622,-0.33251923935004835,-0.1303033606035997,215.0108217213252,-0.5358854962617454,Stage 4 — Declining,231.28509730918734,324.36408636405883,False,158.1699981689453,0.7580783636819656,0.5211051021585086,172756703.07273406,231.76799926757812,True,-5.516386445056975,False,-37.36976365858412,False,False,True,False,True,True,False,False,215.2071998087565,224.57154960632323,False,4.554340122082763,2,0.7852224969413562,23.467432950191572,0.8477663669063848,False,261.0,0.008603821734120188,0.013685900006630435,False,28.476499060587358,15.0,True,False,1,False,False,False,True,False,False,False,False,1,False,False,,PNC Infratech Ltd.,Construction,EQ,INE195J01029,SELL,Stage 4 takes precedence: the guide requires SELL regardless of RS.
PTC,2026-08-25,158.0500030517578,-0.07147564067545664,0.0762225396340186,0.13444189497779413,-0.03353625594897858,0.0068353794623841726,159.7781072120144,0.8909128731558136,Stage 1 — Basing,159.00390984030332,203.5447632528218,False,130.34474084135397,0.5510392176005287,2.8428562362133625,600493370.5685936,158.72095092773438,True,-1.0815650469331861,False,-22.35123098920271,False,False,False,True,False,False,False,False,159.1213636271159,154.25056732177734,True,2.507335042243141,2,1.2533051666926673,19.78452638345764,0.9207382936948171,False,181.0981776697945,0.006693743993058563,0.008686815992933614,False,14.58283718633584,44.0,True,False,1,False,True,True,False,False,False,True,False,3,False,False,1.0,PTC India Ltd.,Power,EQ,INE877F01012,AVOID,Stage 1 + RS 44; weak RS in a basing stage is AVOID.
PTCIL,2026-08-24,21672.0,0.3645636569701549,0.2109292060121808,0.22027027027027035,0.5745422842197037,0.34697381488849294,17475.34931506849,0.7819738826701839,Stage 2 — Advancing,18183.529411764706,21800.0,True,13400.0,3.2781631539228635,3.6567901843212898,755387063.8,18174.08,False,24.014688400608144,True,-0.5871559633027545,True,True,True,True,False,False,True,True,17484.646666666667,17592.64,True,3.4962822338237616,1,1.278434550883769,22.706422018348622,2.736529574839026,False,21800.0,0.9217518900124406,0.9217518900124406,True,0.5906238464377989,87.0,True,True,5,True,False,True,True,True,True,True,True,7,False,False,,PTC Industries Ltd.,Capital Goods,EQ,INE596F01018,WAIT,"Stage 2 + RS 87; wait because price is more than 20% above the 30-week line (currently +24%) — the guide treats that as poor entry timing, not a failed trend."
PVRINOX,2026-08-25,1231.0,0.25433051699276166,0.1891996048561142,0.17282777118282255,0.11010909270243241,0.1961595005453785,1022.3037707185092,1.4373812661545582,Stage 2 — Advancing,1068.7254937863818,1284.5,False,907.4000244140625,5.54973294817606,1.074146429128442,504308122.59979856,1071.122003173828,False,20.414306907506763,True,-4.165044764499804,True,True,True,True,False,False,False,False,1020.3723372395833,1030.259753112793,True,3.2929100735192787,1,1.6022215257753414,26.956014013234718,1.6028597887564806,False,1284.5,0.052135391941477385,0.05239082794041809,True,4.346060113728667,74.0,True,True,5,True,False,True,True,True,True,True,True,7,False,False,,PVR INOX Ltd.,Media Entertainment & Publication,EQ,INE191H01014,HOLD,Stage 2 + RS 74; trend/leadership is adequate without a stronger entry trigger.
PAGEIND,2026-08-24,35560.0,-0.09018123196962524,0.08253622868711008,-0.07290131407961065,-0.20836403413839666,-0.07581831669402955,36398.129862607755,0.4657070878569147,Stage 1 — Basing,39506.35087316176,46547.97355089381,False,29525.273567492757,0.23996385951227178,0.6921312982390926,1258608085.0158203,39516.88203125,True,-2.302672872951028,False,-23.60569690295964,False,False,True,True,True,False,False,False,36287.74001302083,36419.496025390625,False,2.786733536091239,1,1.257003483883841,19.406992405484072,1.6390657246381681,False,43614.205560919945,1.5124352717258391,1.9996261848212737,False,22.649621937345188,26.0,True,False,2,False,False,False,True,False,False,True,False,2,False,False,1.0,Page Industries Ltd.,Textiles,EQ,INE761H01022,AVOID,Stage 1 + RS 26; weak RS in a basing stage is AVOID.
PARADEEP,2026-08-25,159.6300048828125,0.2411943404497907,0.3724529983107887,0.01804848071412679,-0.29091147678945095,0.11639573662700922,129.40657550341462,0.6421474344428857,Stage 2 — Advancing,142.7958822811351,232.22000122070312,False,99.69999694824219,6.5492039381050065,5.378751896065303,2400764544.6664567,142.96779998779297,False,23.35540467076218,True,-31.259149063951952,True,True,True,True,False,False,False,False,129.45660018920898,136.3178001022339,False,2.903141534416822,2,1.723194954326327,17.677458474907844,0.8905345024133041,False,160.60000610351562,0.006760660333213143,0.010048186561651231,False,0.6076559487768085,63.0,True,True,5,True,False,False,True,True,True,False,False,4,False,False,,Paradeep Phosphates Ltd.,Chemicals,EQ,INE088F01024,HOLD,Stage 2 + RS 63; trend/leadership is adequate without a stronger entry trigger.
PARAS,2026-08-25,1445.199951171875,0.6888109274576395,1.289969905053626,1.0342035700475591,1.1491559594572993,0.9701902578947527,935.3982890925995,5.923365871020225,Stage 2 — Advancing,1292.3902013442096,1585.0,False,580.5,0.9676964643718154,1.7449037544119168,2282356849.788446,1296.451005859375,False,54.501025715347204,True,-8.820192355086753,True,True,True,True,False,False,False,False,927.2613350423177,867.8070031738281,True,5.268179908700901,2,0.8238388261391913,31.123031471805994,0.6066527425471149,False,1585.0,0.06120720218371217,0.0650679105422101,False,9.673405310785178,98.0,True,True,5,True,True,True,True,True,True,True,True,8,True,False,,Paras Defence and Space Technologies Ltd.,Capital Goods,EQ,INE045601023,WAIT,"Stage 2 + RS 98; wait because price is more than 20% above the 30-week line (currently +55%) — the guide treats that as poor entry timing, not a failed trend."
PARKHOSPS,2026-08-24,280.04998779296875,,,,,,239.05095892083156,3.5187345107137613,Stage 2 — Advancing,282.3970588235294,,False,,0.5876534223155451,1.2210280136385592,181544249.80906218,282.595,True,17.150748550527737,False,,True,False,True,True,False,False,False,False,236.7895332845052,,False,3.149948629091517,3,0.6978393343510557,17.704918032786885,0.567579296570899,False,305.0,0.011911065224535338,,False,8.9091281180401,,True,False,3,False,False,False,False,False,False,False,False,0,False,False,,Park Medi World Ltd.,Healthcare,EQ,INE119201023,WAIT,Stage 2 + RS unavailable; wait because the close is below its 50-session average — short-term timing has weakened even though the 30-week trend is intact.
PATANJALI,2026-08-25,350.8999938964844,-0.24601152947588834,-0.31657238520662134,-0.37731080459177524,-0.40857231591829146,-0.318895712933693,438.59317121113816,-2.4447398262849473,Stage 4 — Declining,374.36327706131283,606.8956852082865,False,326.057353105007,0.275444016920853,0.861950346813403,1513051449.8624268,373.395107421875,True,-19.994195776577286,False,-42.181168453017506,False,False,False,False,False,False,False,False,440.28889322916666,468.14305908203124,False,2.2744392742423036,3,0.9273230362072667,23.192129339121383,0.496759104179429,False,424.5103402808969,0.014861339329045683,0.026132954749591708,False,20.9775855414029,2.0,True,False,0,False,False,False,False,False,False,False,False,0,False,False,,Patanjali Foods Ltd.,Fast Moving Consumer Goods,EQ,INE619A01035,SELL,Stage 4 takes precedence: the guide requires SELL regardless of RS.
PGIL,2026-08-24,2372.199951171875,0.4640497930537979,0.5422508155459465,0.38105084607483053,0.7665095117866161,0.5235821519029977,1746.9899388806573,3.8622539554993285,Stage 2 — Advancing,2090.5607838350184,2539.60009765625,False,1167.6433047093678,0.18969945606854857,4.932272983771491,494496380.3782654,2098.4739990234375,False,35.787842756084,True,-6.591594741190376,True,True,True,True,False,False,False,False,1736.5503287760416,1701.6777221679688,True,4.4130226547490485,2,0.27954768694016496,35.77729023143369,0.31274906595406454,False,2539.60009765625,0.10089423165744256,0.10487859904844044,False,7.05674689866167,93.0,True,True,5,True,True,True,True,True,True,True,True,8,True,False,,Pearl Global Industries Ltd.,Textiles,EQ,INE940H01022,WAIT,"Stage 2 + RS 93; wait because price is more than 20% above the 30-week line (currently +36%) — the guide treats that as poor entry timing, not a failed trend."
PERSISTENT,2026-08-25,5655.0,0.12636781237162165,0.19945912983535274,-0.10603616861396103,0.04495348865955906,0.07822241492483882,5132.290540721318,-0.7667137638254329,Stage 3 — Topping,5157.68714575674,6552.654707500795,False,4229.809203861739,0.45878852885640586,2.790207775589982,3091176387.0802245,5160.85814453125,False,10.184720742743014,False,-13.69909979345094,True,True,True,False,False,False,False,False,5161.322796223958,5435.320415039063,False,2.2805355563976253,3,0.33319059187270605,26.116869801541682,0.5351141828299504,False,5725.0,0.2395009272372499,0.2744607800787918,False,1.2378426171529622,58.0,True,True,4,True,False,False,False,True,True,True,False,4,False,False,,Persistent Systems Ltd.,Information Technology,EQ,INE262H01021,REDUCE,Stage 3 with RS 58; the guide requires REDUCE when RS is 50 or higher.
PETRONET,2026-08-25,292.5,0.04827048559878189,-0.0574248016043164,0.08717386111283143,0.1092528354713147,0.04710857323547871,278.2643424256207,0.2334153303874542,Stage 2 — Advancing,281.1852943570006,322.6775170144611,False,232.6659092397909,0.7986617993815534,2.604627636382491,544560252.8401963,280.99800048828126,False,5.115875591636199,False,-9.352221776613167,True,True,True,True,False,False,False,False,278.11178304036457,277.0975764465332,True,2.0708185179620724,3,1.4792088850683165,9.922500977323423,1.11684563303406,False,296.79998779296875,0.012387978995030167,0.013800397393163572,False,1.4700812967414434,52.0,True,True,5,True,True,True,True,True,False,True,False,6,False,False,,Petronet LNG Ltd.,Oil Gas & Consumable Fuels,EQ,INE347G01014,HOLD,Stage 2 + RS 52; trend/leadership is adequate without a stronger entry trigger.
PFIZER,2026-08-24,4881.5,0.06206586345108467,-0.024349036558882875,-0.0015704526009441278,-0.1248660028449502,-0.005330753020521575,4677.276798221983,0.34949123149656813,Stage 2 — Advancing,4651.535615808823,5606.539633002578,False,4290.491591019992,0.4914104884636145,3.448793174537727,308571650.0935303,4655.648916015625,False,4.36628428438639,False,-12.932034382396463,True,True,False,True,False,False,False,False,4675.194554036459,4732.851467285156,False,2.4115832335731846,1,1.7338270099279816,16.67330372849113,2.7520038172115973,False,5149.0,0.2076195944580901,0.23358097023728974,False,5.47987298985968,41.0,True,False,3,True,False,False,False,True,False,True,False,3,False,False,,Pfizer Ltd.,Healthcare,EQ,INE182A01018,WAIT,Stage 2 + RS 41; wait because relative strength is below 50 — the trend has turned up but the stock still lags most of the universe.
PHOENIXLTD,2026-08-25,1930.0,0.06653405506102406,0.13931523022432124,0.11451178288359443,0.217392589891364,0.12085754262426555,1800.6151729189116,0.43325606818549467,Stage 2 — Advancing,1971.6588182636335,2169.800048828125,False,1465.5999755859375,0.3974846518546194,0.5145073728609765,954732603.2090759,1973.7279956054688,True,7.18559018201248,False,-11.051711836656896,True,False,True,True,True,True,False,False,1799.6960001627604,1797.926499633789,True,1.9226512443039876,3,0.6814192444478165,15.19034428238039,0.5054987641197236,False,2169.800048828125,0.08173948533472897,0.09226004689765252,False,12.424872996275905,64.0,True,True,4,True,True,True,True,False,True,True,False,6,False,False,,Phoenix Mills Ltd.,Realty,EQ,INE211B01039,REDUCE,Stage 2 + RS 64; distribution warning (U/D 0.51) triggers REDUCE.
PWL,2026-08-24,121.45999908447266,,,,,,111.36527377611971,-0.19330489106601512,Stage 3 — Topping,127.94764604755477,,False,,0.7639006301181291,3.776829098097888,1618430686.3650036,128.33619903564454,True,9.064518019007096,False,,True,False,True,False,False,False,False,False,111.63666651407878,,False,4.751711537061166,2,0.6170927425112389,32.446840684950544,1.6494685194314849,False,159.42999267578125,0.005165927635521502,,False,31.261315558632052,,True,False,2,False,False,False,False,False,False,False,False,0,False,False,,Physicswallah Ltd.,Consumer Services,EQ,INE0LP301011,REDUCE,Stage 3 with RS unavailable; the guide requires REDUCE when RS is 50 or higher.
PICCADIL,2026-08-25,676.8499755859375,0.13119412250853424,0.1768233449620078,0.11342317552682113,0.12987228007399,0.1365014091159775,613.8013694449647,1.1214083851192047,Stage 2 — Advancing,679.8362737917432,809.7000122070312,False,515.0,0.3582854346703655,0.587805792897338,335239789.50675046,681.8729992675782,True,10.271825590416173,False,-16.407315625323893,True,False,True,True,True,True,False,False,613.3043330891927,607.3954995727539,True,5.918699615350775,1,1.865176677254683,31.067059898802402,2.737665808778629,False,809.7000122070312,0.028665994120838548,0.03311502827396374,False,19.627693198346897,67.0,True,True,4,True,True,True,True,False,True,True,False,6,False,False,,Piccadily Agro Industries Ltd.,Fast Moving Consumer Goods,EQ,INE546C01010,REDUCE,Stage 2 + RS 67; distribution warning (U/D 0.59) triggers REDUCE.
PIDILITIND,2026-08-25,1651.0999755859375,0.12577100285991105,0.11043598644438046,0.13390758850969875,0.0704787883397382,0.11327287380272791,1483.0345542594177,0.9939825647985234,Stage 2 — Advancing,1609.2932631548713,1707.5,False,1249.9992446237347,0.47223376094751207,1.239696345580217,1730383394.4647095,1610.2797827148438,False,11.332535768894903,False,-3.303076100384339,True,True,True,True,False,False,False,False,1481.597217610677,1477.210411376953,True,1.5504821538189888,2,1.0235674674334792,10.024160090972776,0.7533533632054078,False,1707.5,0.06992749338890057,0.07187680430854235,False,3.4159060776466577,63.0,True,True,5,True,True,True,True,True,True,True,False,7,False,False,,Pidilite Industries Ltd.,Chemicals,EQ,INE318A01026,HOLD,Stage 2 + RS 63; trend/leadership is adequate without a stronger entry trigger.
PINELABS,2026-08-25,163.69000244140625,,,,,,170.5043834529511,-2.538081609714571,Stage 4 — Declining,154.12254901960785,,False,,1.4891203369852803,1.343834514531321,3858384629.1564484,154.2032000732422,False,-3.9966016553616646,False,,False,True,False,False,False,False,False,False,172.2792665608724,,False,4.107068216479391,1,0.8701326766108963,19.505243987411056,0.5869657714978126,False,171.8000030517578,0.00693260961347206,,False,4.954487439301358,,True,False,1,False,False,False,False,True,False,False,False,1,False,False,,Pine Labs Ltd.,Financial Services,EQ,INE15B701018,SELL,Stage 4 takes precedence: the guide requires SELL regardless of RS.
PIRAMALFIN,2026-08-24,2184.10009765625,,,,,,1923.1086317088507,0.9514981910273779,Stage 2 — Advancing,2109.2353060853247,,False,,1.8553988966083952,1.854238935209626,438744987.1247803,2111.2300122070315,False,13.571332458504193,False,,True,True,True,True,False,False,False,False,1920.0866446940104,1840.830166015625,False,2.5718320684581863,2,0.9798824750865845,11.23873873873874,0.6155522327104858,False,2220.0,0.09289398269615193,,False,1.6436930881635892,,True,False,4,True,True,False,True,True,False,False,False,4,False,False,,Piramal Finance Ltd.,Financial Services,EQ,INE202B01038,WAIT,Stage 2 + RS unavailable; wait for a clearer entry trigger; no breakout setup is present.
PPLPHARMA,2026-08-24,211.14999389648438,0.20224328432588878,0.3239904662226105,0.13320448570560295,0.09546040932028199,0.19142838598005463,168.20136919413528,1.9638772196351573,Stage 2 — Advancing,185.5760779287301,220.36000061035156,False,132.3000030517578,0.3055145831830697,2.9789149048639065,1374291527.563427,185.94359954833985,False,25.534051778602638,True,-4.179527449790054,True,True,True,True,False,False,False,False,167.9410659790039,170.82744956970214,True,3.643991055554754,2,0.8899660952312747,28.253763992734005,0.5085651018602644,False,220.36000061035156,0.00898061581534698,0.00921449715416123,False,4.361831390050797,73.0,True,True,5,True,False,True,True,True,True,True,True,7,False,False,,Piramal Pharma Ltd.,Healthcare,EQ,INE0DK501011,HOLD,Stage 2 + RS 73; trend/leadership is adequate without a stronger entry trigger.
POLYMED,2026-08-24,1737.199951171875,0.08697284710719622,0.34970086560761104,-0.09779280645449229,-0.15954292253143076,0.05326216616721609,1509.710960074647,0.6611889878336941,Stage 2 — Advancing,1687.3843180338542,2141.1399554955324,False,1182.0,0.6633183374256435,2.356401630460103,341227828.0607666,1690.91400390625,False,15.068380445882168,False,-18.8656516024041,True,True,True,True,False,False,False,False,1512.4880004882812,1595.6005029296875,False,3.9538183232238144,2,0.8375964342757957,21.722316025420632,1.5279570576929482,False,1913.699951171875,0.07388645894805257,0.09304185178044982,False,10.16002791624171,53.0,True,True,5,True,False,False,True,True,True,True,False,5,False,False,,Poly Medicure Ltd.,Healthcare,EQ,INE205C01021,HOLD,Stage 2 + RS 53; trend/leadership is adequate without a stronger entry trigger.
POLYCAB,2026-08-24,9054.0,-0.01797812695820833,0.12024621188893558,0.22484979852253817,0.2811717365485926,0.11806229860872995,8542.492154056079,1.4822959287257964,Stage 2 — Advancing,9330.768650428921,10126.0,False,6631.534745548168,0.4243865694499933,1.2567909393373138,2354603883.675,9327.1665625,True,5.987805861794682,False,-10.586608730001979,True,False,True,True,False,False,False,False,8503.572825520834,8241.37671142578,True,1.8204266464703842,3,0.6722554700839566,13.183883073276714,0.7715967355675204,False,10126.0,0.38508405371782195,0.43565992085962413,False,11.84007068698918,64.0,True,True,4,True,True,True,True,False,True,True,False,6,False,False,,Polycab India Ltd.,Capital Goods,EQ,INE455K01017,HOLD,Stage 2 + RS 64; trend/leadership is adequate without a stronger entry trigger.
POONAWALLA,2026-08-25,475.95001220703125,0.19315622835166435,0.03231758986783273,0.03523656815014964,0.017639512047624484,0.09430122535378713,434.5150685767605,0.6127096547894562,Stage 2 — Advancing,464.73921652401197,570.4000244140625,False,361.20001220703125,0.20733580985460784,0.8881709196340273,654001198.7741379,465.9650006103516,False,9.535904880350765,False,-16.558556831068515,True,True,True,True,False,False,False,False,434.59266682942706,442.4712504577637,False,2.965497591816766,2,0.8524694969799708,21.762061970059627,0.6757521521435025,False,511.8999938964844,0.020157465825316426,0.023206223505441423,False,7.5533103829011905,60.0,True,True,5,True,False,False,True,True,True,True,False,5,False,False,,Poonawalla Fincorp Ltd.,Financial Services,EQ,INE511C01022,HOLD,Stage 2 + RS 60; trend/leadership is adequate without a stronger entry trigger.
PFC,2026-08-25,367.0,-0.15599736114425278,-0.11857422212840563,0.05396106905499587,-0.046076727412248664,-0.08453692055483279,414.4051323459573,0.13991093844119007,Stage 1 — Basing,406.51198921951595,481.99167945892475,False,321.10284542401155,0.9380225685957041,0.4438168133120523,3428289229.3722258,406.17146057128906,True,-11.439320762654592,False,-23.85760675122284,False,False,False,True,True,True,False,False,412.70806701660155,397.02083068847656,True,2.1263125528385314,2,1.0517155029809462,18.035406477692213,1.3234185536297463,False,440.6780985361999,0.015543207833080585,0.020949983418392625,False,20.075776167901882,24.0,True,False,1,False,True,True,False,False,False,True,False,3,False,False,1.0,Power Finance Corporation Ltd.,Financial Services,EQ,INE134E01011,AVOID,Stage 1 + RS 24; weak RS in a basing stage is AVOID.
POWERGRID,2026-08-25,271.0,-0.08244457626651047,-0.11798209926769732,0.0021660242401055907,-0.019347617153969154,-0.06001056894291637,291.97727213820366,0.23523846007889038,Stage 1 — Basing,281.20784385531556,324.95001220703125,False,247.224610170096,0.606087953206985,0.640302317797366,2438327944.224382,281.1290008544922,True,-7.184556518589003,False,-16.60255737201166,False,False,False,True,True,False,False,False,290.9371469116211,284.07486625671385,False,1.8489759220973907,2,1.2247742257290022,11.244712009155377,0.9222736504374612,False,295.25,0.011477409598814275,0.014619451763481162,False,8.94833948339484,29.0,True,False,1,False,True,False,False,False,False,True,False,2,False,False,1.0,Power Grid Corporation of India Ltd.,Power,EQ,INE752E01010,AVOID,Stage 1 + RS 29; weak RS in a basing stage is AVOID.
POWERMECH,2026-08-24,2514.0,-0.012064271529434012,0.18344863824056024,0.07197682600316324,-0.21307205885477187,0.0036449724660167146,2378.203429339683,0.6208325526568359,Stage 2 — Advancing,2625.48628504136,3241.6824281456375,False,1717.699951171875,0.4661710433379879,0.5266313405189539,187147514.4067627,2620.950009765625,True,5.7100485595557915,False,-22.44767784245598,True,False,True,True,True,True,False,False,2371.9353385416666,2359.725007324219,False,2.9048752765761736,3,0.5606660396389467,20.199501246882793,0.5742370049101775,True,3007.5,0.10692526077386838,0.13961443023178574,False,19.63007159904535,43.0,True,False,3,True,True,False,True,False,True,True,False,5,False,False,,Power Mech Projects Ltd.,Construction,EQ,INE211R01019,REDUCE,Stage 2 + RS 43; distribution warning (U/D 0.53) triggers REDUCE.
PRAJIND,2026-08-25,347.79998779296875,-0.106349261113873,0.1663978401082402,0.09046987176199606,-0.1400988009894133,-0.0191859222693846,337.154419572386,0.8116125025969145,Stage 2 — Advancing,335.8170650706572,428.0942610978699,False,269.90699581373747,0.7172392708788017,4.583464678043547,446186903.08666074,335.7827655029297,False,3.1574755075388206,False,-18.75621343275715,True,True,False,True,False,False,False,False,335.7928743489583,331.69708908081054,False,4.010926963006993,2,2.172468138736799,18.227543239202284,2.2308939681004802,False,363.6823786226422,0.014730047669234343,0.018203325978158973,False,4.566530013545478,37.0,True,False,3,True,True,False,False,True,False,True,False,4,False,False,,Praj Industries Ltd.,Capital Goods,EQ,INE074A01025,WAIT,Stage 2 + RS 37; wait because relative strength is below 50 — the trend has turned up but the stock still lags most of the universe.
PREMIERENE,2026-08-25,1036.0,0.05177664974619289,0.42139211451645453,0.07170083792923321,0.033251012473527686,0.12597945288232026,956.1752281711526,2.037204435042761,Stage 2 — Advancing,1046.6509794347426,1134.0,False,666.4089382565205,0.4509861308544162,1.501994288189417,1005816030.3434387,1046.477998046875,True,8.348341337133958,False,-8.64197530864198,True,False,True,True,False,False,False,False,949.7744828287761,935.8061849975586,False,2.466217142011471,3,1.0467551309973426,13.809521656608245,0.6801584478257758,False,1134.0,0.043876739278123945,0.049179886010083385,False,9.459459459459453,65.0,True,True,4,True,True,False,True,False,True,True,False,5,False,False,,Premier Energies Ltd.,Capital Goods,EQ,INE0BS701011,HOLD,Stage 2 + RS 65; trend/leadership is adequate without a stronger entry trigger.
PRESTIGE,2026-08-24,1635.800048828125,0.17958897355710346,0.14889120488018004,0.004020886492110964,0.00253392709172795,0.10292479311564519,1459.3522238535425,0.5793722511007182,Stage 2 — Advancing,1610.6184632544423,1802.9302554788078,False,1088.629585901896,0.31484324554719134,0.6296691192928309,934235799.7777588,1613.4178588867187,False,12.090831952046322,False,-9.269920793818931,True,True,True,True,True,False,False,False,1459.0016153971353,1503.7117456054686,False,2.6179822528847723,3,0.783126609368336,16.10106124188334,0.7232446681258026,False,1739.3103649051645,0.06957372585316385,0.07476882169158322,False,6.327809817049057,61.0,True,True,5,True,False,False,True,True,True,True,False,5,False,False,,Prestige Estates Projects Ltd.,Realty,EQ,INE811K01011,REDUCE,Stage 2 + RS 61; distribution warning (U/D 0.63) triggers REDUCE.
PRICOLLTD,2026-08-24,790.9000244140625,0.42082096420740256,0.2776028430818194,0.23616761410440645,0.7710061817286495,0.42528371346593613,604.05787407862,2.182739413919843,Stage 2 — Advancing,663.3431348613664,823.0,False,442.54599680516765,0.36845559019750646,1.8826253239241988,539029609.2798798,664.9839978027344,False,30.931167087331836,True,-3.9003615535768477,True,True,True,True,False,False,False,False,603.5036643473308,609.2418516540528,True,3.2241748909910135,2,1.3451969601627678,32.66099487156364,0.8300036023947486,False,823.0,0.033638500937363765,0.03440490556245863,False,4.058664128847234,90.0,True,True,5,True,False,True,True,True,True,True,True,7,False,False,,Pricol Ltd.,Automobile and Auto Components,EQ,INE726V01018,WAIT,"Stage 2 + RS 90; wait because price is more than 20% above the 30-week line (currently +31%) — the guide treats that as poor entry timing, not a failed trend."
PFOCUS,2026-08-25,302.75,0.2276966443906503,0.11798380224247862,0.7796261973288328,0.9951890670890939,0.46963847108834117,273.1413694407842,1.2218135000289454,Stage 2 — Advancing,265.43823481541057,367.0,False,139.0399932861328,0.8172864975402454,1.7363943827281245,326458660.3528274,266.0639996337891,False,10.840038848686673,False,-17.50681198910081,True,True,False,True,False,False,False,False,271.69766621907553,254.55524978637695,True,4.938067424630618,2,0.9284647790557278,35.61983809387172,2.084261529459482,False,314.6000061035156,0.012822087660667976,0.016490476672312047,False,3.9141225775443766,92.0,True,True,4,True,True,True,False,True,True,True,True,7,False,False,,Prime Focus Ltd.,Media Entertainment & Publication,EQ,INE367G01038,HOLD,Stage 2 + RS 92; trend/leadership is adequate without a stronger entry trigger.
PRSMJOHNSN,2026-08-24,107.11000061035156,-0.09840069142349472,-0.1458532750635798,-0.22953533794726377,-0.28316154515511993,-0.1710703082025906,120.4976551450532,-1.0921337806673037,Stage 4 — Declining,112.31176443660961,176.0,False,97.0999984741211,0.4060072802200571,0.5904481483020806,579755127.2031822,112.16339965820312,True,-11.110302950365124,False,-39.1420451077548,False,False,False,False,True,True,False,False,120.6927333577474,124.64040000915527,False,6.088533985855485,1,2.1236672063319078,25.877863760212904,4.161857754243809,False,131.0,0.004555594569113382,0.00733198972251804,False,22.30417258287234,10.0,True,False,0,False,False,False,False,False,False,False,False,0,False,False,,Prism Johnson Ltd.,Construction Materials,EQ,INE010A01011,SELL,Stage 4 takes precedence: the guide requires SELL regardless of RS.
PRIVISCL,2026-08-24,3446.699951171875,0.04160976960119278,0.1561323972474291,0.10335619135211305,0.4241341996691472,0.153368465494215,3230.303023664919,1.562442247706497,Stage 2 — Advancing,3587.748606962316,3774.7057070510364,False,2187.7596135124772,0.7639453675989955,0.4528793485284691,299785584.50489503,3590.31576171875,True,6.698966812761875,False,-8.689571620549296,True,False,True,True,True,True,False,False,3214.5660091145833,3177.6201599121096,True,2.1339246269073633,3,0.7944842943276457,9.68832368488778,0.8708030711551188,False,3774.7057070510364,0.14659478563577255,0.16077086931723067,False,9.51651610311015,69.0,True,True,4,True,True,True,True,False,True,True,False,6,False,False,,Privi Speciality Chemicals Ltd.,Chemicals,EQ,INE959A01019,REDUCE,Stage 2 + RS 69; distribution warning (U/D 0.45) triggers REDUCE.
PRUDENT,2026-08-24,3336.800048828125,0.2617581170986252,0.3157745366208027,0.3239085735695695,0.1552155436401217,0.2636829776055489,2741.954973733836,2.447990777747666,Stage 2 — Advancing,3100.0807770373776,3455.0,False,2118.407683707669,0.4599174410495165,0.9377230788488653,183292978.4151489,3102.08181640625,False,21.694195593746855,True,-3.4211273855824897,True,True,True,True,False,False,False,False,2728.199464518229,2682.9363671875,True,3.3385265232995174,2,0.7339226861413628,20.057887120115776,2.2652867448987384,False,3455.0,0.14192053117390774,0.1451112284605621,False,3.5423144762116276,80.0,True,True,5,True,True,True,True,True,True,True,True,8,True,False,,Prudent Corporate Advisory Services Ltd.,Financial Services,EQ,INE00F201020,WAIT,"Stage 2 + RS 80; wait because price is more than 20% above the 30-week line (currently +22%) — the guide treats that as poor entry timing, not a failed trend."
PNB,2026-08-25,115.93000030517578,0.12272766667989243,-0.08609586384857482,-0.030466973221420557,0.1338247586238699,0.05254345098273189,110.22400795923521,-0.269791889155091,Stage 3 — Topping,110.55745158475987,131.33111679644097,False,95.71672519141161,0.7841956142484393,2.009623001420069,1485310475.532338,110.60920059204102,False,5.176723702562924,False,-11.726936362793916,True,True,True,False,False,False,False,False,110.49190780639648,112.62638637542724,False,1.8909190725451899,1,1.3039051751294288,15.941425147914487,0.8152671502875833,False,119.5,0.004909874901450798,0.005476615598736377,False,3.0794442210182904,53.0,True,True,4,True,False,False,False,True,False,True,False,3,False,False,,Punjab National Bank,Financial Services,EQ,INE160A01022,REDUCE,Stage 3 with RS 53; the guide requires REDUCE when RS is 50 or higher.
PURVA,2026-08-25,217.9199981689453,-0.05206838597800312,0.018365309476599867,-0.11826824377661804,-0.24529870764001627,-0.08986768277920815,213.6029657824286,-0.5575036096243102,Stage 3 — Topping,217.84803921568627,305.0,False,160.69000244140625,0.36842891085548984,7.860650025829568,317240936.1881172,217.9101998901367,False,2.0210545161221782,False,-28.55082027247695,True,True,True,False,False,False,False,False,214.2382002766927,221.85335006713868,False,4.052927324544905,2,2.358639499216096,21.122990974583217,5.83947598294173,False,261.79998779296875,0.00922936191423558,0.0128033057147925,False,20.135825070081403,23.0,True,False,3,False,False,False,False,True,True,False,False,2,False,False,,Puravankara Ltd.,Realty,EQ,INE323I01011,SELL,Stage 3 + RS 23; RS below 50 in Stage 3 triggers SELL.
QPOWER,2026-08-25,1309.0999755859375,0.21349035619934686,0.45572973968667485,0.757525017838864,0.5934374278670764,0.44673457955826185,1066.3597926309665,4.02662036224517,Stage 2 — Advancing,1203.7849049287684,1440.7180545952106,False,580.8863637342646,1.202206764509483,2.1096345679256574,278911529.08313596,1202.9074853515624,False,22.763441066740953,True,-9.135588923139649,True,True,True,True,False,False,False,False,1055.1961515299479,978.1013330078125,True,4.39194821421936,2,0.7916715228987787,21.857592326966497,2.403441543001528,False,1357.0,0.05544308717932683,0.06185749622745712,False,3.659004301227875,91.0,True,True,5,True,True,True,True,True,True,True,True,8,True,False,,QUALITY POWER ELECTRICAL EQUIPMENTS Ltd.,Capital Goods,EQ,INE0SII01026,WAIT,"Stage 2 + RS 91; wait because price is more than 20% above the 30-week line (currently +23%) — the guide treats that as poor entry timing, not a failed trend."
QUESS,2026-08-25,347.0,0.6991651067382556,0.8034579837997218,0.6624200534378211,0.3364791528337705,0.640137480709565,232.14561713231754,4.321010880214837,Stage 2 — Advancing,296.3358294917088,350.75,True,162.53922482226787,0.4628174025032572,7.287313941115454,486974967.602475,297.3138912963867,False,49.47514593920512,True,-1.0691375623663624,True,True,True,True,False,False,False,False,230.9952577718099,223.86823852539064,True,3.757867649059895,2,0.6924537237918877,32.05973109897691,0.2762022038121193,False,350.75,0.014696166534275105,0.014696166534275105,True,1.0806916426512991,96.0,True,True,5,True,True,True,True,True,True,True,True,8,True,False,,Quess Corp Ltd.,Services,EQ,INE615P01015,WAIT,"Stage 2 + RS 96; wait because price is more than 20% above the 30-week line (currently +49%) — the guide treats that as poor entry timing, not a failed trend."
RRKABEL,2026-08-24,2869.89990234375,0.47727165621652845,0.9155353761282692,1.1350061357013912,1.3732419524279975,0.875665355338143,1919.7233493752676,5.013839251081542,Stage 2 — Advancing,2503.349015778186,2983.800048828125,False,1158.746695475609,0.5024632789328297,2.956030085974472,1619743637.6982543,2509.777998046875,False,49.49549388341276,True,-3.8172848254060754,True,True,True,True,False,False,False,False,1906.4005989583334,1786.723232421875,True,3.2619345969540054,4,0.6201773555077962,27.475033025423336,0.48384883494050873,False,2983.800048828125,0.1220623689152764,0.12406556448077172,False,3.9687846391909476,97.0,True,True,5,True,True,True,True,True,True,True,True,8,True,False,,R R Kabel Ltd.,Capital Goods,EQ,INE777K01022,WAIT,"Stage 2 + RS 97; wait because price is more than 20% above the 30-week line (currently +49%) — the guide treats that as poor entry timing, not a failed trend."
RBLBANK,2026-08-24,388.0,0.16346502906515736,0.19326540953485405,0.2617727144929476,0.5422441573054628,0.2648424678927158,338.37019431754334,1.6298010998603285,Stage 2 — Advancing,373.54270426432294,394.5,True,241.74279959751107,0.5002973816114923,2.9635603822587706,1259845463.0361373,373.5798046875,False,14.66731009879718,False,-1.6476552598225558,True,True,True,True,False,False,False,False,337.26149861653647,330.27691528320315,True,1.7825846944021462,2,0.8950192112014901,12.052785508620921,0.31387783020237675,False,394.5,0.01650238710432018,0.016684422874529745,False,1.675257731958757,80.0,True,True,5,True,True,True,True,True,True,True,True,8,True,False,,RBL Bank Ltd.,Financial Services,EQ,INE976G01028,HOLD,Stage 2 + RS 80; trend/leadership is adequate without a stronger entry trigger.
RECLTD,2026-08-25,326.0,-0.03208752193403308,-0.05528371995619186,-0.03765528219592973,-0.0861590892428753,-0.04865462705261261,344.9948985478649,-0.3286658868416725,Stage 4 — Declining,352.0220618154488,381.3442016302781,False,299.2584905065143,0.7604574010821223,0.9456169331206399,2067578106.7239366,352.0438806152344,True,-5.505849109020822,False,-14.512925958668587,False,False,True,False,False,False,False,False,345.0548465983073,344.9473532104492,False,2.3826809776230538,2,1.2993329931323545,13.75009143858888,1.183856159430028,False,375.0149044815861,0.013806773170529349,0.016473031974094773,False,15.035246773492661,33.0,True,False,1,False,True,False,True,False,False,True,False,3,False,False,,REC Ltd.,Financial Services,EQ,INE020B01018,SELL,Stage 4 takes precedence: the guide requires SELL regardless of RS.
RHIM,2026-08-24,374.6000061035156,-0.049841455666415624,-0.14921640588449347,-0.17206322025225884,-0.22573343867234996,-0.12933919522838672,398.64344861260776,-0.9829208707616499,Stage 4 — Declining,392.27156994389554,508.29998779296875,False,323.04998779296875,0.09562809019799644,0.5833907542319833,294578850.62513125,392.60700134277346,True,-6.031315099437884,False,-26.303361184401464,False,False,False,False,True,True,False,False,399.92000040690107,414.82849975585935,False,3.4493940482530365,1,2.4140934191940486,20.459664328635956,0.4341348842847969,False,443.79998779296875,0.015932459561858035,0.021017255339105485,False,18.4730327180856,15.0,True,False,0,False,False,False,False,False,False,False,False,0,False,False,,RHI MAGNESITA INDIA LTD.,Capital Goods,EQ,INE743M01012,SELL,Stage 4 takes precedence: the guide requires SELL regardless of RS.
RITES,2026-08-25,217.69000244140625,0.05643465488879018,0.0016873442162541608,-0.0667904794461498,-0.10822816056195161,-0.012092397202853381,211.84188571041577,-0.02946160954517829,Stage 3 — Topping,218.03264333687576,272.0997840702363,False,173.9540675101702,0.06308697118547889,1.9632236481754375,164610466.94383392,218.21303100585936,True,2.7606045477638785,False,-19.996260494931306,True,False,True,False,False,False,False,False,211.97103068033854,217.30774185180664,False,2.588554533602942,2,0.8746319019039163,16.824072201905484,0.06101626221905685,False,243.12812900813074,0.00921962112024686,0.011475748463700253,False,11.685482236866363,39.0,True,False,2,True,False,False,True,False,False,True,False,3,False,False,,RITES Ltd.,Construction,EQ,INE320J01015,SELL,Stage 3 + RS 39; RS below 50 in Stage 3 triggers SELL.
RADICO,2026-08-25,4630.0,0.3110337873005906,0.7052930095636605,0.412779009156236,0.593117342756939,0.46665138721560334,3445.6074051530395,3.463096795551057,Stage 2 — Advancing,4193.547377642463,4747.0,True,2494.465428414862,0.5647484626003175,1.3499442392255472,1823083806.653125,4206.002778320312,False,34.37398564548171,True,-2.464714556562042,True,True,True,True,False,False,False,False,3430.4523014322917,3368.3930920410157,True,2.0792962121066028,3,0.51202328575557,25.171291229085902,0.7247481158022014,True,4747.0,0.19609006067346896,0.20163680848909238,False,2.5269978401727844,91.0,True,True,5,True,True,True,True,True,True,True,True,8,True,False,,Radico Khaitan Ltd,Fast Moving Consumer Goods,EQ,INE944F01028,WAIT,"Stage 2 + RS 91; wait because price is more than 20% above the 30-week line (currently +34%) — the guide treats that as poor entry timing, not a failed trend."
RVNL,2026-08-25,218.39999389648438,-0.195886538975373,-0.31019918592964724,-0.31939085245867027,-0.31674585500009256,-0.2676217942678312,265.0654750458182,-2.433027715881364,Stage 4 — Declining,230.29966676001456,398.20450175980454,False,217.02000427246094,1.5644465480961454,0.7404050110541038,1044985033.2574608,230.09784576416016,True,-17.605265695680426,False,-45.153810936014374,False,False,False,False,False,False,False,False,266.5537713623047,281.7405352783203,False,2.378809042072387,1,1.0628414357199483,13.39946210883384,0.6810728115592877,False,250.59891030376434,0.009249690724459369,0.016212357104290195,False,14.743094005094793,2.0,True,False,0,False,False,False,False,False,False,False,False,0,False,False,,Rail Vikas Nigam Ltd.,Construction,EQ,INE415G01027,SELL,Stage 4 takes precedence: the guide requires SELL regardless of RS.
RAILTEL,2026-08-25,280.79998779296875,-0.14158109847531064,-0.1087409650031873,-0.1630361637351152,-0.1964128215821086,-0.1502704294542065,305.69525846716476,-1.1507973251898673,Stage 4 — Declining,297.65750421262254,408.55427403779885,False,243.9284560598348,0.758797099155067,3.041339509476467,352841429.4459885,297.2028033447266,True,-8.143819697769395,False,-31.269844513488177,False,False,False,False,False,False,False,False,306.2955453491211,315.87176872253417,False,2.4632710622253087,1,1.0420729727946718,16.135408470614877,2.7795337187020093,False,327.90954440366335,0.01189245931823598,0.017035483592120988,False,16.776908354222584,13.0,True,False,0,False,False,False,False,False,False,False,False,0,False,False,,Railtel Corporation Of India Ltd.,Telecommunication,EQ,INE0DD101019,SELL,Stage 4 takes precedence: the guide requires SELL regardless of RS.
RAIN,2026-08-25,200.49000549316406,0.12544040297327097,0.31973602694089687,0.8360342660474502,0.37505165870354307,0.3563405515276864,166.6375200454503,2.803803020836715,Stage 2 — Advancing,206.3760399911918,250.82236847510148,False,99.43315286007488,0.8544998220293006,0.8604848061830864,1305666365.5796256,206.6373129272461,True,20.315043957975696,True,-20.066935532081065,True,False,True,True,False,False,False,False,165.80038665771485,155.11012054443358,True,5.217153226773223,2,0.9282558653003787,28.710318241553562,0.6484515379755531,False,250.82236847510148,0.00849116573252239,0.010192584894388056,False,25.104674349292466,87.0,True,True,4,True,True,True,True,False,True,True,True,7,False,False,,Rain Industries Ltd,Chemicals,EQ,INE855B01025,WAIT,"Stage 2 + RS 87; wait because price is more than 20% above the 30-week line (currently +20%) — the guide treats that as poor entry timing, not a failed trend."
RAINBOW,2026-08-24,1460.0999755859375,0.08009778830401615,0.22052588227659053,0.08562614468874852,-0.07218684129405506,0.07883215245586328,1318.1429434998395,1.1441111393138526,Stage 2 — Advancing,1471.2822983685662,1610.0,False,1081.4576042961687,1.0140914809644792,2.0184838453798095,163229028.99645996,1472.4024877929687,True,10.769471762234218,False,-9.310560522612576,True,False,True,True,False,False,False,False,1315.2433129882813,1318.5591864013672,True,2.8491200903669314,2,1.2392806439550605,13.86708284618601,0.9134027734265832,False,1610.0,0.06210086342300924,0.06735044787116372,False,10.26642195195624,58.0,True,True,4,True,False,True,True,False,True,True,False,5,False,False,,Rainbow Childrens Medicare Ltd.,Healthcare,EQ,INE961O01016,HOLD,Stage 2 + RS 58; trend/leadership is adequate without a stronger entry trigger.
RALLIS,2026-08-25,212.92999267578125,-0.1481010077984528,-0.2210286504851594,-0.1754607366279105,-0.4340421693656361,-0.22534671441512233,242.60036928359776,-0.9204645706217374,Stage 4 — Declining,222.54196137072992,376.96993773608585,False,207.52999877929688,0.8398178952884153,0.8710514166603411,157251558.9338661,222.4056005859375,True,-12.230144865580183,False,-43.515391716765464,False,False,False,False,False,False,False,False,242.7456080118815,246.23369979858398,False,1.7698638828869906,3,0.6462218487670545,16.28141543012039,0.7619482342139597,False,247.88999938964844,0.00901802487753677,0.015882217983814607,False,16.418545022494403,5.0,True,False,0,False,False,False,False,False,False,False,False,0,False,False,,Rallis India Ltd.,Chemicals,EQ,INE613A01020,SELL,Stage 4 takes precedence: the guide requires SELL regardless of RS.
RKFORGE,2026-08-24,728.5,0.31249439874184337,0.34143410878414304,0.4001211055657181,0.27476072358320547,0.3282609470833507,578.582178612278,2.9011618513893334,Stage 2 — Advancing,628.1019646139706,772.7999877929688,False,459.4101971519111,0.40393756048472346,2.9193707157667417,1076802415.2324739,628.88400390625,False,25.911240776080934,True,-5.732400167278029,True,True,True,True,False,False,False,False,576.3793558756511,562.8372877502442,True,3.1218749329744337,2,0.9323832584786192,28.823758219270857,0.5796423780894309,False,772.7999877929688,0.030984507746126936,0.03213774318059217,False,6.08098665655028,86.0,True,True,5,True,True,True,True,True,True,True,True,8,True,False,,Ramkrishna Forgings Ltd.,Automobile and Auto Components,EQ,INE399G01023,WAIT,"Stage 2 + RS 86; wait because price is more than 20% above the 30-week line (currently +26%) — the guide treats that as poor entry timing, not a failed trend."
RCF,2026-08-25,124.47000122070312,-0.04759355042090396,-0.03324270896541259,-0.10104985401490418,-0.19274210044684226,-0.0844443528537934,126.97045051888244,-0.5665052289900108,Stage 4 — Declining,128.17666670855354,161.77122672091298,False,106.0,12.850988003466712,2.973991149774033,197978614.94807816,128.09780014038085,True,-1.969315921902215,False,-23.058009917030407,False,False,True,False,False,False,False,False,127.01018417358398,130.58467540740966,False,2.2524073279314067,2,1.1392247807492908,16.035712105887274,1.664553422442701,False,140.0,0.005271561574815212,0.006942687675204141,False,12.476900961670246,24.0,True,False,1,False,False,False,False,False,False,True,False,1,False,False,,Rashtriya Chemicals & Fertilizers Ltd.,Chemicals,EQ,INE027A01015,SELL,Stage 4 takes precedence: the guide requires SELL regardless of RS.
RATEGAIN,2026-08-25,946.0499877929688,0.3033684915802006,0.8582792701845063,0.3750726566758267,0.7943100764209934,0.5268797972883456,709.1366441282507,2.819113525107131,Stage 2 — Advancing,920.9029457241882,1050.0,False,437.0,0.6871486915390617,0.6966624360572717,642609857.3298279,922.4340051269531,False,33.408701359095346,True,-9.900001162574402,True,True,True,True,True,False,False,False,707.1816672770183,699.9277510070801,True,5.23492496321287,1,1.675654789919781,20.952380952380953,0.824079634673024,False,1050.0,0.04006717051975331,0.042075534732725774,False,10.987792775045136,93.0,True,True,5,True,True,True,True,True,True,True,True,8,True,False,,Rategain Travel Technologies Ltd.,Information Technology,EQ,INE0CLI01024,REDUCE,Stage 2 + RS 93; distribution warning (U/D 0.70) triggers REDUCE.
RATNAMANI,2026-08-25,2711.5,0.07317467222493956,0.12938117686513895,0.1716004894721297,0.11852021791311551,0.11317024574005266,2438.1700405778556,0.8066381532841005,Stage 2 — Advancing,2487.6529086243872,3330.2583637320286,False,1927.9657490362597,16.17193119108007,3.955021294580448,387781005.53881836,2485.6610205078123,False,11.210455172247302,False,-18.5798906916826,True,True,True,True,False,False,False,False,2424.5084236653647,2402.382202758789,False,4.80806657878852,2,1.9926771699859673,24.571719902810038,5.027333872715611,False,2843.89990234375,0.11483762408555316,0.13304125314957282,False,4.882902538954448,63.0,True,True,5,True,True,False,True,True,True,True,False,6,False,False,,Ratnamani Metals & Tubes Ltd.,Capital Goods,EQ,INE703B01027,HOLD,Stage 2 + RS 63; trend/leadership is adequate without a stronger entry trigger.
RTNINDIA,2026-08-24,30.059999465942383,-0.1314649252866038,-0.01183433956110036,-0.2999534134301334,-0.4291682576330347,-0.2007771722394952,32.82376728319142,-1.3467683748330517,Stage 4 — Declining,32.45960789100796,64.0,False,24.399999618530273,1.2186616296921828,0.8753536971610418,42819994.7492034,32.39820007324219,True,-8.420020143953211,False,-53.03125083446503,False,False,False,False,False,False,False,False,32.900266799926754,35.26640007019043,False,3.452618343656134,2,0.987054486747357,20.833333333333336,0.6873628479514761,False,36.0,0.0012785096586150492,0.002731609283038128,False,19.76048116962732,6.0,False,False,0,False,False,False,False,False,False,False,False,0,False,False,,RattanIndia Enterprises Ltd.,Consumer Services,EQ,INE834M01019,SELL,Stage 4 takes precedence: the guide requires SELL regardless of RS.
RTNPOWER,2026-08-25,7.820000171661377,-0.1490750240779427,-0.06459324248710518,-0.21010096232485387,-0.3574363087397159,-0.18605611234151206,8.90589042559062,-0.32848544882481123,Stage 4 — Declining,8.748235375273461,12.84000015258789,False,7.519999980926514,1.1518304195560727,0.5436605640942722,111062435.28991392,8.734600076675415,True,-12.192944242936033,False,-39.0965725955598,False,False,False,False,True,True,False,False,8.885533345540365,9.070099992752075,False,2.4113987319111017,1,1.432408765552821,20.124486151096235,1.21203993352714,False,9.640000343322754,0.00033119315510315707,0.0005509800684984176,False,23.273658973267185,8.0,True,False,0,False,False,False,False,False,False,False,False,0,False,False,,RattanIndia Power Ltd.,Power,EQ,INE399K01017,SELL,Stage 4 takes precedence: the guide requires SELL regardless of RS.
RAYMONDLSL,2026-08-24,717.1500244140625,0.007723418709502106,-0.1972573438968448,-0.34418369085182654,-0.3808283687159917,-0.18136451320913177,799.9791757243953,-1.5761449299674157,Stage 4 — Declining,750.7753427542892,1348.3018107388446,False,677.0,1.0169293530961538,1.5679484961073318,144936996.1571869,749.6691564941407,True,-10.353913429725159,False,-46.810868404821214,False,False,False,False,False,False,False,False,802.7879903157552,868.723655090332,False,3.0418025120992476,2,0.8841110669551876,19.723747214888153,1.043527514577495,False,843.3378197313632,0.03050177142977713,0.056930700730573734,False,17.59573185825389,8.0,True,False,0,False,False,False,False,False,False,False,False,0,False,False,,Raymond Lifestyle Ltd.,Textiles,EQ,INE02ID01020,SELL,Stage 4 takes precedence: the guide requires SELL regardless of RS.
REDINGTON,2026-08-25,352.6499938964844,0.6079006966120033,0.48585799372746497,0.2511539108673013,0.48066923084069013,0.48669650573189266,253.53543508869328,2.354885610200541,Stage 2 — Advancing,298.56606038411456,370.79998779296875,False,187.19874597305954,0.5833772733947894,8.110542200007625,4107967201.4015975,299.76264404296876,False,39.09298073980003,True,-4.894820521574072,True,True,True,True,False,False,False,False,253.52033813476564,258.4451454162598,True,4.203885933449043,2,0.8259300689103086,35.55503146650947,0.6208259839138285,False,370.79998779296875,0.014935455442691163,0.015528406269355349,False,5.14674442382439,92.0,True,True,5,True,False,True,True,True,True,True,True,7,False,False,,Redington Ltd.,Services,EQ,INE891D01026,WAIT,"Stage 2 + RS 92; wait because price is more than 20% above the 30-week line (currently +39%) — the guide treats that as poor entry timing, not a failed trend."
REDTAPE,2026-08-24,121.94999694824219,-0.07659794090774019,-0.008802886882063321,-0.05625454404182462,-0.004898984132525874,-0.044630459374378845,125.96772928107275,0.18766843919069132,Stage 1 — Basing,130.5744171142578,161.05605346448013,False,105.92267660028074,0.5213601223817537,0.5326230722287364,70375799.51983567,130.50971527099608,True,-3.1894933375084977,False,-24.281022460830716,False,False,True,True,True,True,False,False,125.73613108317058,125.52357860565185,False,4.118198731767856,1,2.196619741333281,18.62078802101354,0.7058305701470737,False,148.49000549316406,0.00518676818817154,0.0067575248707606094,False,21.763025181694708,33.0,True,False,2,False,True,False,True,False,False,True,False,3,False,False,2.0,Redtape Ltd.,Consumer Durables,EQ,INE0LXT01019,AVOID,Stage 1 + RS 33; weak RS in a basing stage is AVOID.
REFEX,2026-08-25,290.0,0.023849953024125847,0.26975804336853226,-0.09354434413859425,-0.2341004053592467,-0.002037360016211409,271.98780033506193,1.4009899995697017,Stage 2 — Advancing,319.70596971698836,413.67773156512,False,187.40098243331008,0.6882762890470564,0.41531836711411796,164122414.48336792,319.7194842529297,True,6.622429257028739,False,-29.89712090549186,True,False,True,True,True,True,False,False,270.8099922688802,277.5423200988769,False,3.1428565415255543,2,0.5597699498314472,22.991031015824877,0.37098908386209006,True,370.21662523764206,0.012282098832679483,0.017221925847861815,False,27.660905254359335,42.0,True,False,3,True,False,False,True,False,True,False,False,3,False,False,,Refex Industries Ltd.,Utilities,EQ,INE056I01025,REDUCE,Stage 2 + RS 42; distribution warning (U/D 0.42) triggers REDUCE.
RELAXO,2026-08-24,377.54998779296875,0.2824388438191381,0.0696981859615513,-0.06291885452355883,-0.20824162113776,0.07268307958770172,345.1491728683998,0.31283934202566144,Stage 2 — Advancing,395.3715712603401,526.0,False,236.5,0.06487103963315745,0.7697368315504804,134648388.78702545,396.4490026855469,True,9.387481550454968,False,-28.22243578080442,True,False,True,True,False,False,False,False,346.01186706542967,361.72140014648437,False,3.662712835821833,2,0.7530893910037,25.09346888945415,0.13935089749768845,False,454.70001220703125,0.016057927963378682,0.02184157576716105,False,20.434386679511185,57.0,True,True,4,True,False,False,True,False,True,False,False,3,False,False,,Relaxo Footwears Ltd.,Consumer Durables,EQ,INE131B01039,HOLD,Stage 2 + RS 57; trend/leadership is adequate without a stronger entry trigger.
RELIANCE,2026-08-25,1317.0,-0.03212195291526587,-0.053922618330438654,-0.14068369593025087,-0.06336592972108723,-0.0644432299624617,1348.7537749826092,-0.48736803024904685,Stage 4 — Declining,1306.8529435700061,1604.3820104615531,False,1249.800048828125,0.6028523836679317,1.3294942424496259,13484682345.214233,1306.4140014648438,False,-2.354304808749741,False,-17.912318175325225,False,True,False,False,False,False,False,False,1349.8635807291666,1393.0944995117188,False,1.4215213019646926,2,0.5624140604556284,7.1402016377683495,0.6200422312334731,False,1345.9000244140625,0.05577766952634096,0.06781378094300845,False,2.1943830230875205,28.0,True,False,1,False,False,False,False,True,False,True,False,2,False,False,,Reliance Industries Ltd.,Oil Gas & Consumable Fuels,EQ,INE002A01018,SELL,Stage 4 takes precedence: the guide requires SELL regardless of RS.
RPOWER,2026-08-25,22.700000762939453,-0.15076688545875339,-0.1111981225835148,-0.3897849382424111,-0.5114076364558949,-0.26278489363986557,25.612671225038294,-2.0664171522780106,Stage 4 — Declining,24.387450947481042,50.72999954223633,False,20.170000076293945,0.3855199220235516,1.4418506669503646,501864990.1568384,24.335199966430665,True,-11.371990201675997,False,-55.253299886115535,False,False,False,False,False,False,False,False,25.71486666361491,28.470199975967407,False,3.190685066550621,2,0.7699777980234189,26.836732966062755,0.6366953564466101,False,29.399999618530273,0.0009613919064562828,0.002088407838804835,False,29.515412468749314,3.0,True,False,0,False,False,False,False,False,False,False,False,0,False,False,,Reliance Power Ltd.,Power,EQ,INE614G01033,SELL,Stage 4 takes precedence: the guide requires SELL regardless of RS.
RELIGARE,2026-08-25,228.4499969482422,-0.03444636071441054,0.1027707709489043,-0.07134147582015371,-0.0758495154994917,-0.022662588359912438,236.05575331596478,-0.08136900260681257,Stage 4 — Declining,253.67019623401117,280.0,False,196.50999450683594,1.2537856486305226,0.696839571680593,271800126.3133438,253.8282000732422,True,-3.2220169434049595,False,-18.410715375627795,False,False,True,False,True,False,False,False,235.81353322347005,238.20330024719237,False,3.767627079026139,2,0.585008312632165,20.267857142857142,1.030444009202143,False,280.0,0.009675329106357367,0.012036511501971258,False,22.56511435342108,36.0,True,False,1,False,False,False,True,False,False,True,False,2,False,False,,Religare Enterprises Ltd.,Financial Services,EQ,INE621H01010,SELL,Stage 4 takes precedence: the guide requires SELL regardless of RS.
RBA,2026-08-25,106.30999755859375,0.5620041341769086,0.6689167391728623,0.667869387498123,0.33203860181231826,0.5585665993674241,69.94924119094323,3.637035338423078,Stage 2 — Advancing,80.00078403248506,111.1500015258789,False,57.150001525878906,0.26250257526843584,10.545163778540578,2112861642.7170117,80.22419967651368,False,51.98163089202801,True,-4.354479442951931,True,True,True,True,False,False,False,False,69.77373313903809,68.40534992218018,True,5.511508486254766,3,1.086671048933386,42.80701860357303,0.7801833803448549,False,111.1500015258789,0.004502447920401941,0.004530426993754051,False,4.5527270044546375,94.0,True,True,5,True,True,True,True,True,True,True,True,8,True,False,,Restaurant Brands Asia Ltd.,Consumer Services,EQ,INE07T201019,WAIT,"Stage 2 + RS 94; wait because price is more than 20% above the 30-week line (currently +52%) — the guide treats that as poor entry timing, not a failed trend."
ROUTE,2026-08-24,493.25,-0.024511340282841187,0.008320501217665477,-0.21890266439234252,-0.42655140844380823,-0.13723125043683354,517.6501354060761,-1.398311217179271,Stage 4 — Declining,534.3153818167892,872.0426229622601,False,406.1171468902937,0.2335478679954102,1.0505875340599455,133721243.23367158,534.5891906738282,True,-4.713634506621956,False,-43.437397781719824,False,False,True,False,False,False,False,False,520.0499428304037,558.4396699523926,False,2.150725460051186,2,1.2086831720734021,23.603238355729225,0.16260595460589447,False,642.6973989895835,0.020978872265994663,0.03716733672260334,False,30.298509678577478,14.0,True,False,1,False,False,False,False,False,False,False,False,0,False,False,,Route Mobile Ltd.,Telecommunication,EQ,INE450U01017,SELL,Stage 4 takes precedence: the guide requires SELL regardless of RS.
RUBICON,2026-08-24,1776.0999755859375,,,,,,1096.9413161705281,6.5644906925244495,Stage 2 — Advancing,1497.7243724149816,,False,,0.9510809980518422,2.3043332606561004,713947347.2771301,1500.8171630859374,False,61.91385531783806,True,,True,True,True,True,False,False,False,False,1082.5342423502605,976.5449645996093,False,4.271610297796383,3,0.8997278853929426,30.56631028436394,1.2433354638885719,False,1820.0999755859375,0.07554095188941433,,False,2.4773380217791185,,True,False,4,True,True,False,True,True,False,False,False,4,False,False,,Rubicon Research Ltd.,Healthcare,EQ,INE506V01022,WAIT,"Stage 2 + RS unavailable; wait because price is more than 20% above the 30-week line (currently +62%) — the guide treats that as poor entry timing, not a failed trend."
SBFC,2026-08-24,92.2300033569336,0.01162668870546657,-0.04789923875388924,-0.12353891081714419,-0.1868993819201712,-0.0670168308160543,92.2948626688082,-0.6291809429556317,Stage 4 — Declining,92.42352908265357,123.0,False,79.5999984741211,0.5058750714679621,0.5608055591840355,142357926.62180862,92.41559967041016,True,-0.07027402175930897,False,-25.016257433387324,False,False,True,False,True,True,False,False,92.6001996866862,95.8904496383667,False,1.9849453678955453,2,0.33366979469808755,9.66649406253802,1.439431611707465,False,97.44999694824219,0.00392271963409502,0.004976754311636756,False,5.659756479794353,28.0,True,False,1,False,False,False,False,False,False,False,False,0,False,False,,SBFC Finance Ltd.,Financial Services,EQ,INE423Y01016,SELL,Stage 4 takes precedence: the guide requires SELL regardless of RS.
SBICARD,2026-08-24,650.2999877929688,0.048532691056913047,-0.1629319660154549,-0.2496513942118762,-0.20514224386435875,-0.10413204439557278,665.4557783571008,-1.7324491188005608,Stage 4 — Declining,630.9558823529412,961.6311031378486,False,565.4500122070312,1.6150763623352244,1.2697631643441736,1091356586.0932648,631.5569995117188,False,-2.277505291418336,False,-32.375316722700774,False,True,False,False,False,False,False,False,669.1212809244792,717.9782598876953,False,2.436236790559817,1,1.1650489373929922,13.98694542948353,1.647023045337708,False,674.2000122070312,0.027658510650758396,0.039680367612810935,False,3.6752306416575564,20.0,True,False,1,False,False,False,False,True,False,False,False,1,False,False,,SBI Cards and Payment Services Ltd.,Financial Services,EQ,INE018E01016,SELL,Stage 4 takes precedence: the guide requires SELL regardless of RS.
SBILIFE,2026-08-25,1755.0,-0.07723856276794538,-0.15246929409580068,-0.134692418320834,-0.04838660141551643,-0.09800508787360837,1874.8821018166739,-0.9023673452953407,Stage 4 — Declining,1819.0882352941176,2129.040438508761,False,1700.4000244140625,1.7861466120952596,0.44204310493079135,1654615372.7410767,1820.1180004882813,True,-6.394114152591978,False,-17.56849854720228,False,False,False,False,True,True,False,False,1879.004013671875,1915.1457586669922,False,1.678876678876679,2,1.1292585565996671,9.300259821719974,0.9098728097777974,False,1915.0,0.07432787397018101,0.08988540017244864,False,9.116809116809122,21.0,True,False,0,False,False,False,False,False,False,True,False,1,False,False,,SBI Life Insurance Company Ltd.,Financial Services,EQ,INE123W01016,SELL,Stage 4 takes precedence: the guide requires SELL regardless of RS.
SJVN,2026-08-25,65.86000061035156,-0.10851220693781083,-0.11906867280793065,-0.13662183216878054,-0.3211084543227617,-0.15876467463501892,71.72175326412672,-0.679245673352824,Stage 4 — Declining,69.3069450528014,99.04170637636334,False,62.68610889438828,0.5833466087164288,1.118740733681296,111937880.87459488,69.22749038696288,True,-8.172907642383365,False,-33.50276058443467,False,False,False,False,False,False,False,False,71.68036819458008,72.7593605041504,False,1.3021367701880664,3,0.4538720998969696,12.809644262028428,0.5756993894426343,False,75.09003832302183,0.0027893070228160997,0.004254727920830528,False,14.014633506121665,12.0,True,False,0,False,False,False,False,False,False,False,False,0,False,False,,SJVN Ltd.,Power,EQ,INE002L01015,SELL,Stage 4 takes precedence: the guide requires SELL regardless of RS.
SKFINDUS,2026-08-24,2748.10009765625,,,,,,2438.8928727774783,0.3724271847845184,Stage 2 — Advancing,2723.3472445618872,,False,,0.7530438454500669,1.471431773518419,129570121.2230835,2728.5448095703123,False,12.678179854887928,False,,True,True,True,True,False,False,False,False,2445.4794222005207,,False,3.8045498786485346,3,0.6107139631255504,19.48117382601435,1.4902825743152985,False,3018.3457066763153,0.11688198869315343,,False,9.833907041834022,,True,False,4,False,False,False,False,True,False,False,False,1,False,False,,SKF India (Industrial) Ltd.,Capital Goods,EQ,INE2J8701016,WAIT,Stage 2 + RS unavailable; wait for a clearer entry trigger; no breakout setup is present.
SKFINDIA,2026-08-25,1568.300048828125,-0.04334863874560746,-0.11734954664896169,-0.17508712540825844,-0.6449737456332993,-0.20482153903634687,1600.3863007009845,-0.6964378987995179,Stage 4 — Declining,1559.5590676700367,4953.039658667183,False,1370.529580184146,0.21199738073511554,4.603335165389374,217236192.09926757,1558.75560546875,False,-2.0049066815184258,False,-68.33661434380399,False,True,False,False,False,False,False,False,1603.9012573242187,1662.0899761962892,False,3.808947007179755,1,3.3421678930634884,16.97245152719422,5.900937943661317,False,1716.9000244140625,0.06642074551380375,0.21087787738641042,False,9.47522610210816,6.0,True,False,1,False,False,False,False,True,False,False,False,1,False,False,,SKF India Ltd.,Automobile and Auto Components,EQ,INE640A01023,SELL,Stage 4 takes precedence: the guide requires SELL regardless of RS.
SKYGOLD,2026-08-25,842.2999877929688,0.7390316448410488,1.3267955463894165,1.4960733659010912,1.7294231080165008,1.2060710619978214,488.6654096629522,6.908726374629448,Stage 2 — Advancing,645.3794088924633,849.9000244140625,True,259.0,1.1241062415531484,2.9964724382494228,1061209122.3210388,647.6869970703125,False,72.3674258781544,True,-0.8942271329305251,True,True,True,True,False,False,False,False,484.0723321533203,446.83674896240234,True,4.550891396829545,2,0.9485035775393243,42.875634068287845,0.7768553281716368,False,849.9000244140625,0.03567314378219987,0.03567314378219987,True,0.9022957059524161,98.0,True,True,5,True,True,True,True,True,True,True,True,8,True,False,,SKY GOLD AND DIAMONDS Ltd.,Consumer Durables,EQ,INE01IU01018,WAIT,"Stage 2 + RS 98; wait because price is more than 20% above the 30-week line (currently +72%) — the guide treats that as poor entry timing, not a failed trend."
SMLMAH,2026-08-25,5192.0,0.3517528858282719,0.06189907999244215,0.8451271663817823,0.11195553272129088,0.34449751015041186,4185.331547985338,1.922780903354293,Stage 2 — Advancing,4520.488491881128,5987.89990234375,False,2703.052088847761,0.18082613840929512,3.1587970634163987,1742857402.900415,4532.58033203125,False,24.052298855492914,True,-13.291803726248386,True,True,True,True,False,False,False,False,4173.482797851562,4024.302420654297,True,4.86393902707462,1,1.354246155785215,37.10649707878495,0.6576148767184303,False,5987.89990234375,0.219891921169903,0.2493095717279312,False,15.329350969640787,87.0,True,True,5,True,True,True,True,True,True,True,True,8,True,False,,SML Mahindra Ltd.,Capital Goods,EQ,INE294B01019,WAIT,"Stage 2 + RS 87; wait because price is more than 20% above the 30-week line (currently +24%) — the guide treats that as poor entry timing, not a failed trend."
SHRIPISTON,2026-08-24,4746.7998046875,0.46068918948766746,0.49280634256191647,0.8336479810143809,0.8155352525156223,0.6126735910134509,3567.645309132543,3.1058246737654116,Stage 2 — Advancing,4235.032341452206,4785.7998046875,True,2477.934776842253,2.6440837520089726,5.943603227386384,302339673.2435303,4244.9847265625,False,33.05133760176577,True,-0.8149108109746006,True,True,True,True,False,False,True,True,3542.0603450520834,3389.3852978515624,True,3.397775686574082,3,0.9533583326597852,23.406755146599345,1.1648945416402419,False,4785.7998046875,0.2018905357826406,0.2018905357826406,True,0.8216061684650722,95.0,True,True,5,True,True,True,True,True,True,True,True,8,True,False,,SPR Auto Technologies Ltd.,Automobile and Auto Components,EQ,INE526E01018,WAIT,"Stage 2 + RS 95; wait because price is more than 20% above the 30-week line (currently +33%) — the guide treats that as poor entry timing, not a failed trend."
SRF,2026-08-25,2575.0,-0.04836122645839458,-0.013387627945211755,-0.0748604970993344,-0.1123209568404443,-0.05945830696035592,2653.2517206897473,-0.7052307483330855,Stage 4 — Declining,2694.5073720894607,3198.0092293385956,False,2350.533958547856,0.9386827117973526,0.5221304949151244,745689643.9883912,2693.6215966796876,True,-2.949276168542525,False,-19.481157953613682,False,False,True,False,True,True,False,False,2655.6221647135417,2729.6393212890625,False,1.5619974969660193,2,0.8004054308829469,14.197547433026752,0.4681530511727444,False,2964.3674789070474,0.10905656722120574,0.13487145023326796,False,15.12106714202126,30.0,True,False,1,False,False,False,False,False,False,True,False,1,False,False,,SRF Ltd.,Chemicals,EQ,INE647A01010,SELL,Stage 4 takes precedence: the guide requires SELL regardless of RS.
LOTUSDEV,2026-08-24,173.0500030517578,0.24595005984754392,0.2268698993807019,0.03325774699254347,-0.09780509225597156,0.13084453476247235,145.51801409786694,1.008654633902606,Stage 2 — Advancing,161.42235370710785,207.5,False,102.19999694824219,0.44417794186613324,0.8152835702312999,565777944.4131454,161.79160064697265,False,18.91998672781121,False,-16.602408167827566,True,True,True,True,False,False,False,False,145.50460037231446,149.61825023651124,False,4.592397864462377,2,0.9793561597546395,33.971086984657376,0.3642192450390241,False,207.5,0.007360149842174989,0.008592935509522868,False,19.907539058487323,66.0,True,True,5,True,False,False,True,True,True,True,False,5,False,False,,SRI LOTUS DEVELOPERS AND REALTY Ltd.,Realty,BE,INE0V9Q01010,HOLD,Stage 2 + RS 66; trend/leadership is adequate without a stronger entry trigger.
SAATVIKGL,2026-08-24,421.6000061035156,,,,,,429.5270542510568,0.47619107310870046,Stage 1 — Basing,444.4617650649127,,False,,0.6310942228832905,1.2690328184665332,64922363.8422821,443.9550006103516,True,-1.845529418714531,False,,False,False,True,True,False,False,False,False,427.85199951171876,422.6322497558594,False,4.061906445031759,2,1.6458141903401995,21.967543162873987,2.0767645975886078,False,493.0,0.01793146006160816,,False,16.935482178089313,,True,False,2,False,True,False,True,False,False,False,False,2,False,False,1.0,Saatvik Green Energy Ltd.,Capital Goods,EQ,INE13B501022,AVOID,Stage 1 + RS unavailable; weak RS in a basing stage is AVOID.
SAFARI,2026-08-24,1495.0999755859375,-0.019686220742023197,-0.20069459708226678,-0.37179938668695867,-0.2560361504505625,-0.17358051514076686,1618.1778833849676,-1.9169558797491937,Stage 4 — Declining,1576.7863697725184,2504.019782423858,False,1361.4252325150483,0.44610483506943693,0.21633710394705016,68431549.09549561,1575.6422973632812,True,-7.605956617178011,False,-40.29200623412406,False,False,False,False,True,True,False,False,1630.5390608723958,1784.489409790039,False,2.027575944964282,3,0.4496053082891163,13.611633343097612,0.35932144847391784,False,1700.807765776561,0.06358948081644018,0.10409915099725167,False,13.758798311130027,9.0,True,False,0,False,False,False,False,False,False,False,False,0,False,False,,Safari Industries (India) Ltd.,Consumer Durables,EQ,INE429E01023,SELL,Stage 4 takes precedence: the guide requires SELL regardless of RS.
SAGILITY,2026-08-25,43.02000045776367,0.03154388365270444,0.008620659585815149,-0.1378017491467609,-0.055337322537046485,-0.024286128958516673,42.17229571407788,-1.3186478912148414,Stage 3 — Topping,41.79344483917835,57.700033807096844,False,35.748125066049155,0.6551560365177568,1.5286855014664353,887180510.3673546,41.83194007873535,False,2.0100986425616973,False,-25.44198396557541,True,True,False,False,False,False,False,False,42.42707511901855,44.51697227478027,False,2.2478014198315117,2,0.9449923390806018,16.695502055978714,0.5961758757271228,False,46.134335508432706,0.0018219858531178274,0.002298174863754412,False,7.239272472176372,36.0,True,False,2,False,False,False,False,True,False,False,False,1,False,False,,Sagility Ltd.,Information Technology,EQ,INE0W2G01015,SELL,Stage 3 + RS 36; RS below 50 in Stage 3 triggers SELL.
SAILIFE,2026-08-24,1435.9000244140625,0.28919012521577114,0.5228550082033991,0.6247807914161951,0.5508154083079795,0.45536629167182324,1116.2722590198255,3.549076907962667,Stage 2 — Advancing,1303.0196150237439,1485.0,False,783.8499755859375,0.5599213110206723,2.396933626315383,778882951.2432617,1304.9220068359375,False,28.633495351294957,True,-3.3063956623526902,True,True,True,True,False,False,False,False,1108.5576652018228,1055.094998474121,True,3.6482843609500293,2,0.8123670326997415,20.451175163089225,0.791424628052852,False,1485.0,0.06107159290201974,0.06258678832225927,False,3.4194564211372125,91.0,True,True,5,True,True,True,True,True,True,True,True,8,True,False,,Sai Life Sciences Ltd.,Healthcare,EQ,INE570L01029,WAIT,"Stage 2 + RS 91; wait because price is more than 20% above the 30-week line (currently +29%) — the guide treats that as poor entry timing, not a failed trend."
SAMHI,2026-08-24,159.5800018310547,0.06329957278847953,-0.015728137759577265,-0.09344996342848866,-0.23634971096873048,-0.04378573331596747,162.79657567690498,-0.8287548329353522,Stage 4 — Declining,171.85470610973883,222.0,False,127.0,1.0582824383009037,0.9835771771680788,161763942.07385102,171.92680023193358,True,-1.975824019931527,False,-28.11711629231771,False,False,True,False,False,False,False,False,163.20120045979817,168.59115028381348,False,2.7688754364383663,2,0.5874714809391508,16.373581663382332,0.589284480663246,False,188.22999572753906,0.006787244753412855,0.009563338211798377,False,17.95337358550464,33.0,True,False,1,False,False,False,True,False,False,False,False,1,False,False,,Samhi Hotels Ltd.,Consumer Services,EQ,INE08U801020,SELL,Stage 4 takes precedence: the guide requires SELL regardless of RS.
SAMMAANCAP,2026-08-25,149.97000122070312,-0.11028711798259538,-0.0504622077846294,-0.011664717334814334,0.24044664456519227,-0.008450903303888445,155.97075349990635,0.5005940343475457,Stage 1 — Basing,164.31490161372167,192.9499969482422,False,116.69999694824219,0.36872068957906573,0.7787952130924534,1291132312.6484017,164.00119964599608,True,-3.847357369602522,False,-22.275198967257936,False,False,True,True,False,False,False,False,155.5107334391276,154.5371501159668,False,3.859342480922481,2,1.54161851545246,20.721703204612776,1.0230452226878877,False,182.89999389648438,0.006351539230792201,0.008202854706627629,False,21.95771981579162,40.0,True,False,2,False,True,False,True,False,False,True,False,3,False,False,1.0,Sammaan Capital Ltd.,Financial Services,EQ,INE148I01020,AVOID,Stage 1 + RS 40; weak RS in a basing stage is AVOID.
MOTHERSON,2026-08-25,166.4499969482422,0.22683649549611262,0.2553048109326983,0.5176192039337322,0.7611541039123619,0.39755022195420353,134.89666126198964,2.9033783588829687,Stage 2 — Advancing,152.15162598853018,173.27000427246094,False,90.66054722372972,0.4306735855143424,2.0337745993701146,3433232946.022812,152.2477813720703,False,23.39074621348205,True,-3.9360576880315246,True,True,True,True,False,False,False,False,134.20062103271485,129.44812835693358,True,2.55975669437066,3,0.5465613728262695,21.236941458522228,0.5014718975001927,True,173.27000427246094,0.007049501080060375,0.007281644686820335,False,4.097330999855431,89.0,True,True,5,True,True,True,True,True,True,True,True,8,True,False,,Samvardhana Motherson International Ltd.,Automobile and Auto Components,EQ,INE775A01035,WAIT,"Stage 2 + RS 89; wait because price is more than 20% above the 30-week line (currently +23%) — the guide treats that as poor entry timing, not a failed trend."
SANDUMA,2026-08-25,205.10000610351562,-0.11538173227817883,-0.03504501960824857,0.03250626677499646,0.38642277855899,0.030624112233876045,207.6053441713934,-0.6448418959103752,Stage 4 — Declining,204.2913734585631,272.33215508462166,False,140.6390852275007,0.9865272852216448,0.8875806517415712,166695098.77840346,204.0807369995117,False,-1.2067791789644122,False,-24.687554416853573,False,True,False,False,False,False,False,False,207.73404307047525,210.80324943542482,False,2.836323181883856,3,0.7472851341124179,13.181817445610497,0.6206624644147154,False,219.46181130471902,0.008686408777746703,0.010957402338887246,False,7.002342649348758,49.0,True,False,1,False,False,False,False,True,True,True,False,3,False,False,,Sandur Manganese & Iron Ores Ltd.,Metals & Mining,EQ,INE149K01016,SELL,Stage 4 takes precedence: the guide requires SELL regardless of RS.
SANOFICONR,2026-08-24,4220.60009765625,-0.09493972679161078,0.07152166422632522,-0.11110282705818042,-0.17004593471969642,-0.07990131022695464,4459.905174777932,0.34661928463577407,Stage 1 — Basing,4565.553538602941,5275.810550953666,False,3914.755837704811,0.3640933516128524,3.490157971686339,58461209.2739502,4563.89333984375,True,-5.365698770346561,False,-20.00091631619855,False,False,True,True,False,False,False,False,4448.27314453125,4462.865159912109,False,1.912387198319097,2,1.3095107995797477,15.120763141871322,0.3410799835020146,False,4927.0,0.17951024903106957,0.22734374660356507,False,16.736954129722513,25.0,True,False,2,False,False,False,True,False,False,True,False,2,False,False,2.0,Sanofi Consumer Healthcare India Ltd.,Healthcare,EQ,INE0UOS01011,AVOID,Stage 1 + RS 25; weak RS in a basing stage is AVOID.
SANSERA,2026-08-25,3790.5,0.30472947256901195,0.6106484903925773,1.2826087292109793,1.9530983505249937,0.8911629030533149,2715.420548948523,5.443482181769843,Stage 2 — Advancing,3382.001962699142,4040.39990234375,False,1238.5663892297234,0.2606266927980892,1.714871945581352,996464017.2890015,3392.8660009765626,False,39.59163715792657,True,-6.185028917528401,True,True,True,True,False,False,False,False,2688.5740014648436,2443.130499267578,True,4.0028637515428604,2,0.8097760450494232,29.630729138405453,1.09293245266035,False,4040.39990234375,0.16053550215610887,0.17054923589198717,False,6.592795207591351,97.0,True,True,5,True,True,True,True,True,True,True,True,8,True,False,,Sansera Engineering Ltd.,Automobile and Auto Components,EQ,INE953O01021,WAIT,"Stage 2 + RS 97; wait because price is more than 20% above the 30-week line (currently +40%) — the guide treats that as poor entry timing, not a failed trend."
SAPPHIRE,2026-08-24,249.3000030517578,0.38101039857879915,0.158995797200413,-0.020624631455740006,-0.2376146695664899,0.1325554586671563,188.3586301411668,0.911429807125641,Stage 2 — Advancing,196.71901987113205,347.8999938964844,False,139.91000366210938,0.5742675269378626,3.973298455362749,785122860.9180076,197.18440032958983,False,32.353905347962055,True,-28.34147530168236,True,True,True,True,False,False,False,False,188.7747332763672,202.59180000305176,False,4.52065775164356,2,1.3560399980487314,31.429258357974387,1.3218280533270261,False,250.69000244140625,0.010603209163578119,0.014559530211641913,False,0.557560919628175,66.0,True,True,5,True,False,False,False,True,True,False,False,3,False,False,,Sapphire Foods India Ltd.,Consumer Services,EQ,INE806T01020,HOLD,Stage 2 + RS 66; trend/leadership is adequate without a stronger entry trigger.
SARDAEN,2026-08-25,506.5,-0.06518992475104768,-0.04463887712059533,0.03976122254478054,-0.14374662853619347,-0.05580082652282073,526.0222274571249,0.4245694679746226,Stage 1 — Basing,506.38937916475186,637.3049486596227,False,451.3682929916116,0.2786906086795269,6.575632962702738,800932883.5419571,506.0871826171875,False,-3.711293256845527,False,-20.524703116574127,False,True,False,True,False,False,False,False,524.3293131510417,518.4145207214356,False,2.715742081197617,1,1.354824082351261,10.064518580980376,9.291275663464164,False,540.4266194815406,0.02145132089224882,0.026867720479888346,False,6.698246689346599,30.0,True,False,2,False,True,False,False,True,False,True,False,3,False,False,2.0,Sarda Energy and Minerals Ltd.,Metals & Mining,EQ,INE385C01021,AVOID,Stage 1 + RS 30; weak RS in a basing stage is AVOID.
SAREGAMA,2026-08-25,504.70001220703125,0.26936620839898073,0.517438373257133,0.36074419118995604,0.04684498721511732,0.2927519936920336,408.89314938897957,2.848143790747959,Stage 2 — Advancing,499.9303923962163,574.5,False,307.04998779296875,0.2628434038605546,2.1383456987820377,453341205.4813965,500.63800048828125,False,23.43078209092486,True,-12.149693262483686,True,True,True,True,False,False,False,False,406.7933321126302,397.8177777099609,True,3.8799576594420104,2,0.605748214552682,22.828545499823218,0.4529780506052338,False,574.5,0.021375087692349307,0.02347744129199656,False,13.829995265452123,83.0,True,True,5,True,True,True,True,True,True,True,True,8,True,False,,Saregama India Ltd,Media Entertainment & Publication,EQ,INE979A01025,WAIT,"Stage 2 + RS 83; wait because price is more than 20% above the 30-week line (currently +23%) — the guide treats that as poor entry timing, not a failed trend."
SCHAEFFLER,2026-08-24,4020.39990234375,-0.012696199521779139,-0.007667582616241231,0.019897199926769638,0.026821217758597582,0.0027316872051135416,4037.5947014795593,0.5885291745304055,Stage 1 — Basing,4123.066698261336,4445.0,False,3489.687030472257,1.320669007391173,0.9484448099337739,280774901.3751953,4124.704033203125,True,-0.4258673890548792,False,-9.552308158745781,False,False,True,True,False,False,False,False,4025.9124039713543,3986.500860595703,True,2.2798002507198007,2,0.5650332300705624,10.812822360436893,1.123825150405991,False,4429.0,0.17099534923362786,0.19469028291048854,False,10.163170519879138,43.0,True,False,2,False,True,True,True,False,False,True,False,4,False,False,2.0,Schaeffler India Ltd.,Automobile and Auto Components,EQ,INE513A01022,AVOID,Stage 1 + RS 43; weak RS in a basing stage is AVOID.
SCHNEIDER,2026-08-25,1146.4000244140625,-0.1599618484417452,0.3160372592628613,0.6054898732754395,0.33613056458515445,0.18754680004799296,1136.134248916417,3.8091514329836818,Stage 2 — Advancing,1348.2196140663298,1548.0,False,571.8499755859375,0.6622816419193936,0.6627700966919876,666631649.9427735,1351.556005859375,True,0.9035706394236787,False,-25.943150877644538,True,False,True,True,True,False,False,False,1121.7983357747396,1021.9685025024414,True,5.815099136567953,2,1.1465425446850255,26.686044934492088,1.3254785240942406,False,1548.0,0.04855240828151616,0.06533074288498125,False,35.03139977611214,72.0,True,True,4,True,True,True,True,False,True,False,True,6,False,False,,Schneider Electric Infrastructure Ltd.,Capital Goods,EQ,INE839M01018,REDUCE,Stage 2 + RS 72; distribution warning (U/D 0.66) triggers REDUCE.
SENCO,2026-08-24,371.75,0.07150281089624277,0.15444927437890144,0.1817484127673219,-0.01393626573095541,0.0930534086415507,335.4364864401621,0.513890667454886,Stage 2 — Advancing,359.753059536803,428.75506028088586,False,275.20093917748864,2.472476354425669,0.8350983226259281,701214085.1360565,359.9643981933594,False,10.825749442231825,False,-13.295483963160859,True,True,True,True,False,False,False,False,334.79233439127603,331.1860928344727,True,4.904520981219134,1,1.9943021988442702,25.79069436738154,1.2488799342510617,False,428.75506028088586,0.015811243314512956,0.018059257024330474,False,15.334246208711733,60.0,True,True,5,True,True,True,True,True,True,True,False,7,False,False,,Senco Gold Ltd.,Consumer Durables,EQ,INE602W01027,HOLD,Stage 2 + RS 60; trend/leadership is adequate without a stronger entry trigger.
STYL,2026-08-24,387.45001220703125,,,,,,286.1650054095543,3.427540047299993,Stage 2 — Advancing,356.01204307406556,,False,,0.25353730077671227,1.7080796823196658,67889483.279068,357.4293054199219,False,35.39391780365306,True,,True,True,True,True,False,False,False,False,284.9861841837565,288.16901863098144,False,5.104429085025239,2,1.4226142953902465,34.40129097825655,0.6584858249398083,False,431.1268868805509,0.016478995064469096,,False,11.272905742013805,,True,False,4,True,False,False,True,True,False,False,False,3,False,False,,Seshaasai Technologies Ltd.,Financial Services,EQ,INE04VU01023,WAIT,"Stage 2 + RS unavailable; wait because price is more than 20% above the 30-week line (currently +35%) — the guide treats that as poor entry timing, not a failed trend."
SHAILY,2026-08-24,3268.800048828125,0.21282283617096698,0.6801850675035337,0.3083574193873697,0.5553613887632993,0.39390990959922734,2548.773973438838,3.451968336155131,Stage 2 — Advancing,3002.782341452206,3615.199951171875,False,1770.9000244140625,0.3704188262862683,1.895152351651291,655356689.0959107,3003.875986328125,False,28.24989908453197,True,-9.581763305552816,True,True,True,True,False,False,False,False,2534.69466796875,2505.7000024414065,True,4.366391357258117,2,0.7899886659319147,27.30969412931336,0.5390193311822542,False,3615.199951171875,0.13902836023809903,0.14601908460125648,False,10.597157891867237,89.0,True,True,5,True,True,True,True,True,True,True,True,8,True,False,,Shaily Engineering Plastics Ltd.,Consumer Durables,EQ,INE151G01028,WAIT,"Stage 2 + RS 89; wait because price is more than 20% above the 30-week line (currently +28%) — the guide treats that as poor entry timing, not a failed trend."
SHAKTIPUMP,2026-08-25,491.95001220703125,-0.03570383874410621,-0.06612358123091355,-0.27875332677240394,-0.40721817576875996,-0.16470055225205799,539.8221004956389,-2.0810385052510982,Stage 4 — Declining,540.6426529229856,912.1978482724178,False,455.4704698872696,0.21417412773455827,0.43184866129441485,170115358.22338408,540.5086444091797,True,-8.86812308066931,False,-46.06981225194517,False,False,True,False,True,True,False,False,542.7194514973959,580.9352908325195,False,1.8548632530900018,2,0.45233222787824195,21.057053328757043,0.29457079993008134,False,620.7014314281929,0.020835098864360812,0.038078914951102154,False,26.17164671742669,11.0,True,False,1,False,False,False,False,False,False,False,False,0,False,False,,Shakti Pumps (India) Ltd.,Capital Goods,EQ,INE908D01010,SELL,Stage 4 takes precedence: the guide requires SELL regardless of RS.
SHARDACROP,2026-08-25,767.4000244140625,-0.18146539329475253,-0.34744408182924147,-0.05687933887620322,-0.2028683365556313,-0.1940245087701162,964.3061851764547,-0.29314596868058596,Stage 4 — Declining,849.81202248966,1282.80960014975,False,743.4273285628773,0.9528892420989166,0.3076979616871876,185869870.19779357,848.710458984375,True,-20.419464666853827,False,-40.178181990181606,False,False,False,False,True,True,False,False,958.6999169921875,926.0896917724609,False,2.374587184249418,1,1.2142564846056318,18.31219583717814,0.8566757748126523,False,926.6989212871135,0.032500975669152284,0.053285727492689755,False,20.75826059488093,7.0,True,False,0,False,True,False,False,False,False,False,False,1,False,False,,Sharda Cropchem Ltd.,Chemicals,EQ,INE221J01015,SELL,Stage 4 takes precedence: the guide requires SELL regardless of RS.
SHAREINDIA,2026-08-24,173.52999877929688,0.22926996415135226,0.2991024083365814,0.07208882251400639,0.1506735244238544,0.19608093671542934,147.12326410371963,1.2771868310995638,Stage 2 — Advancing,164.2943722594018,209.3574059154358,False,115.03003922161069,0.05017256712590539,0.9015634882877916,82464547.27871628,164.81818267822266,False,17.948714526181874,False,-17.113035471317616,True,True,True,True,False,False,False,False,147.00989262898764,151.36576732635498,False,3.1604250940310274,3,1.2258547530580142,32.70165586155939,0.09811895545171209,False,196.79549498357252,0.007380564984711766,0.008613861007237057,False,13.407189746981874,74.0,True,True,5,True,False,False,True,True,True,True,True,6,False,False,,Share India Securities Ltd.,Financial Services,EQ,INE932X01026,HOLD,Stage 2 + RS 74; trend/leadership is adequate without a stronger entry trigger.
SFL,2026-08-24,656.1500244140625,0.029032775265373845,0.18204092780601022,0.09900056675850943,-0.0631149898296931,0.05519841105311485,619.4234426838078,1.3868057018453062,Stage 2 — Advancing,733.5223376704197,832.4500122070312,False,456.183017738798,0.3469094935942996,0.7813882575146734,226298561.44546205,734.0199536132812,True,5.92915592137222,False,-21.17844737914698,True,False,True,True,False,False,False,False,617.1009517415365,612.2086776733398,True,4.343517521948165,2,1.088130977264159,21.43672407835229,0.5847536698547493,False,832.4500122070312,0.02790732397265463,0.0348693628275119,False,26.86885334651987,54.0,True,True,4,True,True,True,True,False,True,True,False,6,False,False,,Sheela Foam Ltd.,Consumer Durables,EQ,INE916U01025,HOLD,Stage 2 + RS 54; trend/leadership is adequate without a stronger entry trigger.
SHILPAMED,2026-08-25,861.5499877929688,0.6822219012459203,1.6310885804708755,1.4556077320938536,1.0319036994386064,1.0966087628990353,488.09143735284675,7.885571500478905,Stage 2 — Advancing,660.7686252967984,869.0,True,259.5,0.6240143210999445,17.223426817891927,2536900653.283362,662.9349975585938,False,76.51405492084973,True,-0.8573086544339747,True,True,True,True,False,False,False,False,482.3319991048177,445.0559991455078,True,3.7602508545615247,2,0.9436941627490142,37.68699654775604,0.5963289612285436,False,869.0,0.03648842103230015,0.03648842103230015,True,0.8647219908987536,98.0,True,True,5,True,True,True,True,True,True,True,True,8,True,False,,Shilpa Medicare Ltd.,Healthcare,EQ,INE790G01031,WAIT,"Stage 2 + RS 98; wait because price is more than 20% above the 30-week line (currently +77%) — the guide treats that as poor entry timing, not a failed trend."
SCI,2026-08-25,288.1000061035156,-0.048389740368239065,0.0858585788875692,0.2557536714701776,0.418295661444118,0.13262568621307735,279.8318280781785,1.9772628446409923,Stage 2 — Advancing,294.2068619073606,368.75,False,193.00434197829298,0.5001363227840735,0.727142217578157,881072805.7062622,293.9189990234375,True,2.9546953547497035,False,-21.871184785487287,True,False,True,True,False,False,False,False,277.73270914713544,264.9615566253662,True,3.1648257734144853,1,0.7906943718565802,21.151511452414773,0.37670605325166967,False,330.0,0.01220163016778945,0.015346566621663995,False,14.54355883679832,66.0,True,True,4,True,True,True,True,False,True,True,False,6,False,False,,Shipping Corporation of India Ltd.,Services,EQ,INE109A01011,HOLD,Stage 2 + RS 66; trend/leadership is adequate without a stronger entry trigger.
SHREECEM,2026-08-25,24440.0,-0.03358205958185079,-0.08790149877325393,-0.0737657666513396,-0.18131045494122033,-0.0820283679059031,25289.464897260274,-0.6779534645255714,Stage 4 — Declining,25868.919309129902,30583.60891452037,False,22491.53768306518,5.35886762165177,0.6436139886026546,781043394.25,25890.1872265625,True,-3.35896746218739,False,-20.087913534636947,False,False,True,False,True,False,False,False,25340.028138020833,25643.690185546875,False,2.0326747720364744,3,1.0936375678392243,13.321234119782213,1.388413793767358,False,27550.0,1.0350844671402983,1.325254789856366,False,12.725040916530283,24.0,True,False,1,False,False,False,True,False,False,True,False,2,False,False,,Shree Cement Ltd.,Construction Materials,EQ,INE070A01015,SELL,Stage 4 takes precedence: the guide requires SELL regardless of RS.
RENUKA,2026-08-25,24.670000076293945,0.042688091098711745,0.06519862861961823,-0.08016404336295291,-0.16088434025880383,-0.018094714560943005,24.339315009443727,-0.15416841066973053,Stage 3 — Topping,22.763137181599934,33.5,False,21.049999237060547,3.969292318623366,2.8709469450411698,576112124.2954847,22.743399925231934,False,1.358645741352671,False,-26.358208727480758,True,True,False,False,False,False,False,False,24.315133272806804,24.883549947738647,False,4.7976141188199,2,3.154651494585171,22.326590451735672,7.507268556624139,False,27.68000030517578,0.0010448254453077675,0.0014275403561403615,False,12.201054801674793,38.0,True,False,2,False,False,False,False,True,False,False,False,1,False,False,,Shree Renuka Sugars Ltd.,Fast Moving Consumer Goods,EQ,INE087H01022,SELL,Stage 3 + RS 38; RS below 50 in Stage 3 triggers SELL.
SHRIRAMFIN,2026-08-25,1138.5,0.19022829212315662,0.054369738095173537,0.36586950359740844,0.8553870696323789,0.33121657911425484,1008.0892676784567,0.9225128963497031,Stage 2 — Advancing,1060.21712957644,1153.699951171875,True,559.901669759886,0.4903408902303536,1.7627325003609353,4657198951.283429,1061.4196154785157,False,12.936427011257457,False,-1.3174960401476699,True,True,True,True,False,False,False,False,1007.6078796386719,978.8630892944336,True,2.102391741806654,1,0.614115161351163,15.48629505731906,0.4960237973812328,False,1153.699951171875,0.04821782593450204,0.04821782593450204,True,1.3350857419301754,86.0,True,True,5,True,True,True,True,True,True,True,True,8,True,False,,Shriram Finance Ltd.,Financial Services,EQ,INE721A01047,HOLD,Stage 2 + RS 86; trend/leadership is adequate without a stronger entry trigger.
SHYAMMETL,2026-08-24,1001.0,0.060781896964785975,0.21002413646509765,0.23841731254784126,0.06958407588338722,0.12791786376517963,906.7063569369382,1.3109703834712105,Stage 2 — Advancing,990.6485428155637,1085.2199244205422,False,742.7285204868352,0.3523591282401433,0.5965929193056718,406102686.35006106,991.1495764160156,False,10.399578909053563,False,-7.760631971949072,True,True,True,True,True,True,False,False,903.8897615559896,883.0159323120117,True,2.122769686885082,3,0.5350533034347277,15.954124210358705,0.6659683568121679,True,1085.2199244205422,0.042574457452125,0.04530589142913013,False,8.413578863191029,65.0,True,True,5,True,True,True,True,True,True,True,False,7,False,False,,Shyam Metalics and Energy Ltd.,Capital Goods,EQ,INE810G01011,REDUCE,Stage 2 + RS 65; distribution warning (U/D 0.60) triggers REDUCE.
ENRIN,2026-08-24,3485.699951171875,-0.006441894177152574,0.1991536716043243,0.10383757056304699,0.03477409557455058,0.06497630987752334,3170.6421517150043,2.5090403713909915,Stage 2 — Advancing,3480.6333295036766,3968.0,False,2111.5907386684353,0.8240251015990989,1.9096019917328093,2801725967.769226,3479.227998046875,False,9.936718947814892,False,-12.154739133773306,True,True,True,True,False,False,False,False,3146.261212565104,3081.6058569335937,True,3.7442775928744023,2,0.6528710082005112,21.35348533713811,0.5252918438889178,False,3909.89990234375,0.14825353073130987,0.1709008296621905,False,12.169720776719783,56.0,True,True,5,True,True,True,True,True,True,True,False,7,False,False,,Siemens Energy India Ltd.,Capital Goods,EQ,INE1NPP01017,HOLD,Stage 2 + RS 56; trend/leadership is adequate without a stronger entry trigger.
SIEMENS,2026-08-25,4090.5,0.12081815161169018,0.22675199445179994,0.29219468256806547,0.29893214238173926,0.211903024524997,3519.3711138163526,1.9047923395561828,Stage 2 — Advancing,3727.269157858456,4149.39990234375,True,2812.180840788319,1.6370034416093011,2.335681704613195,1840671933.2023683,3729.4322314453125,False,16.22815178375219,False,-1.4194800146999809,True,True,True,True,False,False,True,True,3502.2223079427085,3407.118096923828,True,2.3797301217596956,2,0.9817598211420757,18.506685850184407,1.1180964641423292,False,4149.39990234375,0.1732411216381911,0.17497634161642583,False,1.4399193825632484,76.0,True,True,5,True,True,True,True,True,True,True,True,8,True,False,,Siemens Ltd.,Capital Goods,EQ,INE003A01024,WAIT,"Stage 2 + RS 76; wait because a breakout without leadership is not an entry: RS needs 80, short by 4."
SIGNATURE,2026-08-24,795.4000244140625,-0.03011821961612371,-0.14574154734187328,-0.2820003706847023,-0.2910241491174955,-0.1558005012752637,835.8613811624462,-0.7935249751497397,Stage 4 — Declining,795.7794117647059,1158.0,False,705.2000122070312,0.4536846675296755,1.0317208419291626,174989026.22931823,795.9330004882812,True,-4.840677851644893,False,-31.312605836436745,False,False,False,False,False,False,False,False,837.8260013834636,903.0805026245117,False,2.294444621422543,3,0.4858639200450165,18.70824053452116,0.39738674097041904,False,898.0,0.03382989460223346,0.04904550476262206,False,12.899166763480864,12.0,True,False,0,False,False,False,False,False,False,False,False,0,False,False,,Signatureglobal (India) Ltd.,Realty,EQ,INE903U01023,SELL,Stage 4 takes precedence: the guide requires SELL regardless of RS.
SKIPPER,2026-08-25,549.2000122070312,0.14333299724925674,0.49993178031377394,0.17639499845107842,0.0051258879795537116,0.19362373224858395,463.6796559300916,2.5725691639905124,Stage 2 — Advancing,541.9882369695925,593.0,False,327.04998779296875,1.781279986494794,2.2955981101488248,435236122.3003662,541.7440014648438,False,18.443844836236135,False,-7.386169948224075,True,True,True,True,False,False,False,False,459.9420007324219,456.7925001525879,True,4.412914015701517,1,1.569953675642473,15.126477606581998,1.3771142363048092,False,593.0,0.023259754582191504,0.0255426129946274,False,7.975234307980594,74.0,True,True,5,True,True,True,True,True,True,True,True,8,True,False,,Skipper Ltd.,Capital Goods,EQ,INE439E01022,HOLD,Stage 2 + RS 74; trend/leadership is adequate without a stronger entry trigger.
SMARTWORKS,2026-08-25,540.25,0.1826839195207084,0.2985218503811966,0.06547680308906156,0.10142711518858305,0.1661587215400516,447.6448623448202,0.9036126559379687,Stage 2 — Advancing,483.1156837612975,619.0,False,361.5,3.7772886669492935,1.3988527076503428,69484261.60140686,483.1469976806641,False,20.687188761667553,True,-12.722132471728598,True,True,True,True,False,False,False,False,447.49399943033853,459.6884994506836,False,3.6424943615410363,2,2.41915336763037,20.751898495283022,1.4807940039533416,False,567.9000244140625,0.02288070308398307,0.02603719704471748,False,5.1180054445280065,70.0,True,True,5,True,False,False,True,True,True,True,True,6,False,False,,Smartworks Coworking Spaces Ltd.,Services,EQ,INE0NAZ01010,HOLD,Stage 2 + RS 70; trend/leadership is adequate without a stronger entry trigger.
SOBHA,2026-08-24,1289.0999755859375,-0.05992894480091726,-0.11075576994101688,-0.14669136772508873,-0.12458820159915507,-0.10037864577341904,1378.4811317757385,-0.642715350051204,Stage 4 — Declining,1391.710942287071,1724.929636640264,False,1125.387113140645,0.3516303815739633,0.3790675068118313,119069557.12949829,1392.1633984375,True,-6.4840318905679535,False,-25.26651822756173,False,False,True,False,True,True,False,False,1378.5925032552084,1413.9208807373047,False,2.557157124855772,1,1.2058154213439536,18.691888425777492,0.49603029282468397,False,1559.5,0.05482790415796091,0.07203006819392631,False,20.97587693236569,20.0,True,False,1,False,False,False,False,False,False,False,False,0,False,False,,Sobha Ltd.,Realty,EQ,INE671H01015,SELL,Stage 4 takes precedence: the guide requires SELL regardless of RS.
SOLARINDS,2026-08-25,19800.0,0.07807034596172402,0.4720037450600332,0.49330659082683526,0.35196526467084555,0.29468325849623245,16284.332639929366,2.8002484304625153,Stage 2 — Advancing,18585.24103860294,20422.0,False,11639.12322904721,0.40905561621616726,1.4342088616154591,2740752365.45,18619.1654296875,False,21.5892627460224,True,-3.0457349916756415,True,True,True,True,False,False,False,False,16187.844205729167,15371.689243164063,True,2.776334776334776,2,0.8770006587045867,17.627752045967668,1.719534029423156,False,20422.0,0.8385708858174267,0.8639934417657573,False,3.141414141414134,83.0,True,True,5,True,True,True,True,True,True,True,True,8,True,False,,Solar Industries India Ltd.,Chemicals,EQ,INE343H01029,WAIT,"Stage 2 + RS 83; wait because price is more than 20% above the 30-week line (currently +22%) — the guide treats that as poor entry timing, not a failed trend."
SONACOMS,2026-08-25,808.7999877929688,0.36408090947655514,0.4965880778049947,0.6233518568110104,0.8038042287933151,0.530381196472486,606.8009595479051,4.050869642808652,Stage 2 — Advancing,714.5001053155637,844.0,False,399.83497257584986,0.5620848719094572,1.683530800908829,1999732415.255774,716.8518054199219,False,33.28917416273735,True,-4.170617560074796,True,True,True,True,False,False,False,False,602.6494362386068,572.6235975646973,True,2.602621314247478,1,1.084690230416669,29.564910546766495,0.7901329875354258,False,844.0,0.03425434960670069,0.03521307555354077,False,4.352128182282011,93.0,True,True,5,True,True,True,True,True,True,True,True,8,True,False,,Sona BLW Precision Forgings Ltd.,Automobile and Auto Components,EQ,INE073K01018,WAIT,"Stage 2 + RS 93; wait because price is more than 20% above the 30-week line (currently +33%) — the guide treats that as poor entry timing, not a failed trend."
SONATSOFTW,2026-08-25,298.45001220703125,0.10793834360464105,0.11403490485728329,-0.1479067992430183,-0.19744323777110762,-0.0030876889895121093,274.8637310707406,-0.09642465023658175,Stage 3 — Topping,300.178087421492,411.02636935916286,False,203.57848075867477,0.18743701776863853,1.69619243975821,610040030.9048783,300.06397521972656,True,8.581081630671882,False,-27.38908389932525,True,False,True,False,False,False,False,False,275.65006164550783,294.24769577026365,False,4.100507910079171,2,0.5726587757028825,28.12961909728418,0.21663545347325017,False,358.1232364456742,0.012639974298417778,0.016605716286444156,False,19.994378220111564,42.0,True,False,2,True,False,False,True,False,True,False,False,3,False,False,,Sonata Software Ltd.,Information Technology,EQ,INE269A01021,SELL,Stage 3 + RS 42; RS below 50 in Stage 3 triggers SELL.
SOUTHBANK,2026-08-24,45.15999984741211,0.11994114606432049,0.10796902439690936,0.19039422984104504,0.5252175624884612,0.21269262177101134,41.81592363853977,0.4273023109068186,Stage 2 — Advancing,45.85735829671224,49.41417107532308,False,27.836319281468388,0.5702481411196164,0.7213648501884293,306371249.62062854,45.84524185180664,True,7.997135822656465,False,-8.609212975415993,True,False,True,True,False,False,False,False,41.881292978922524,41.214335136413574,True,1.751251315378099,3,0.4016538376295932,13.807617024037972,0.3371052635143871,True,49.41417107532308,0.001920741750291327,0.0020761103936929215,False,9.420219757052894,76.0,True,True,4,True,True,True,True,False,True,True,True,7,False,False,,South Indian Bank Ltd.,Financial Services,EQ,INE683A01023,HOLD,Stage 2 + RS 76; trend/leadership is adequate without a stronger entry trigger.
STARCEMENT,2026-08-24,194.85000610351562,-0.11828588958724218,-0.10454962942040302,-0.12497760998380247,-0.29260770959982896,-0.1517413456357038,212.23105725850144,-0.5093910150815173,Stage 4 — Declining,205.11333241182214,307.54132736825795,False,191.5,1.2177283709650992,0.625205351137958,40499393.21438293,204.93659912109376,True,-8.189683159244387,False,-36.64265945298559,False,False,False,False,True,False,False,False,212.2317694091797,215.18845397949218,False,2.1698020860334117,2,1.2568569703416597,12.276684689465474,0.7383839146442819,False,218.3000030517578,0.008287345948451971,0.013029421526401588,False,12.034896696787477,13.0,False,False,0,False,False,False,False,False,False,False,False,0,False,False,,Star Cement Ltd.,Construction Materials,EQ,INE460H01021,SELL,Stage 4 takes precedence: the guide requires SELL regardless of RS.
STARHEALTH,2026-08-24,573.0,0.09591666205561422,0.2575441845175914,0.15314954123217195,0.28894391122298635,0.17829419221679563,519.9886999260889,1.7889888941476917,Stage 2 — Advancing,582.156862745098,624.9000244140625,False,416.54998779296875,0.3191649880322936,1.5789428217559889,306254944.2181488,583.2269995117188,True,10.194702323617054,False,-8.305332435012557,True,False,True,True,False,False,False,False,517.7560013834635,506.1205010986328,True,2.2276249469233047,2,0.2996955072998297,16.78668912077928,0.4034381675184533,True,624.9000244140625,0.024370793326740886,0.02613735402087711,False,9.057595883780545,71.0,True,True,4,True,True,True,True,False,True,True,True,7,False,False,,Star Health and Allied Insurance Company Ltd.,Financial Services,EQ,INE575P01011,HOLD,Stage 2 + RS 71; trend/leadership is adequate without a stronger entry trigger.
SBIN,2026-08-25,1048.0,0.08085811302406931,-0.11099881662784916,0.08467901952537349,0.30674291298163525,0.08842786838545964,1047.481499658872,0.25630180376958744,Stage 2 — Advancing,1041.5597965016084,1212.8384373028666,False,784.3618392231308,0.9716555434245515,1.7057535918034745,10850793788.323614,1042.0849926757812,False,0.04949971348389148,False,-13.591129059979124,True,True,False,True,False,False,False,False,1046.6789672851562,1025.8092868041992,True,1.97996266405611,1,1.2952356012321613,11.00044572761505,0.7062053462326487,False,1124.5,0.04438496405740723,0.05156236970387502,False,7.299618320610679,59.0,True,True,4,True,True,True,False,True,True,True,False,6,False,False,,State Bank of India,Financial Services,EQ,INE062A01020,HOLD,Stage 2 + RS 59; trend/leadership is adequate without a stronger entry trigger.
SAIL,2026-08-25,184.58999633789062,-0.06923159781797483,0.11920211323089624,0.39576556777232996,0.5215200245761664,0.17960490198868861,171.12013683580372,0.9191239948759033,Stage 2 — Advancing,170.45196054496017,209.6999969482422,False,116.63813628480024,4.147583101823895,2.844633680082529,3805772253.135745,170.2411996459961,False,7.871580604807349,False,-11.974249392358916,True,True,False,True,False,False,False,False,170.50713307698567,162.51944988250733,True,3.301524556326252,2,1.5161087883498323,15.452942895355438,1.418902044551212,False,186.88999938964844,0.007817767512227297,0.009140317731991431,False,1.2460063369564622,72.0,True,True,4,True,True,True,False,True,True,True,True,7,False,False,,Steel Authority of India Ltd.,Metals & Mining,EQ,INE114A01011,HOLD,Stage 2 + RS 72; trend/leadership is adequate without a stronger entry trigger.
SWSOLAR,2026-08-24,191.4600067138672,-0.03322554431093472,-0.06381100260864048,-0.14906663682725696,-0.3129014501791354,-0.11844603564738046,202.25102714643086,0.037280540070727675,Stage 1 — Basing,219.884313845167,281.70001220703125,False,148.0,0.3320896570582866,0.5213406815938652,133078058.03883514,220.06220001220703,True,-5.335458902144863,False,-32.03407936909974,False,False,True,True,True,True,False,False,202.00786641438802,205.9426498413086,False,2.3179031317290955,2,0.4001556636216575,26.767632502813633,0.22993117216261943,False,260.79998779296875,0.00814316274687623,0.011926708152023359,False,36.21643092425493,17.0,True,False,2,False,False,False,True,False,False,False,False,1,False,False,3.0,Sterling and Wilson Renewable Energy Ltd.,Construction,EQ,INE00M201021,AVOID,Stage 1 + RS 17; weak RS in a basing stage is AVOID.
STLTECH,2026-08-25,651.3499755859375,0.4061959378680047,2.9169523235542436,5.166335250613302,4.047659713850391,2.5886678327507893,391.6726707040447,10.085479404467556,Stage 2 — Advancing,591.1127456964231,683.5,False,84.5999984741211,0.3702257934777146,1.624047910912198,1224283253.2947662,590.4410003662109,False,66.29957214403399,True,-4.703734369284929,True,True,True,True,False,False,False,False,383.6671327718099,313.4465994644165,True,4.701224569197093,2,0.793955026256285,27.980980248719824,0.6066945568298776,False,683.5,0.02758601646486156,0.028962960578781408,False,4.93590628987759,99.0,True,True,5,True,True,True,True,True,True,True,True,8,True,False,,Sterlite Technologies Ltd.,Telecommunication,BE,INE089C01029,WAIT,"Stage 2 + RS 99; wait because price is more than 20% above the 30-week line (currently +66%) — the guide treats that as poor entry timing, not a failed trend."
STAR,2026-08-25,986.5999755859375,-0.1657101643727782,0.1477765542619487,0.11913712271031285,0.0952099933682169,0.006140668318984421,1000.2305322934503,0.6380630024675593,Stage 1 — Basing,1046.5751929189644,1225.262710817159,False,765.0675335548549,0.6875120475626258,1.983590602980396,549176866.6753204,1045.5554858398436,True,-1.3627415148244948,False,-19.47849494840589,False,False,True,True,False,False,False,False,995.7561059570312,974.6527261352539,True,3.5634657731976946,1,1.8029527456397074,18.62404155879334,3.110780775643245,False,1144.4411907797362,0.04178454623608844,0.05157396546199203,False,15.99850183455127,44.0,True,False,2,False,True,True,True,False,False,True,False,4,False,False,1.0,Strides Pharma Science Ltd.,Healthcare,EQ,INE939A01011,AVOID,Stage 1 + RS 44; weak RS in a basing stage is AVOID.
STYRENIX,2026-08-24,2076.39990234375,-0.05667084189647342,0.09498660900164513,0.057141718933231944,-0.18343934942701579,-0.02893054105701711,2133.38226485579,0.8495523168079,Stage 1 — Basing,2282.270086550245,2678.51238334573,False,1761.8624901691985,0.3924986036874135,0.8946693235393712,204976769.93148193,2284.8171630859374,True,-2.6709869792552965,False,-22.479361482356907,False,False,True,True,False,False,False,False,2125.8529036458335,2096.5547509765624,False,3.5029361949429667,2,0.8198281818491591,21.514624289685887,0.6440017828696059,False,2625.9669159348305,0.08831328600992057,0.11806142275691915,False,26.467301070990867,35.0,True,False,2,False,True,False,True,False,False,True,False,3,False,False,2.0,Styrenix Performance Materials Ltd.,Chemicals,EQ,INE189B01011,AVOID,Stage 1 + RS 35; weak RS in a basing stage is AVOID.
SUBROS,2026-08-24,729.2999877929688,0.004614609173643869,-0.08769081120866251,-0.12867384970971474,-0.15924300670946379,-0.07327568985611066,764.0397234354933,-0.44612095734891666,Stage 4 — Declining,795.6294124827665,1213.699951171875,False,622.0999755859375,0.09440953079973463,0.9004980099601992,48842307.11094971,796.6680004882812,True,-4.5468494080802335,False,-39.91101449012987,False,False,True,False,False,False,False,False,764.5923307291666,791.9697491455078,False,2.7134635312275153,3,0.3147904912983486,19.467651639968857,0.13566602038382175,False,897.9000244140625,0.03101853276735967,0.052517468663514,False,23.1180638205297,27.0,False,False,1,False,False,False,True,False,False,False,False,1,False,False,,Subros Ltd.,Capital Goods,EQ,INE287B01021,SELL,Stage 4 takes precedence: the guide requires SELL regardless of RS.
SUDARSCHEM,2026-08-24,1236.0999755859375,0.2256878381953209,0.3988527925408376,0.24199429371963288,-0.12785515864932817,0.19287352080035683,921.1521985284213,1.796555835381497,Stage 2 — Advancing,1009.4060932234222,1595.8711433648984,False,723.169537946061,2.6235869408384533,4.3668403152073,683042165.425943,1011.7120971679688,False,34.19063402993103,True,-22.54387324908843,True,True,True,True,False,False,False,False,919.8769921875,936.6348422241211,False,4.485065079940099,1,2.6491988294852167,31.547284508835922,4.062972041614164,False,1249.300048828125,0.0525737121050512,0.06608234219022123,False,1.0678807137691537,74.0,True,True,5,True,False,False,True,True,True,True,True,6,False,False,,Sudarshan Chemical Industries Ltd.,Chemicals,EQ,INE659A01023,HOLD,Stage 2 + RS 74; trend/leadership is adequate without a stronger entry trigger.
SUDEEPPHRM,2026-08-24,1131.1500244140625,,,,,,739.5535922115796,5.092654857398693,Stage 2 — Advancing,907.1616198969822,,False,,0.4343724912076424,3.672143205357372,413737769.1909973,908.8818933105468,False,52.95037929995623,True,,True,True,True,True,False,False,False,False,734.290596516927,,False,5.919387900349507,2,1.1431889837667364,33.30860925637246,0.9792974532798663,False,1180.0,0.04810998859778887,,False,4.318611548564655,,True,False,4,False,False,False,False,True,False,False,False,1,False,False,,Sudeep Pharma Ltd.,Chemicals,EQ,INE0QPI01025,WAIT,"Stage 2 + RS unavailable; wait because price is more than 20% above the 30-week line (currently +53%) — the guide treats that as poor entry timing, not a failed trend."
SUMICHEM,2026-08-25,521.5,0.0921491794778484,0.30526137939109943,0.15884990847747082,-0.10967015747341469,0.10774789787017046,454.6862749073603,1.7945610169930903,Stage 2 — Advancing,505.07026223575366,615.9651099206416,False,361.7279903344155,0.11906260359414744,1.425307591112159,282477782.7520248,505.72942993164065,False,14.694467103994423,False,-15.336113750470714,True,True,True,True,False,False,False,False,453.8490960693359,454.293473815918,True,3.6611446500265377,2,0.6730636545256173,28.230006645685908,0.23863242260040504,False,572.0499877929688,0.02208660186635293,0.02576596408330579,False,9.693190372573103,62.0,True,True,5,True,False,True,True,True,True,True,False,6,False,False,,Sumitomo Chemical India Ltd.,Chemicals,EQ,INE258G01013,HOLD,Stage 2 + RS 62; trend/leadership is adequate without a stronger entry trigger.
SPARC,2026-08-25,194.4600067138672,-0.16537189523534024,0.4853346275099002,0.4639765416942414,0.3436982108458442,0.19245311791586106,177.05616472845207,2.4534489175850105,Stage 2 — Advancing,224.95941221947763,289.0,False,108.0,0.15749496372394672,0.532826589247845,170203389.57273713,224.690400390625,True,9.829560022440953,False,-32.712800445028655,True,False,True,True,True,True,False,False,175.74320037841798,165.8869002532959,True,3.555266229720063,2,0.5274115157646028,33.605534642625436,0.22508619295548668,True,289.0,0.008235782832631836,0.01202583071582779,False,48.61667696290943,74.0,True,True,4,True,True,True,True,False,True,False,True,6,False,False,,Sun Pharma Advanced Research Company Ltd.,Healthcare,EQ,INE232I01014,REDUCE,Stage 2 + RS 74; distribution warning (U/D 0.53) triggers REDUCE.
SUNPHARMA,2026-08-25,1922.0,0.04696145252730255,0.09230091710125077,0.09159996905116019,0.17073394161834954,0.08971154656507313,1810.3309877996576,0.9457968933908045,Stage 2 — Advancing,1914.4696427887561,2046.9000244140625,False,1533.9890668325556,0.5869595083677412,0.6391138632423218,3931187625.5877748,1916.8391748046874,False,6.168430687698101,False,-6.10191132563086,True,True,True,True,True,False,False,False,1804.9490551757813,1789.370643310547,True,1.5352310672883065,3,0.7931283728543083,12.16532025928527,0.6537768370591923,False,2046.9000244140625,0.08140066881520677,0.08568718283270962,False,6.4984403961531045,59.0,True,True,5,True,True,True,True,True,False,True,False,6,False,False,,Sun Pharmaceutical Industries Ltd.,Healthcare,EQ,INE044A01036,REDUCE,Stage 2 + RS 59; distribution warning (U/D 0.64) triggers REDUCE.
SUNTV,2026-08-24,468.75,-0.026916034637227804,-0.19370358086948358,-0.12096364360569722,-0.16282899703098608,-0.10626565815612452,539.98940433868,-0.8092672876295226,Stage 4 — Declining,495.19301350911456,653.9340000086492,False,468.0,0.6656231564972205,1.8240684801433489,236945294.715242,494.8479162597656,True,-13.192741147564957,False,-28.318454156872075,False,False,False,False,False,False,False,False,539.948490600586,542.509500579834,False,2.366075494050137,1,1.9089215496301708,10.952501357138548,2.742076403239867,False,525.5622079593558,0.019936840090593003,0.028954699172209497,False,12.119937697995887,20.0,True,False,0,False,False,False,False,False,False,False,False,0,False,False,,Sun TV Network Ltd.,Media Entertainment & Publication,EQ,INE424H01027,SELL,Stage 4 takes precedence: the guide requires SELL regardless of RS.
SUNDARMFIN,2026-08-24,4505.10009765625,0.007868224472211027,-0.17160126439190326,-0.04050963057866663,-0.13778085251848182,-0.06683105970892594,4727.0831633267335,-0.7486097008003512,Stage 4 — Declining,4532.352299708946,5612.405266256894,False,3979.0182224383775,0.2983242930707065,2.4523004908225334,272117408.3182373,4534.1299609375,True,-4.695983929215675,False,-19.72960105461421,False,False,False,False,False,False,False,False,4735.391717122396,4770.465631103516,True,2.5838956855616035,2,0.9040287319011377,12.532975432823147,0.4908945805175855,False,4965.2998046875,0.1916105818433868,0.24461500520510918,False,10.215082840682399,28.0,True,False,0,False,False,True,False,False,False,True,False,2,False,False,,Sundaram Finance Ltd.,Financial Services,EQ,INE660A01013,SELL,Stage 4 takes precedence: the guide requires SELL regardless of RS.
SUNTECK,2026-08-25,314.0,0.03408531635618606,-0.23029785364818767,-0.25157905104040545,-0.1996443607808972,-0.12267012655142365,329.2561662229773,-1.9884854919616224,Stage 4 — Declining,311.13725669711243,472.5,False,270.75,1.4539539704530975,1.0141292047572557,55088902.03099213,311.10100158691404,False,-4.633524832043867,False,-33.544973544973544,False,True,False,False,False,False,False,False,330.78833536783856,352.39525161743165,False,2.1678796131248577,1,1.1341159725912957,15.670553935860058,0.5459326959928459,False,343.0,0.01329854839124606,0.019866366580077,False,9.235668789808926,16.0,True,False,1,False,False,False,False,True,False,False,False,1,False,False,,Sunteck Realty Ltd.,Realty,EQ,INE805D01034,SELL,Stage 4 takes precedence: the guide requires SELL regardless of RS.
SUPREMEIND,2026-08-25,3593.0,0.0015243769653574546,-0.10713931667582166,0.05576029927295867,-0.2164283675083407,-0.05295172619609776,3598.8062710696704,0.25666013546772337,Stage 1 — Basing,3437.9941597732845,4613.532165435684,False,3140.0,1.0973359399387366,1.6922898533974964,625542042.6932129,3435.920927734375,False,-0.16133880604649598,False,-22.120408590221864,False,True,False,True,False,False,False,False,3593.514899088542,3554.3508947753908,False,2.1601519012663513,3,0.590963481466197,14.55549583820244,0.9476850688990215,False,3674.89990234375,0.15217096933040475,0.2005373033786376,False,2.2794295113762963,32.0,True,False,2,False,True,False,False,True,False,True,False,3,False,False,3.0,Supreme Industries Ltd.,Capital Goods,EQ,INE195A01028,AVOID,Stage 1 + RS 32; weak RS in a basing stage is AVOID.
SPLPETRO,2026-08-24,691.4000244140625,0.010277309705759352,0.07614640358855507,0.04236639177318158,-0.11786910517418658,0.004239661919813748,692.6785671286387,1.6152829947776892,Stage 1 — Basing,718.0120957318475,965.127357372077,False,457.2664603074991,0.29676734837052,0.36283951241936396,114412976.69502869,718.5099340820312,True,-0.1845795113707971,False,-28.361783641004678,False,False,True,True,True,True,False,False,687.9907436116537,672.4772471618652,False,2.7356506413256394,3,0.6303667972621394,13.453688932039713,0.6233415734047046,False,783.7999877929688,0.029406574347467223,0.037765366407796694,False,13.364182834273407,44.0,True,False,2,True,True,False,True,False,True,False,False,4,False,False,3.0,Supreme Petrochem Ltd.,Chemicals,EQ,INE663A01033,AVOID,Stage 1 + RS 44; weak RS in a basing stage is AVOID.
SUPRIYA,2026-08-24,797.1500244140625,0.02977657867858441,0.2026100230439145,0.06870893996854233,0.15779187680011497,0.09773279943394814,759.3030826098299,0.6045067856388364,Stage 2 — Advancing,879.7205918255975,1085.0,False,545.5,0.23950239379198482,0.43414467642936544,297253933.30487365,878.2110034179688,True,4.984431470256578,False,-26.529951666906683,True,False,True,True,True,True,False,False,758.6376668294271,756.7277490234375,True,5.335078244944831,1,3.071740826748937,29.021276182456745,1.1531064614841544,False,1043.199951171875,0.03390432547190501,0.04690713887169738,False,30.866200742911488,61.0,True,True,4,True,True,True,True,False,True,False,False,5,False,False,,Supriya Lifescience Ltd.,Healthcare,EQ,INE07RO01027,REDUCE,Stage 2 + RS 61; distribution warning (U/D 0.43) triggers REDUCE.
SURYAROSNI,2026-08-24,219.1300048828125,-0.09800251538449556,-0.004598865771605953,-0.14711090126767212,-0.23761073325551363,-0.11706510621275658,235.12822483010487,-0.9420342390388359,Stage 4 — Declining,243.10140721938188,308.0746845932235,False,185.2067002350832,1.0213495480639125,0.4976538543498597,202101444.7063736,242.68709564208984,True,-6.804040628832253,False,-28.87114201799865,False,False,True,False,True,True,False,False,235.41492706298828,242.96772720336915,False,4.096038036224199,1,2.2900814386701556,21.38946039543488,1.8106127919065909,False,272.6349359946929,0.009320021048318926,0.013094689048178475,False,24.41698075099028,17.0,True,False,1,False,False,False,False,False,False,False,False,0,False,False,,Surya Roshni Ltd.,Capital Goods,EQ,INE335A01020,SELL,Stage 4 takes precedence: the guide requires SELL regardless of RS.
SUZLON,2026-08-25,46.75,-0.13409893412458207,0.08267715770248163,-0.13729468195708683,-0.18596552757136697,-0.10175618401502728,49.91527392766247,-0.06207049728816916,Stage 4 — Declining,52.21254879820581,61.5,False,38.189998626708984,0.6729073116369267,0.49489617481529014,2741407770.8649673,52.098399810791015,True,-6.341293312843687,False,-23.983739837398378,False,False,True,False,True,True,False,False,49.814599965413414,50.66534992218018,False,2.0443087957395316,3,1.056357151345056,24.019851570730765,0.5573356362436225,False,60.45000076293945,0.001979959035957813,0.002571673717678718,False,29.304814466180652,20.0,True,False,1,False,False,False,True,False,False,True,False,2,False,False,,Suzlon Energy Ltd.,Capital Goods,EQ,INE040H01021,SELL,Stage 4 takes precedence: the guide requires SELL regardless of RS.
SWANCORP,2026-08-24,302.8999938964844,-0.04703480232799617,-0.21477642541416886,-0.34058998612873614,-0.36258776564095774,-0.20240475636797103,337.89452163487266,-2.0543707330318517,Stage 4 — Declining,313.1970597809436,506.0,False,295.6499938964844,0.8392078482913671,0.7923404040717115,262225569.79053956,313.1410009765625,True,-10.356642531246251,False,-40.138341127177,False,False,False,False,False,False,False,False,339.72300109863284,368.958000793457,False,2.0103280479232066,3,0.4454982181889349,13.77964013261115,1.0142081573335937,False,345.79998779296875,0.012882919982412384,0.02106069241191567,False,14.16308839911875,6.0,True,False,0,False,False,False,False,False,False,False,False,0,False,False,,Swan Corp Ltd.,Chemicals,EQ,INE665A01038,SELL,Stage 4 takes precedence: the guide requires SELL regardless of RS.
SWIGGY,2026-08-25,287.3999938964844,0.14937008753803327,-0.06506181001010336,-0.2716675381371114,-0.32479737338753867,-0.07255730929173738,278.6125329422624,-1.2128978876363883,Stage 3 — Topping,267.86529241823683,474.0,False,235.75,1.0640158879610029,1.2446208695161325,5982334715.05453,268.0295983886719,False,3.1540077761121443,False,-39.367089895256456,True,True,False,False,False,False,False,False,279.8008652750651,306.4608987426758,False,3.0209262942222552,3,0.5502506188566743,22.704918032786885,0.5914850938603704,False,305.0,0.012171983205338278,0.019519599627115303,False,6.123871425639216,27.0,True,False,2,False,False,False,False,True,False,False,False,1,False,False,,Swiggy Ltd.,Consumer Services,EQ,INE00H001014,SELL,Stage 3 + RS 27; RS below 50 in Stage 3 triggers SELL.
SYNGENE,2026-08-24,398.54998779296875,-0.13461540118133797,-0.08561457909883119,-0.37521045293260114,-0.401141984578806,-0.22623956379458288,431.0196188312687,-3.050278522999361,Stage 4 — Declining,418.0903649423637,677.034031793237,False,375.25,0.224328329342785,0.36215142060644995,690151113.6978409,417.4077673339844,True,-7.533214178589597,False,-41.132946192181365,False,False,False,False,True,True,False,False,435.64647399902344,487.21220993041993,False,2.491173436876113,2,0.7785786390741634,17.826848922585395,0.4947805648073272,False,456.6576735587032,0.01695109839943725,0.028883211690891787,False,14.579773565548116,4.0,True,False,0,False,False,False,False,False,False,False,False,0,False,False,,Syngene International Ltd.,Healthcare,EQ,INE398R01022,SELL,Stage 4 takes precedence: the guide requires SELL regardless of RS.
SYRMA,2026-08-24,1459.9000244140625,0.40674144272059154,0.7672088401956896,0.7840362371375467,0.9627300416408255,0.665491600883049,1085.5262952830694,4.970725978530766,Stage 2 — Advancing,1397.5705327052697,1541.423280918013,False,633.8515990037583,0.5409508047611188,2.035837030058225,2440943998.1698914,1399.5265356445314,False,34.487762365385066,True,-5.2888299737758215,True,True,True,True,False,False,False,False,1074.1616088867188,998.826325378418,True,3.5791230112154384,2,0.49999556287172087,18.535321294154876,0.7400357387596801,True,1541.423280918013,0.062092359114658095,0.06391804135618848,False,5.58416707587015,96.0,True,True,5,True,True,True,True,True,True,True,True,8,True,False,,Syrma SGS Technology Ltd.,Capital Goods,EQ,INE0DYJ01015,WAIT,"Stage 2 + RS 96; wait because price is more than 20% above the 30-week line (currently +34%) — the guide treats that as poor entry timing, not a failed trend."
TARC,2026-08-24,122.52999877929688,-0.06186357701015355,-0.1884893415356269,-0.04919683850476886,-0.22757363041238265,-0.1177973928946171,132.95593082822603,-2.015038056954188,Stage 4 — Declining,126.62431290570427,186.3000030517578,False,109.0999984741211,0.40101267152332226,0.7264007965222719,74909090.3081791,126.5809992980957,True,-7.841644960087613,False,-34.22973871597006,False,False,False,False,False,False,False,False,133.910466410319,138.80234992980957,False,3.551899434703764,1,1.3828635335644581,19.171345921691977,0.3361771070089503,False,142.39999389648438,0.0052114367828552475,0.007601825832702463,False,16.216432967552443,17.0,True,False,0,False,False,False,False,False,False,False,False,0,False,False,,TARC Ltd.,Realty,EQ,INE0EK901012,SELL,Stage 4 takes precedence: the guide requires SELL regardless of RS.
TBOTEK,2026-08-25,1725.0999755859375,0.4196017486030523,0.34207246212890663,0.01161081697699995,0.21717343974715342,0.28201204321183293,1351.513700302333,0.9442779367398568,Stage 2 — Advancing,1534.96078192019,1764.800048828125,True,1004.2000122070312,0.5132842404067547,1.4567147001879135,587226582.8097168,1537.2139965820313,False,27.642063502577386,True,-2.2495507787723246,True,True,True,True,False,False,False,False,1354.6280013020832,1425.064501953125,True,3.277243278947919,2,1.3929139999308322,19.43725439223785,0.6043013173435392,False,1737.9000244140625,0.07306154619448085,0.07310381376032578,True,0.7419888127804031,82.0,True,True,5,True,False,True,True,True,True,True,True,7,False,False,,TBO Tek Ltd.,Consumer Services,EQ,INE673O01025,WAIT,"Stage 2 + RS 82; wait because price is more than 20% above the 30-week line (currently +28%) — the guide treats that as poor entry timing, not a failed trend."
TDPOWERSYS,2026-08-25,729.4000244140625,0.12169655137976165,0.6614229719775315,0.9197063917417134,1.8075035973335685,0.7264052127624674,543.0165913202991,5.497835420220976,Stage 2 — Advancing,621.7505600873162,798.8499755859375,False,245.9592098659939,0.7119817748028813,4.578662599411171,2786682517.8423643,622.5019812011719,False,34.323708717736935,True,-8.693741415080492,True,True,True,True,False,False,False,False,536.9657501220703,493.0623420715332,True,5.582377793713898,2,0.9594597463042229,41.8481098627997,2.144030414876911,False,798.8499755859375,0.030891597201421872,0.03379713938885505,False,9.521517527733181,97.0,True,True,5,True,True,True,True,True,True,True,True,8,True,False,,TD Power Systems Ltd.,Capital Goods,EQ,INE419M01027,WAIT,"Stage 2 + RS 97; wait because price is more than 20% above the 30-week line (currently +34%) — the guide treats that as poor entry timing, not a failed trend."
TSFINV,2026-08-24,413.0,0.011696058131999143,0.036077325090354107,-0.19815280808602687,-0.14588300441366675,-0.05691327422906825,409.63164906959014,0.19478022159851172,Stage 2 — Advancing,435.9083222033931,684.5682054144123,False,328.50158671142503,0.316348036009645,0.8212510050132426,26869086.88765564,436.6115252685547,True,0.8222877646442805,False,-39.66999975554152,True,False,True,True,False,False,False,False,409.25136698404947,424.76476455688476,False,3.084572389933198,3,0.44572355292667,21.766875283264415,0.34104709894969637,True,493.45001220703125,0.01756568524248514,0.029060329076073817,False,19.479421841896194,30.0,False,False,3,False,False,False,True,False,False,False,False,1,False,False,,TSF Investments Ltd.,Financial Services,EQ,INE202Z01029,WAIT,Stage 2 + RS 30; wait because the close is below its 50-session average — short-term timing has weakened even though the 30-week trend is intact.
TVSMOTOR,2026-08-24,4363.5,0.27681053401609357,0.14741148804850313,0.27233810661633195,0.32906930103472143,0.26048799274634876,3689.5380157052655,1.3351229408410603,Stage 2 — Advancing,3892.650984221814,4475.0,True,3226.7216075697747,0.46000262401015,2.4716740767754657,5014956133.36543,3901.31400390625,False,18.266839409863202,False,-2.4916201117318404,True,True,True,True,False,False,False,False,3687.411873372396,3667.740515136719,True,1.6466137968271701,1,0.5722981520574877,24.565364219622904,0.520783208532349,False,4475.0,0.18558805703531214,0.18810439798633127,False,2.555288186089144,80.0,True,True,5,True,True,True,True,True,True,True,True,8,True,False,,TVS Motor Company Ltd.,Automobile and Auto Components,EQ,INE494B01023,HOLD,Stage 2 + RS 80; trend/leadership is adequate without a stronger entry trigger.
TVSSCS,2026-08-24,132.99000549316406,0.09393769702235222,0.14765281882366832,0.23930676096184267,0.008416746809631226,0.11665034412796933,119.52862070017848,1.2163957656859736,Stage 2 — Advancing,133.6358819101371,146.5,False,90.31999969482422,63.53447380793131,7.537349198632439,335127840.42906415,133.61659942626954,True,11.262059843183225,False,-9.221839253812924,True,False,True,True,False,False,False,False,118.84906667073568,116.94110004425049,True,4.332226111074532,2,1.6925533432032724,17.815698617147504,7.036879528358158,False,146.5,0.0056563210094171664,0.00612491113851104,False,10.158653995642087,63.0,True,True,4,True,True,True,True,False,True,True,False,6,False,False,,TVS Supply Chain Solutions Ltd.,Services,EQ,INE395N01027,HOLD,Stage 2 + RS 63; trend/leadership is adequate without a stronger entry trigger.
TMB,2026-08-24,875.0999755859375,0.3029517445844758,0.2845141716273596,0.7868640367521524,1.0826180235691263,0.551979944223518,710.2073531477419,2.7581799111635386,Stage 2 — Advancing,811.1774495442709,917.0,False,405.09227596916213,0.3006629177936077,0.29303659645474767,270643612.36996156,811.9169982910156,False,23.217532416042673,True,-4.569250208730913,True,True,True,True,True,True,False,False,705.7631477864584,657.1873617553711,True,2.5025720016484883,1,0.874616887756401,20.828789531079607,0.3246585652004254,False,917.0,0.03721968698994917,0.038597424944874836,False,4.788027149241736,94.0,True,True,5,True,True,True,True,True,True,True,True,8,True,False,,Tamilnad Mercantile Bank Ltd.,Financial Services,EQ,INE668A01016,REDUCE,Stage 2 + RS 94; distribution warning (U/D 0.29) triggers REDUCE.
TANLA,2026-08-24,564.4000244140625,0.0883147917166367,0.27811490170215514,0.025776729028474277,-0.07743031389475974,0.08061818005382862,509.66588331248664,1.5516404279739104,Stage 2 — Advancing,565.2441154928769,750.0847124549373,False,361.8340643388348,0.9340762725496302,1.2281196332923718,483761963.4190033,566.1149975585937,True,10.73922012316002,False,-24.755162311354283,True,False,True,True,False,False,False,False,507.8326696777344,517.4409024047851,False,3.648627041193167,1,2.4159351608915562,22.370426829268293,0.45235135392877956,False,656.0,0.024005019805589226,0.03163914561519825,False,16.22961935216656,58.0,True,True,4,True,False,False,True,False,True,True,False,4,False,False,,Tanla Platforms Ltd.,Information Technology,EQ,INE483C01032,HOLD,Stage 2 + RS 58; trend/leadership is adequate without a stronger entry trigger.
TATACAP,2026-08-25,363.75,,,,,,336.4207011183647,0.21864025562707834,Stage 2 — Advancing,358.08232086780026,,False,,0.11859772218029967,1.7862479737763421,814047313.7161179,358.47327392578126,False,8.1235485185021,False,,True,True,True,True,False,False,False,False,336.94562459309896,336.1022080993652,False,2.2218954229565537,2,0.3776493680947097,14.289727353694722,0.293260632553136,True,390.20001220703125,0.015405563622024694,,False,7.2714810191151225,,True,False,4,True,True,False,True,True,False,False,False,4,False,False,,Tata Capital Ltd.,Financial Services,EQ,INE976I01016,WAIT,Stage 2 + RS unavailable; wait for a clearer entry trigger; no breakout setup is present.
TATACHEM,2026-08-24,626.9500122070312,-0.15144053020030057,-0.1033953048650037,-0.2083206742625715,-0.3213694821274248,-0.18719330433112025,699.4936862057202,-0.7656313497716782,Stage 4 — Declining,692.1372596890319,1011.1043139234446,False,571.5129923118551,0.6015278411703087,1.389999023416797,458280808.7293793,691.2780053710937,True,-10.370883315929458,False,-37.99353799864209,False,False,False,False,False,False,False,False,699.8850459798177,717.7221173095703,False,2.667108257644192,1,1.845958666867148,19.483870967741936,0.8146765353647717,False,775.0,0.026665391228089412,0.042223137511827366,False,23.61432090443596,8.0,True,False,0,False,False,False,False,False,False,False,False,0,False,False,,Tata Chemicals Ltd.,Chemicals,EQ,INE092A01019,SELL,Stage 4 takes precedence: the guide requires SELL regardless of RS.
TATACOMM,2026-08-24,1688.5,-0.13245723936572418,0.0499469340866856,-0.09408021863329041,0.06192204762015541,-0.04942514313157956,1683.5617483478702,0.04881640744518467,Stage 2 — Advancing,1831.4178227443322,2110.0,False,1310.5824719426591,0.4762795268502853,0.6537283210848496,413251649.34921265,1829.71671875,True,0.2933216828533869,False,-19.97630331753555,True,False,True,True,True,False,False,False,1682.5338736979168,1712.7006604003907,False,2.648166166081476,2,0.6347533737416541,21.80094786729858,0.4540685736792727,False,2110.0,0.0718151562516614,0.08863009544782578,False,24.962984897838325,32.0,True,False,3,False,False,False,True,False,False,True,False,2,False,False,,Tata Communications Ltd.,Telecommunication,EQ,INE151A01013,REDUCE,Stage 2 + RS 32; distribution warning (U/D 0.65) triggers REDUCE.
TCS,2026-08-25,2296.199951171875,0.0002555613032328985,-0.10999319713020905,-0.23613905186798934,-0.2385144042270989,-0.11682710612376632,2390.4853875147155,-2.0068273666498215,Stage 4 — Declining,2234.2521278530944,3287.1613923698505,False,1966.0205187179013,0.7138406816422345,0.8276978613098727,7606566640.608813,2235.1969946289064,False,-3.9441963057078144,False,-30.14641883718251,False,True,False,False,False,False,False,False,2408.756569824219,2577.057572631836,False,2.451254160961574,1,0.8079559282432583,21.20158241611618,0.5816755398103717,False,2495.0,0.09724880944788541,0.13666657448483835,False,8.657784733714792,17.0,True,False,1,False,False,False,False,True,False,False,False,1,False,False,,Tata Consultancy Services Ltd.,Information Technology,EQ,INE467B01029,SELL,Stage 4 takes precedence: the guide requires SELL regardless of RS.
TATACONSUM,2026-08-25,1060.5,-0.10672166137373118,-0.0877133882087624,-0.09189635328214851,-0.011211544752053326,-0.08085292179808533,1115.7926054654056,-0.579739286135561,Stage 4 — Declining,1094.423531326593,1271.9371979227803,False,998.7489642211792,0.4769309885805256,0.5328166048491045,1448711803.7171814,1093.6940014648437,True,-4.955455448850432,False,-16.62324195471927,False,False,False,False,True,True,False,False,1116.958497314453,1128.2301638793945,False,1.8892697375206273,3,0.7145519601288043,8.829955951277844,0.8125370550689877,False,1142.699951171875,0.04491436486916066,0.05571713005129209,False,7.751056216112673,25.0,True,False,0,False,False,False,False,False,False,True,False,1,False,False,,Tata Consumer Products Ltd.,Fast Moving Consumer Goods,EQ,INE192A01025,SELL,Stage 4 takes precedence: the guide requires SELL regardless of RS.
TATAELXSI,2026-08-25,3665.89990234375,-0.13763149007923292,-0.184697124641787,-0.27737388919678363,-0.3272079665106029,-0.2129083921015279,4161.137666885167,-2.554261027363658,Stage 4 — Declining,3738.639212814032,5845.177388781378,False,3353.89990234375,0.4153083123955781,1.3842102614934866,879835369.8422486,3731.0319970703126,True,-11.901499161697505,False,-37.2833421723061,False,False,False,False,False,False,False,False,4191.689510091146,4444.5720886230465,False,2.3932927824173458,3,0.6262096684035785,19.319222940973056,0.42222749504557255,False,4157.0,0.1552584307286069,0.2487872191935561,False,13.396440457696922,5.0,True,False,0,False,False,False,False,False,False,False,False,0,False,False,,Tata Elxsi Ltd.,Information Technology,EQ,INE670A01012,SELL,Stage 4 takes precedence: the guide requires SELL regardless of RS.
TATAINVEST,2026-08-24,645.9500122070312,-0.029039336345446642,-0.025395668871316834,-0.11860262565888824,-0.06112150046752107,-0.052639693537723894,658.7440202268835,0.13463886258560098,Stage 1 — Basing,668.8715700635723,1178.621408861613,False,536.0852264589291,0.32500752139186484,2.3040620452839464,287516288.6228363,668.757001953125,True,-1.9421820353596186,False,-45.194444344012844,False,False,True,True,False,False,False,False,657.9231498209635,673.0425994873046,False,2.3968040318176786,2,1.7819457754549315,13.101561972330444,0.6056045485057362,False,714.7999877929688,0.027473497813094782,0.04590708850364886,False,10.658715734162815,32.0,True,False,2,False,False,False,False,False,False,False,False,0,False,False,2.0,Tata Investment Corporation Ltd.,Financial Services,EQ,INE672A01026,AVOID,Stage 1 + RS 32; weak RS in a basing stage is AVOID.
TMCV,2026-08-25,474.8999938964844,,,,,,426.29364849769905,0.6697851202163818,Stage 2 — Advancing,432.85784134210326,,False,,0.8769581851968804,1.759315776957909,4048046076.0992765,433.38099792480466,False,11.40208060103145,False,,True,True,True,True,False,False,False,False,426.53740987141924,,False,2.6983119105464715,2,0.9266713266114897,18.48093402059405,1.0060248435193395,False,487.79998779296875,0.02011299538163967,,False,2.716360088919312,,True,False,4,False,False,False,False,True,False,False,False,1,False,False,,Tata Motors Ltd.,Capital Goods,EQ,INE1TAE01010,WAIT,Stage 2 + RS unavailable; wait for a clearer entry trigger; no breakout setup is present.
TMPV,2026-08-25,314.25,-0.15108696315278258,-0.17020609983303137,-0.10098797221982381,-0.5386476434136478,-0.22240312835441364,348.65168009718803,-0.3363577952618213,Stage 4 — Declining,340.1635736203661,733.6144341409002,False,291.8787603017159,1.0101606019415958,0.49428911419084,3281596955.099031,339.15960815429685,True,-9.867062762353084,False,-57.16414708115678,False,False,False,False,True,True,False,False,348.4048913574219,350.88109710693357,False,2.5480155715049295,2,0.9076646405196586,20.847806387689445,1.2598000981116617,False,392.3453964068898,0.013309136407481128,0.031189804261085727,False,24.851359238469307,5.0,True,False,0,False,False,False,False,False,False,False,False,0,False,False,,Tata Motors Passenger Vehicles Ltd.,Automobile and Auto Components,EQ,INE155A01022,SELL,Stage 4 takes precedence: the guide requires SELL regardless of RS.
TATAPOWER,2026-08-25,370.6000061035156,-0.0983037852196863,-0.02191091977167281,-0.01869350172232176,-0.027015149510892456,-0.05284542828885193,391.88792482140946,0.3071056438088693,Stage 1 — Basing,381.73119877833943,462.0369390979878,False,340.3907303086808,2.1739542439369237,0.41380927082618574,1439154468.9626617,381.3703674316406,True,-5.432144592767207,False,-19.789961636612873,False,False,False,True,True,True,False,False,390.71906677246096,387.8567568969727,False,1.4927532752194363,2,1.0134360938812073,9.507993578470941,1.0850594604321215,False,406.5,0.015695675525362062,0.020160067472192615,False,9.686992257214587,32.0,True,False,1,False,True,False,False,False,False,True,False,2,False,False,1.0,Tata Power Co. Ltd.,Power,EQ,INE245A01021,AVOID,Stage 1 + RS 32; weak RS in a basing stage is AVOID.
TATASTEEL,2026-08-25,186.94000244140625,-0.09240210780392843,-0.11109192402057255,0.14708852074427559,0.19523408785413965,0.00928529379399716,196.2701749409715,0.018560235732389962,Stage 1 — Basing,188.4854912851371,219.86575104195882,False,149.95745298441892,1.0259808590064297,0.9416846142378461,4279264937.7576294,188.33520111083985,True,-4.753739330171436,False,-14.975387682945252,False,False,False,True,False,False,False,False,195.90052317301434,189.58449234008788,True,1.9960575612383993,3,0.6809500698676535,10.313899981563246,0.896830197575408,False,200.6999969482422,0.007917295123333432,0.009616077463452468,False,7.360647441496004,45.0,True,False,1,False,True,True,False,False,False,True,False,3,False,False,3.0,Tata Steel Ltd.,Metals & Mining,EQ,INE081A01020,AVOID,Stage 1 + RS 45; weak RS in a basing stage is AVOID.
TATATECH,2026-08-25,798.5,0.19705130605225962,0.4033108920135018,0.21099761468360367,0.18333628655814183,0.23834948107195333,661.1887923985312,1.9895729383622607,Stage 2 — Advancing,763.5236134248621,891.0,False,499.7255286427323,0.8259346417005937,3.732379719090321,1971210770.4995422,763.6279968261719,False,20.767322310978397,True,-10.381593714927051,True,True,True,True,False,False,False,False,660.634166056315,658.8131880187989,True,4.366222708838839,2,0.9124273367568165,25.757575757575758,0.629795277312924,False,891.0,0.03381812385480885,0.037027445893635005,False,11.584220413274892,78.0,True,True,5,True,True,True,True,True,True,True,True,8,True,False,,Tata Technologies Ltd.,Information Technology,EQ,INE142M01025,HOLD,Stage 2 + RS 78; trend/leadership is adequate without a stronger entry trigger.
TTML,2026-08-24,37.369998931884766,-0.11424507825825925,-0.11717464409678102,-0.26233716848710653,-0.3670393232995942,-0.19500825848000006,41.47547949176945,-1.1116488474739894,Stage 4 — Declining,40.80137252807617,60.619998931884766,False,31.219999313354492,0.46935575601989227,0.8215807845208056,62190636.94295788,40.704199981689456,True,-9.898572868095211,False,-38.35367932969563,False,False,False,False,False,False,False,False,41.53553337097168,43.74520004272461,False,2.0318064885203917,2,0.6030290359354008,21.69434467317659,0.37862869187841064,False,47.56999969482422,0.0015894180114999848,0.002585326740864742,False,27.294624175749238,7.0,True,False,0,False,False,False,False,False,False,False,False,0,False,False,,Tata Teleservices (Maharashtra) Ltd.,Telecommunication,EQ,INE517B01013,SELL,Stage 4 takes precedence: the guide requires SELL regardless of RS.
TECHM,2026-08-25,1599.9000244140625,0.14348794866267012,0.20537288587641278,0.0981982397163168,0.08615279967096479,0.13533996451780694,1461.3916600893622,0.014715662429209964,Stage 2 — Advancing,1525.4688768573835,1807.040094106148,False,1271.0685229802766,0.5069045667399339,0.9689613263193652,4469476026.249682,1527.7751708984374,False,9.47784006898129,False,-11.46294818624638,True,True,True,True,False,False,False,False,1466.3054557291666,1478.6826666259765,True,2.0237879330904325,2,0.6394149848380816,22.33143716722054,0.8316013018640637,False,1686.5999755859375,0.06775906973193045,0.0745378764639504,False,5.4190855584008935,67.0,True,True,5,True,False,True,True,True,False,True,False,5,False,False,,Tech Mahindra Ltd.,Information Technology,EQ,INE669C01036,HOLD,Stage 2 + RS 67; trend/leadership is adequate without a stronger entry trigger.
TECHNOE,2026-08-25,994.2999877929688,-0.27581938252515026,-0.14225325252317622,-0.14747496684749217,-0.3584386802621631,-0.23996113293662638,1094.0486295517176,0.13666238200962244,Stage 1 — Basing,1032.3009858972887,1565.3169683570604,False,870.0,0.2853720923836266,0.8809497683355316,253374089.48790893,1031.0890051269532,True,-9.117386472996214,False,-36.47931965903525,False,False,False,True,False,False,False,False,1089.1533333333334,1095.8310012817383,False,3.5534692783644344,1,1.3881856285052874,15.252026301262939,1.3687568629843307,False,1111.0,0.04211065765312153,0.06758052043417892,False,11.736901703686865,4.0,True,False,1,False,False,False,False,False,False,False,False,0,False,False,1.0,Techno Electric & Engineering Company Ltd.,Construction,EQ,INE285K01026,AVOID,Stage 1 + RS 4; weak RS in a basing stage is AVOID.
TEGA,2026-08-25,1674.5999755859375,0.040253400914594506,-0.08180725367238328,-0.111240834846417,-0.11423377569592963,-0.045355012477108186,1687.9482741783406,-0.3928104555753764,Stage 4 — Declining,1659.439213771446,2125.0,False,1473.0,0.8245817757661299,4.162807303449089,402956737.82088625,1656.0139990234375,False,-0.790800215658316,False,-21.19529526654412,False,True,False,False,False,False,False,False,1690.8033325195313,1747.57849609375,False,3.8785384231835662,1,1.9667885883511524,20.335316387236343,4.154872808993213,False,1849.0,0.070922766914997,0.09124977159455892,False,10.414428935665088,33.0,True,False,1,False,False,False,False,True,False,True,False,2,False,False,,Tega Industries Ltd.,Capital Goods,EQ,INE011K01018,SELL,Stage 4 takes precedence: the guide requires SELL regardless of RS.
TEJASNET,2026-08-25,504.3500061035156,0.06414177257833886,0.5870044854503744,0.05800292256857742,-0.17238269462091405,0.12018165171094311,473.3907520869007,2.393615595907317,Stage 2 — Advancing,550.0352920831418,644.75,False,294.0,0.28791097920607656,1.5382964566444297,707693253.9897934,549.4079974365235,True,6.5398941318844495,False,-21.77588117820618,True,False,True,True,False,False,False,False,469.311665242513,468.3209996032715,False,2.995367961666717,2,0.9146431046762744,24.303995689341797,0.16061755116595935,False,644.75,0.02136026421112372,0.027322179938446375,False,27.83780949685721,64.0,True,True,4,True,True,False,True,False,True,True,False,5,False,False,,Tejas Networks Ltd.,Telecommunication,EQ,INE010J01012,HOLD,Stage 2 + RS 64; trend/leadership is adequate without a stronger entry trigger.
TENNIND,2026-08-25,546.1500244140625,,,,,,567.9246592064426,0.3458533315811696,Stage 1 — Basing,565.8568641812194,,False,,0.35079219677814283,0.2545644847343418,2356324777.83526,565.9050012207031,True,-3.8340710232243946,False,,False,False,False,True,True,True,False,False,566.2910017903646,,False,3.319341357725278,2,1.1984844783202495,15.723574971931864,8.714503523342223,False,622.9500122070312,0.023130581301116646,,False,14.062067995943739,,True,False,1,False,False,False,False,False,False,False,False,0,False,False,1.0,Tenneco Clean Air India Ltd.,Automobile and Auto Components,EQ,INE19RI01016,AVOID,Stage 1 + RS unavailable; weak RS in a basing stage is AVOID.
TEXRAIL,2026-08-25,108.05999755859375,-0.04608051974712002,0.018665117773022377,-0.15459241263814993,-0.23682720248894196,-0.09298310736966192,107.3136989645762,-1.0416610123197723,Stage 3 — Topping,110.59960802863625,153.0,False,78.05000305175781,2.10669956881606,1.0663570594413556,151838619.33573037,110.65500015258789,True,0.695436464513155,False,-29.3725506152982,True,False,True,False,False,False,False,False,107.64613367716471,113.22605014801026,False,2.614288114798577,2,1.1549166198679708,17.24082337596464,0.5685413135829537,False,123.37000274658203,0.00457656403404742,0.006466703024393609,False,14.168059905504515,22.0,True,False,2,False,False,False,False,False,True,False,False,1,False,False,,Texmaco Rail & Eng. Ltd.,Capital Goods,EQ,INE621L01012,SELL,Stage 3 + RS 22; RS below 50 in Stage 3 triggers SELL.
THANGAMAYL,2026-08-24,5493.5,0.44313161703527437,0.4706781699346405,0.7064823555964346,1.6039259942367647,0.7334699507676778,4568.652977512307,2.4362018435969857,Stage 2 — Advancing,5872.245232077206,7430.0,False,1934.089956974078,0.6545203066940323,0.5939439271735676,1546314395.125,5879.96705078125,True,20.243319574499274,True,-26.063257065948854,True,False,True,True,True,True,False,False,4546.168341471354,4242.056301269531,True,3.6861745699463,2,0.6869083803715182,37.940780619111706,0.34272474883313897,False,7430.0,0.23364913288036832,0.3157028701694993,False,35.25075088741239,97.0,True,True,4,True,True,True,True,False,True,False,True,6,False,False,,Thangamayil Jewellery Ltd.,Consumer Durables,EQ,INE085J01014,REDUCE,Stage 2 + RS 97; distribution warning (U/D 0.59) triggers REDUCE.
ANUP,2026-08-25,1772.4000244140625,-0.09799110372471032,0.12463934008976674,-0.2149006063533162,-0.21861456462096662,-0.10097160766678737,1926.9369755185883,-0.40533926268403464,Stage 4 — Declining,2092.4787430108763,2559.3896551627895,False,1413.1287937902684,0.3145875421948807,0.17048928452631745,115537425.95234986,2095.289680175781,True,-8.019823848309093,False,-30.74911353029872,False,False,True,False,True,True,False,False,1925.5611458333333,2001.896221923828,False,4.442729727622248,3,0.4141504001241042,25.77199194826542,0.338659312317364,False,2383.3321437818063,0.07506480093412773,0.10730959824667687,False,34.46920057280589,20.0,True,False,1,False,False,False,True,False,False,False,False,1,False,False,,The Anup Engineering Ltd.,Capital Goods,EQ,INE294Z01018,SELL,Stage 4 takes precedence: the guide requires SELL regardless of RS.
NIACL,2026-08-25,187.2899932861328,0.1361767751030838,0.2665677358160361,0.0919596614367666,-0.015513267094178329,0.12307353607295837,159.7658435351228,1.583647892992457,Stage 2 — Advancing,179.59846167470894,216.21914184904352,False,116.0144662714778,0.28752896617977614,7.909007621080372,519261066.07981336,179.98165954589842,False,17.227806107980225,False,-13.379550170959432,True,True,True,True,False,False,False,False,159.31484537760417,159.94629020690917,False,2.7459338496676295,2,0.26055462316436717,26.165134084765235,0.17168839692145577,True,216.21914184904352,0.007932117958317792,0.009043874921106657,False,15.446179507686853,64.0,True,True,5,True,False,False,True,True,True,True,False,5,False,False,,The New India Assurance Company Ltd.,Financial Services,EQ,INE470Y01017,HOLD,Stage 2 + RS 64; trend/leadership is adequate without a stronger entry trigger.
RAMCOCEM,2026-08-24,903.9000244140625,-0.008947745216120295,-0.20986234065595066,-0.10349472145708294,-0.15553266311944147,-0.09735704313294313,965.2681901487585,-0.9953814006316231,Stage 4 — Declining,917.0094448912378,1211.1945755050306,False,836.0183952677719,1.7037318433349582,0.978471297164322,268404605.58419496,917.1742358398437,True,-6.357628518271019,False,-25.371196115441297,False,False,False,False,False,False,False,False,968.0744653320312,984.5658523559571,False,3.257194079396476,3,0.9201303370731441,11.917515651865394,1.2674714049653621,False,986.6074693636571,0.038444608521869386,0.05073683287534675,False,9.15006557314879,21.0,True,False,0,False,False,False,False,False,False,False,False,0,False,False,,The Ramco Cements Ltd.,Construction Materials,EQ,INE331A01037,SELL,Stage 4 takes precedence: the guide requires SELL regardless of RS.
THERMAX,2026-08-24,3984.199951171875,-0.1019458914035386,0.270717261085315,0.39525389350222584,0.22751519474082915,0.1379189133042586,3970.110976963827,1.597886102093482,Stage 2 — Advancing,4484.282078163296,5256.332008959298,False,2731.5439342301706,0.25303009934480836,2.0115206279685593,1610315385.9270997,4479.533403320313,True,0.3548760800339723,False,-24.201896980995553,True,False,True,True,False,False,False,False,3941.9028352864584,3694.1720654296873,True,2.5088383391073528,2,0.5676005581636118,32.1485021509109,0.5445577599012781,True,5256.332008959298,0.16945569560631918,0.22345589642334704,False,31.929423055518335,67.0,True,True,4,True,True,True,True,False,True,True,False,6,False,False,,Thermax Ltd.,Capital Goods,EQ,INE152A01029,HOLD,Stage 2 + RS 67; trend/leadership is adequate without a stronger entry trigger.
THOMASCOOK,2026-08-25,110.41999816894531,0.18514543671795014,0.06408404877136742,-0.2689353609824139,-0.37481598221265056,-0.041875284197559356,103.0128765890043,-1.4728927544468196,Stage 3 — Topping,105.7909803203508,181.5500030517578,False,86.3499984741211,0.7534028913518954,4.529956567513887,339660684.2347981,105.75,False,7.190481253614123,False,-39.17929148287271,True,True,True,False,False,False,False,False,103.6243999226888,114.00044990539551,False,4.718994393390872,1,2.4527954354486097,19.6823036112656,1.0723699592177816,False,120.87000274658203,0.004676514933156116,0.007912139852908827,False,9.463869544398973,34.0,True,False,3,False,False,False,False,True,False,False,False,1,False,False,,Thomas Cook (India) Ltd.,Consumer Services,EQ,INE332A01027,SELL,Stage 3 + RS 34; RS below 50 in Stage 3 triggers SELL.
THYROCARE,2026-08-24,584.0,0.26993954477044246,0.47918818734109747,0.20866519524542926,0.40346284336927396,0.32623906309933715,468.8058737140812,2.1758396341060138,Stage 2 — Advancing,562.8812848259421,662.0,False,338.148639887055,0.43970106107600737,0.47492714346704284,519072453.1401917,563.564546508789,False,24.57181804769244,True,-11.782477341389729,True,True,True,True,True,True,False,False,468.5960622151693,465.8593600463867,True,4.403744005177119,2,1.3888869506823716,23.6404833836858,1.6484690919459142,False,662.0,0.024838644507533467,0.027420541860289232,False,13.35616438356164,86.0,True,True,5,True,True,True,True,True,True,True,True,8,True,False,,Thyrocare Technologies Ltd.,Healthcare,EQ,INE594H01019,REDUCE,Stage 2 + RS 86; distribution warning (U/D 0.47) triggers REDUCE.
TI,2026-08-25,574.7000122070312,0.3034702203737403,0.29919747773789784,0.2200403929521335,0.19305057292404793,0.26384577687231203,454.22637040647743,2.4285276669144373,Stage 2 — Advancing,476.51960903990505,594.5499877929688,False,381.54998779296875,1.3814841638512314,6.45672960377933,810679122.6146911,477.4060009765625,False,26.522819820598386,True,-3.3386554526092405,True,True,True,True,False,False,False,False,452.698667195638,454.6965000915527,True,3.5875862969864225,2,1.8670010389435252,28.466908329823294,2.4621047214750447,False,594.5499877929688,0.02433973223816849,0.02482916012397872,False,3.4539716659666153,80.0,True,True,5,True,False,True,True,True,True,True,True,7,False,False,,Tilaknagar Industries Ltd.,Fast Moving Consumer Goods,EQ,INE133E01013,WAIT,"Stage 2 + RS 80; wait because price is more than 20% above the 30-week line (currently +27%) — the guide treats that as poor entry timing, not a failed trend."
TIMETECHNO,2026-08-25,184.83999633789062,0.03801869340829245,-0.022062315698308188,-0.07547640119389931,-0.22794826030660087,-0.0498899180764447,184.20739714740074,0.5116355195324829,Stage 2 — Advancing,192.5466661640242,249.14999389648438,False,154.0,0.8311122614783009,0.827163611721248,680352500.4968818,192.82079956054687,True,0.34341682271514795,False,-25.81175963637108,True,False,True,True,False,False,False,False,183.93419993082682,185.75354965209962,False,3.5702687251259553,1,2.6950019427417176,20.318617057301218,0.7465377564831606,False,217.19000244140625,0.007828355528462366,0.010426066981154695,False,17.501626674120494,32.0,True,False,3,False,False,False,True,False,False,False,False,1,False,False,,Time Technoplast Ltd.,Capital Goods,EQ,INE508G01029,WAIT,Stage 2 + RS 32; wait because the close is below its 50-session average — short-term timing has weakened even though the 30-week trend is intact.
TIMKEN,2026-08-24,3080.699951171875,-0.17786030381494589,-0.052754796637868195,-0.01633861055939434,0.027147408555446395,-0.0795333212543416,3358.744583756956,0.2859283450090011,Stage 1 — Basing,3311.3310307521447,3921.832239688061,False,2798.2399489351046,0.5278416412896647,1.9705094803878997,132076296.11437988,3307.2024755859375,True,-8.278230917876817,False,-21.447431636777225,False,False,False,True,False,False,False,False,3349.5724609375,3276.51798828125,True,2.987029443926581,3,0.6106328829482197,22.67260886038421,0.545722012318041,False,3921.832239688061,0.1310281008930375,0.16542861604422898,False,27.303285027684222,25.0,True,False,1,False,True,True,False,False,False,True,False,3,False,False,3.0,Timken India Ltd.,Capital Goods,EQ,INE325A01013,AVOID,Stage 1 + RS 25; weak RS in a basing stage is AVOID.
TIPSMUSIC,2026-08-24,643.75,-0.05476835542401848,0.1472999964538475,0.3075268518612069,0.1258982756800442,0.09423768262941233,613.2667792333316,1.4675936281180357,Stage 2 — Advancing,667.054900524663,741.0,False,478.56920878389656,0.24999018934547246,0.579743420302142,156172939.55897826,667.5939990234375,True,4.970629715957653,False,-13.124156545209175,True,False,True,True,True,True,False,False,611.0946984863281,588.6538526916504,True,2.827738980149099,2,0.8158670775639785,17.429153092316128,0.2739184905041801,False,741.0,0.02737992705774772,0.03081085701442829,False,15.10679611650485,60.0,True,True,4,True,True,True,True,False,True,True,False,6,False,False,,Tips Music Ltd.,Media Entertainment & Publication,EQ,INE716B01029,REDUCE,Stage 2 + RS 60; distribution warning (U/D 0.58) triggers REDUCE.
TITAGARH,2026-08-24,841.4500122070312,0.11111848114418232,0.1465458294252482,-0.0033165386946624187,-0.019091766458704584,0.06927489731204917,785.1801373207405,0.3833839789882276,Stage 2 — Advancing,858.1637238147212,971.0,False,568.7000122070312,0.9616504909370808,1.3986774712726218,324016185.0659027,858.1209985351562,True,7.166492402405855,False,-13.341914293817581,True,False,True,True,False,False,False,False,785.1563334147136,796.6832489013672,False,2.750778699115735,3,0.5542710335239103,18.4346035015448,0.6577510614097385,True,971.0,0.03578848925354477,0.04084709384962708,False,15.396040871539519,56.0,True,True,4,True,False,False,True,False,True,True,False,4,False,False,,Titagarh Rail Systems Ltd.,Capital Goods,EQ,INE615H01020,HOLD,Stage 2 + RS 56; trend/leadership is adequate without a stronger entry trigger.
TITAN,2026-08-25,5124.7998046875,0.2362030359062932,0.18881285218512356,0.333717859619441,0.4081217965604449,0.2806117160355192,4373.375563530073,1.4870747308303622,Stage 2 — Advancing,4707.275247012868,5168.0,True,3292.2971645749917,0.4051951447520784,1.6340646065542996,4459170995.85708,4714.944501953125,False,17.18179082134206,False,-0.8359170919601366,True,True,True,True,False,False,False,False,4364.366435546875,4260.30558227539,True,1.7055707614885327,2,0.5372397222190789,18.514286293114626,0.5372473964936545,True,5168.0,0.2170458541340289,0.2170458541340289,True,0.8429635685083037,82.0,True,True,5,True,True,True,True,True,True,True,True,8,True,False,,Titan Company Ltd.,Consumer Durables,EQ,INE280A01028,HOLD,Stage 2 + RS 82; trend/leadership is adequate without a stronger entry trigger.
TORNTPHARM,2026-08-24,4886.5,0.09139370060535357,0.11330660076415322,0.32578067309962266,0.3376884115816281,0.19191261733122222,4449.318775751819,1.4281022461472448,Stage 2 — Advancing,4826.731378293505,5250.0,False,3450.040733610751,0.23845843369539513,0.5327120666206473,2529396126.54834,4833.186005859375,False,9.8258013480796,False,-6.9238095238095205,True,True,True,True,True,True,False,False,4436.834571940104,4274.097390136719,True,2.0179503296253527,2,0.575558366942008,16.62857142857143,0.47086394892065186,True,5250.0,0.2078322540857231,0.22039474159447248,False,7.438862171288241,73.0,True,True,5,True,True,True,True,True,True,True,True,8,True,False,,Torrent Pharmaceuticals Ltd.,Healthcare,EQ,INE685A01028,REDUCE,Stage 2 + RS 73; distribution warning (U/D 0.53) triggers REDUCE.
TORNTPOWER,2026-08-24,1246.300048828125,-0.16542095900048892,-0.18885937214855752,-0.029735564027280392,-0.01437168872893535,-0.11276170858115024,1449.283885380993,-0.22365964441152242,Stage 4 — Declining,1385.2055831609987,1817.8039543841724,False,1171.7578125,1.3620948132185229,0.2440389193062975,396368638.672052,1385.2116284179688,True,-14.005802355244356,False,-31.439248670226316,False,False,False,False,True,True,False,False,1445.3583520507811,1407.0856036376954,True,2.372737496017439,3,1.177445981922527,17.248322147651006,0.6944446503736409,False,1490.0,0.053007540860553766,0.07740024932053478,False,19.553874799332792,18.0,True,False,0,False,True,True,False,False,False,False,False,2,False,False,,Torrent Power Ltd.,Power,EQ,INE813H01021,SELL,Stage 4 takes precedence: the guide requires SELL regardless of RS.
TARIL,2026-08-25,307.8500061035156,-0.019585967823198658,0.03975283729073409,0.03011544191463922,-0.392321353346744,-0.0723250019575536,303.40493105535637,0.8727775948409233,Stage 2 — Advancing,317.79705870385266,552.0,False,224.0500030517578,0.5482075445519062,2.6679066661182995,400749696.22391206,317.68599975585937,True,1.46506354814262,False,-44.230071358058765,True,False,True,True,False,False,False,False,301.71446614583334,297.5015991973877,False,2.781965486070683,2,0.7046172756540475,23.655913978494624,0.5404568831761221,False,372.0,0.013038083450359865,0.02299010728716734,False,20.83806809310691,27.0,True,False,3,True,True,False,True,False,True,False,False,4,False,False,,Transformers And Rectifiers (India) Ltd.,Capital Goods,EQ,INE763I01026,WAIT,Stage 2 + RS 27; wait because the close is below its 50-session average — short-term timing has weakened even though the 30-week trend is intact.
TRANSRAILL,2026-08-25,467.8500061035156,-0.07795596420591133,-0.14705074629190817,-0.27193536520418704,-0.376672965598044,-0.19031420110119238,513.8411691744034,-0.16565201668634622,Stage 4 — Declining,491.094918643727,818.0909716568119,False,447.36551634527547,0.4976225847123491,0.8786790780651369,156114862.97764283,491.0460473632813,True,-8.950462872560882,False,-42.811982736343154,False,False,False,False,False,False,False,False,512.4468817138672,529.7471014404297,False,2.3702651639662733,2,0.738841023979801,14.457781615625438,0.6737894960579819,False,528.6278760916863,0.019814413840803718,0.03422798597822827,False,12.990887933155882,7.0,True,False,0,False,False,False,False,False,False,False,False,0,False,False,,Transrail Lighting Ltd.,Capital Goods,EQ,INE454P01035,SELL,Stage 4 takes precedence: the guide requires SELL regardless of RS.
TRAVELFOOD,2026-08-24,1306.800048828125,0.15584652135771648,0.06252542717909004,-0.03557191968404061,0.07062106748020214,0.08185352353813691,1244.2513661841824,1.1966072454459686,Stage 2 — Advancing,1327.3647054036458,1470.9000244140625,False,1035.300048828125,0.5308061115175988,2.1873969446210833,160038902.46015015,1327.63,True,5.027013378796941,False,-11.156432990835475,True,False,True,True,False,False,False,False,1240.3606632486978,1242.9564978027345,True,4.110368927600681,2,1.6810837833205885,14.644096868505239,0.9310455367863991,False,1470.9000244140625,0.055580722354912966,0.06146711454848082,False,12.557389765411653,58.0,True,True,4,True,False,True,True,False,False,True,False,4,False,False,,Travel Food Services Ltd.,Consumer Services,EQ,INE103V01028,HOLD,Stage 2 + RS 58; trend/leadership is adequate without a stronger entry trigger.
TRENT,2026-08-25,2930.0,0.023603310048273096,0.12225757683862515,-0.30857711936246546,-0.45891028760630037,-0.1196046420067189,2787.5202854104236,0.8929486730079317,Stage 2 — Advancing,3029.6862840839462,5665.627845083876,False,2180.44477277369,0.4199183489616662,0.6139030297811865,3185701925.96073,3032.3240087890626,True,5.111342698932075,False,-48.28463711144757,True,False,True,True,True,False,False,False,2780.4656608072914,3041.8944201660156,False,2.2284248013545223,2,0.3422670914264407,16.58087358496352,0.44261041276220614,True,3399.699951171875,0.12409155027500304,0.24193367130388327,False,16.030715057060576,16.0,True,False,3,False,False,False,False,False,True,False,False,1,False,False,,Trent Ltd.,Consumer Services,EQ,INE849A01020,REDUCE,Stage 2 + RS 16; distribution warning (U/D 0.61) triggers REDUCE.
TRIDENT,2026-08-25,24.420000076293945,-0.006509351013374021,-0.04055315148492633,-0.10401043294116497,-0.11702340132852906,-0.05492113755627369,24.941732498064432,-0.07976347499000225,Stage 4 — Declining,25.294705821018592,30.31139406763905,False,21.533432302754022,0.32506694736210084,1.4257215749216392,84340648.87868318,25.302199935913087,True,-2.0918050572909297,False,-19.436235688133053,False,False,True,False,False,False,False,False,24.934117584228517,25.387071924209593,False,1.8339769621430575,4,0.39730636296335936,11.70446505149911,0.39696884850402914,False,27.34000015258789,0.0010342374290726992,0.0012716654555149892,False,11.957412232478148,31.0,True,False,1,False,False,False,False,False,False,True,False,1,False,False,,Trident Ltd.,Textiles,EQ,INE064C01022,SELL,Stage 4 takes precedence: the guide requires SELL regardless of RS.
TRIVENI,2026-08-25,292.8800048828125,-0.22385053625129958,-0.23947026683742567,-0.1721292214794048,-0.14354035089253625,-0.2005681823423932,371.2615713877221,-1.0779747436588494,Stage 4 — Declining,350.4229389265472,490.1000061035156,False,220.0500030517578,0.9993254933987725,2.3735960402889154,379658698.8222259,349.45639770507813,True,-21.112221825687648,False,-40.240766938298634,False,False,False,False,False,False,False,False,370.1744307454427,368.26177017211916,False,5.063508523504531,1,4.199498765059632,55.10099973243413,3.121563227040939,False,490.1000061035156,0.012404072986504663,0.020437270572936057,False,67.33815826710841,7.0,True,False,0,False,True,False,False,False,True,False,False,2,False,False,,Triveni Engineering & Industries Ltd.,Fast Moving Consumer Goods,EQ,INE256C01024,SELL,Stage 4 takes precedence: the guide requires SELL regardless of RS.
TRITURBINE,2026-08-24,576.7999877929688,-0.1841007456916881,0.19013720222220098,0.06987906550016842,0.08910017165764583,-0.003817010400672189,571.7427317998181,1.0430011117747773,Stage 2 — Advancing,630.7627455767463,787.5999755859375,False,428.3500061035156,0.39891489779064715,0.7721369146725555,468396254.23347473,630.115,True,0.8845334993994092,False,-26.76485453623122,True,False,True,True,False,False,False,False,569.0889813232421,559.5515219116211,True,3.8203411634928193,2,0.6443413082897925,25.093459573702436,0.9951699071012342,False,749.0,0.024532414124553415,0.03272719247914552,False,29.854371680194824,41.0,True,False,3,True,True,True,True,False,True,False,False,5,False,False,,Triveni Turbine Ltd.,Capital Goods,EQ,INE152M01016,WAIT,Stage 2 + RS 41; wait because the close is below its 50-session average — short-term timing has weakened even though the 30-week trend is intact.
TIINDIA,2026-08-25,2888.0,-0.05185261181917211,0.10343839456017867,0.00427877121100706,-0.0548949208837638,-0.010176595750184458,2814.821586713399,1.207675101036676,Stage 2 — Advancing,2934.111562691483,3415.1444625624204,False,2161.889399515081,0.4419109048576499,2.104765670990413,1527275330.805371,2927.5453564453123,True,2.5997531648904504,False,-15.43549528698116,True,False,True,True,False,False,False,False,2800.465812174479,2772.4499829101565,False,3.000031301922692,3,0.9857725631851547,20.076751218533992,2.6400585283760054,False,3333.3831842009567,0.12231276354751153,0.14547572678565848,False,15.421855408620377,39.0,True,False,3,True,True,False,True,False,True,True,False,5,False,False,,Tube Investments of India Ltd.,Automobile and Auto Components,EQ,INE974X01010,WAIT,Stage 2 + RS 39; wait because the close is below its 50-session average — short-term timing has weakened even though the 30-week trend is intact.
UCOBANK,2026-08-24,25.889999389648438,0.04648341265842704,-0.0997838828623494,-0.1423161026932107,-0.0895081801829648,-0.04772826808433417,26.31727766010859,-0.6500121060345032,Stage 4 — Declining,26.496666590372723,33.63829638359693,False,21.855055871357475,0.5434124945590906,1.380794465156116,87743105.1054326,26.50299991607666,True,-1.6235656133529952,False,-23.034154005869333,False,False,True,False,False,False,False,False,26.377099227905273,27.132497272491456,False,1.230480907400795,4,0.21615688605730674,15.845539559958683,0.2722928517068025,False,30.040000915527344,0.0011011515259242055,0.0013871277036575436,False,16.029361234895177,33.0,True,False,1,False,False,False,False,False,False,True,False,1,False,False,,UCO Bank,Financial Services,EQ,INE691A01018,SELL,Stage 4 takes precedence: the guide requires SELL regardless of RS.
UNOMINDA,2026-08-24,1251.300048828125,0.15049985768377416,0.06432231575205116,-0.019807525354537003,-0.009198788418780524,0.06726314346925641,1137.229737582272,0.5543734287928315,Stage 2 — Advancing,1171.9529454848346,1378.852549646065,False,992.4616833454146,1.4078372717315857,4.094487384915229,1052661103.8042603,1172.8780053710936,False,10.030542420422828,False,-9.250626606208268,True,True,True,True,False,False,False,False,1137.3487829589844,1170.790216369629,True,2.2131265543439405,2,0.7192149638298125,17.761695215554745,0.7553849168704021,False,1298.300048828125,0.05322020048818676,0.0587340681398646,False,3.756093516020931,56.0,True,True,5,True,False,True,True,True,False,True,False,5,False,False,,UNO Minda Ltd.,Automobile and Auto Components,EQ,INE405E01023,HOLD,Stage 2 + RS 56; trend/leadership is adequate without a stronger entry trigger.
UPL,2026-08-24,571.9000244140625,-0.08633563254077015,-0.08423450295781187,-0.2225180117159855,-0.19403185093269426,-0.1346911261376064,627.3140421828178,-1.8193561749257792,Stage 4 — Declining,589.0277745863971,804.4134581804076,False,557.7511250379978,0.677716894296659,0.6887974679864515,1153135460.1595917,588.5945568847657,True,-8.833536959564192,False,-28.904717021056946,False,False,False,False,True,False,False,False,629.7521402994792,661.7434695434571,False,1.5543435157181569,3,0.29983523584790883,10.76695689453592,0.7121059039057495,False,625.0499877929688,0.024324009247038713,0.033353810907334615,False,9.293575994049096,14.0,True,False,0,False,False,False,False,False,False,False,False,0,False,False,,UPL Ltd.,Chemicals,EQ,INE628A01036,SELL,Stage 4 takes precedence: the guide requires SELL regardless of RS.
UTIAMC,2026-08-24,886.4500122070312,-0.03242730911794012,-0.12304379872898208,-0.19460468876851622,-0.32993921488694555,-0.14248846412406485,933.3173113261183,-0.8518070805047406,Stage 4 — Declining,915.3765378465839,1362.8249046583157,False,861.6167441984458,0.1781932805846306,0.5258338939451348,107218856.30326538,915.5636865234375,True,-5.0215825368646545,False,-34.95495942457259,False,False,False,False,True,True,False,False,935.5501550292969,973.8748745727539,False,1.486265026887918,1,0.8383862978116972,12.012205274337367,0.2886273522562779,False,995.59263046799,0.037702425902241696,0.057526151917310246,False,12.312326330643497,13.0,True,False,0,False,False,False,False,False,False,False,False,0,False,False,,UTI Asset Management Company Ltd.,Financial Services,EQ,INE094J01016,SELL,Stage 4 takes precedence: the guide requires SELL regardless of RS.
UJJIVANSFB,2026-08-25,69.45999908447266,0.26590122902498714,0.1345964995012605,0.28963977529407736,0.5876571219308035,0.3087391709552232,60.277808463736754,1.378684651629536,Stage 2 — Advancing,65.62098065544578,73.94000244140625,False,41.95000076293945,0.524530527518222,1.0291347080309015,940370009.5677525,65.78560028076171,False,15.23311954226061,False,-6.058971069799157,True,True,True,True,False,False,False,False,60.27493357340495,58.858400173187256,True,2.722021354302437,1,0.9328876517684563,25.060862837647647,0.7045101070573766,False,73.94000244140625,0.0029417743919769638,0.0030911627774384285,False,6.449760172736707,85.0,True,True,5,True,True,True,True,True,True,True,True,8,True,False,,Ujjivan Small Finance Bank Ltd.,Financial Services,EQ,INE551W01018,HOLD,Stage 2 + RS 85; trend/leadership is adequate without a stronger entry trigger.
ULTRACEMCO,2026-08-25,11540.0,0.004225631235746485,-0.0970362638555009,0.01688690255218228,-0.06587733284428154,-0.027515086335221442,11559.56947640197,-0.21260615734002286,Stage 4 — Declining,11536.80482153799,12847.756783521221,False,10118.465708821142,0.8869242574472804,1.1973951760686896,2667260864.15,11544.27806640625,True,-0.16929243292251872,False,-10.178872511025228,False,True,False,False,False,False,False,False,11571.596809895833,11565.067138671875,False,1.5882644218866055,1,1.0978664247035732,10.167640677136895,0.8551078185991839,False,12239.0,0.48874282941076286,0.5533893674773233,False,6.0571923743500955,36.0,True,False,1,False,True,False,False,False,False,True,False,2,False,False,,UltraTech Cement Ltd.,Construction Materials,EQ,INE481G01011,SELL,Stage 4 takes precedence: the guide requires SELL regardless of RS.
UNIONBANK,2026-08-25,186.97999572753906,0.1399332426825981,-0.03411684613076338,0.2594079531703595,0.4469371293852815,0.19041894435801476,172.0187338215031,0.6454166048550203,Stage 2 — Advancing,173.38248877431832,199.59697275189,False,121.06557921577175,0.7448940602975591,3.525556718396451,2086032065.266671,173.53676483154297,False,8.6974607786386,False,-6.321226645072686,True,True,True,True,False,False,False,False,171.93688303629557,166.91693031311036,True,2.4910988549239526,2,1.0519653268710136,19.456397037882997,0.708712292582041,False,190.5800018310547,0.007918988921584904,0.008480622867931489,False,1.925342916769246,73.0,True,True,5,True,True,True,True,True,True,True,True,8,True,False,,Union Bank of India,Financial Services,EQ,INE692A01016,HOLD,Stage 2 + RS 73; trend/leadership is adequate without a stronger entry trigger.
UBL,2026-08-25,1348.5999755859375,0.02621576972004558,-0.14438922749895278,-0.2006846872476078,-0.26785802567887473,-0.11210008019706882,1437.562550165882,-0.5328506884252571,Stage 4 — Declining,1362.0577631931678,1868.7024623022708,False,1266.9841747341861,0.851082244178633,0.5025666322904028,126418775.2544922,1362.773671875,True,-6.188431562138219,False,-27.832279199523224,False,False,False,False,True,True,False,False,1437.5534903971354,1488.0970690917968,False,1.8878335668715072,2,1.587330123797416,10.184426308596077,0.5387080090521659,False,1453.6559119362512,0.05711599374446766,0.08178034923828562,False,7.7899998703966356,19.0,True,False,0,False,False,False,False,False,False,False,False,0,False,False,,United Breweries Ltd.,Fast Moving Consumer Goods,EQ,INE686F01025,SELL,Stage 4 takes precedence: the guide requires SELL regardless of RS.
UNITDSPR,2026-08-25,1550.0,0.21636673089083525,0.10579570856235754,0.09689504479460354,0.19652151625103254,0.16638914627793283,1354.381049169253,1.1311786240195687,Stage 2 — Advancing,1438.1876268573835,1563.4000244140625,True,1201.5470073699987,0.2549192829710915,1.1237581593010142,916568887.2785279,1441.169921875,False,14.44342055367176,False,-0.857107854983219,True,True,True,True,False,False,False,False,1353.2355696614584,1363.4423455810547,True,1.657604024157546,3,0.4262241615235213,18.35294792138654,0.5317482109698585,True,1563.4000244140625,0.06564570065742482,0.06613714419386052,False,0.864517704133072,71.0,True,True,5,True,False,True,True,True,False,True,True,6,False,False,,United Spirits Ltd.,Fast Moving Consumer Goods,EQ,INE854D01024,HOLD,Stage 2 + RS 71; trend/leadership is adequate without a stronger entry trigger.
URBANCO,2026-08-25,169.27999877929688,,,,,,128.4839728891033,1.0881718654102368,Stage 2 — Advancing,137.00372673483457,,False,,1.7781976873868863,7.745322253112526,2777913350.464116,137.16660125732423,False,31.75184030572069,True,,True,True,True,True,False,False,False,False,128.43986694335936,129.69170009613038,False,3.5980119534564694,1,2.7345107301247653,26.42023924768052,4.02112619620587,False,172.3300018310547,0.007169357501390298,,False,1.8017503980102934,,True,False,4,True,False,False,True,True,False,False,False,3,False,False,,Urban Company Ltd.,Consumer Services,EQ,INE0CAZ01013,WAIT,"Stage 2 + RS unavailable; wait because price is more than 20% above the 30-week line (currently +32%) — the guide treats that as poor entry timing, not a failed trend."
USHAMART,2026-08-25,487.25,0.035894987075811624,0.15304897173362475,0.18994213137726068,0.26490752851015786,0.13593772115453331,457.46687860358253,1.052379651806712,Stage 2 — Advancing,494.7068092495787,523.5665450542912,False,371.2111661116803,0.33814824428880264,0.6174294791558906,208702839.79255372,494.6913934326172,True,6.510443223196938,False,-6.9363761679091525,True,False,True,True,True,False,False,False,456.2777128092448,452.0299659729004,True,2.568711194613061,2,0.7365235198805178,12.71347223877693,0.6941638355017206,False,523.0702866364934,0.020636043642148542,0.022932298328770077,False,7.3515211157503035,67.0,True,True,4,True,True,True,True,False,True,True,False,6,False,False,,Usha Martin Ltd.,Capital Goods,EQ,INE228A01035,REDUCE,Stage 2 + RS 67; distribution warning (U/D 0.62) triggers REDUCE.
VGUARD,2026-08-25,332.70001220703125,0.09029203395473395,0.06816916985885402,-0.02027098860397758,-0.09125044491735579,0.02744636084939771,316.54136352539064,0.5655754798485013,Stage 2 — Advancing,310.86563828412227,390.34213160745503,False,287.43192892625956,0.24165892258042004,3.588737813267111,992224872.9572891,310.9969183349609,False,5.104751082663639,False,-14.767076042509085,True,True,False,True,False,False,False,False,316.27370483398437,320.5398870849609,False,3.3857187174393677,2,1.4459877233129579,17.87659173535441,0.8507832188309347,False,350.0,0.014090532522622165,0.016438795832922033,False,5.1998759116977045,49.0,True,False,3,True,False,False,False,True,False,True,False,3,False,False,,V-Guard Industries Ltd.,Consumer Durables,EQ,INE951I01027,WAIT,Stage 2 + RS 49; wait because relative strength is below 50 — the trend has turned up but the stock still lags most of the universe.
VMART,2026-08-24,856.5499877929688,0.3375386501622064,0.5072430006666415,0.07927096280707824,0.14818826546416175,0.28195590585245883,666.1230895996093,2.1853960798978944,Stage 2 — Advancing,778.5508482689951,886.8128854091074,False,457.2878261718021,1.4577280735183322,3.0847385987896936,105638425.10986023,779.5024353027344,False,28.587343865804215,True,-3.4125459963493476,True,True,True,True,False,False,False,False,663.6322637939453,685.3964689636231,False,3.295612947615286,3,1.006023443638929,21.4351472858568,0.8037722537605331,False,868.9000244140625,0.03643072029061932,0.03778404293708913,False,1.4418348954642335,82.0,True,True,5,True,False,False,True,True,True,True,True,6,False,False,,V-Mart Retail Ltd.,Consumer Services,EQ,INE665J01013,WAIT,"Stage 2 + RS 82; wait because price is more than 20% above the 30-week line (currently +29%) — the guide treats that as poor entry timing, not a failed trend."
VIPIND,2026-08-25,299.70001220703125,-0.023301266919552588,-0.17003598133111908,-0.15660614307200316,-0.2877005057468063,-0.13218903279780675,322.3130131551664,-0.98332993864092,Stage 4 — Declining,305.59705846449907,454.29998779296875,False,278.25,2.6648890952876183,0.6811118687516801,101669084.17726898,305.2359997558594,True,-7.015851059432377,False,-34.030371943657414,False,False,False,False,True,False,False,False,323.0453328450521,335.6039999389648,False,3.8467049992297513,1,1.6485875342882905,12.634610850186508,2.0474441892048736,False,329.6499938964844,0.01269291437959312,0.01940266508746217,False,9.993320143331808,14.0,True,False,0,False,False,False,False,False,False,False,False,0,False,False,,V.I.P. Industries Ltd.,Consumer Durables,EQ,INE054A01027,SELL,Stage 4 takes precedence: the guide requires SELL regardless of RS.
V2RETAIL,2026-08-25,223.25,-0.06499980732400135,0.13538114456668238,-0.07083699159201173,0.2824563284222905,0.043400173349791696,212.943013543952,0.6070851460052706,Stage 2 — Advancing,223.55078424191942,259.25,False,158.55999755859375,1.6891935113670788,0.5853310069106159,231418266.24550018,223.42779998779298,True,4.840255749419375,False,-13.886210221793638,True,False,True,True,True,True,False,False,212.2742665608724,216.60194984436035,False,2.6056626838143395,2,0.6386349167453688,14.83207393561333,1.1701526547181278,False,248.9199981689453,0.009455098497916188,0.011396720678121426,False,11.498319448575733,51.0,True,True,4,True,False,False,True,False,True,True,False,4,False,False,,V2 Retail Ltd.,Consumer Services,EQ,INE945H01021,REDUCE,Stage 2 + RS 51; distribution warning (U/D 0.59) triggers REDUCE.
DBREALTY,2026-08-24,105.68000030517578,-0.0825592667303564,-0.06361864492597946,-0.19836153502744513,-0.4002610732727525,-0.165471957337378,111.74513683580372,0.17976339874619107,Stage 1 — Basing,113.53588238884421,184.8000030517578,False,83.5,3.109595613847357,0.8804063418216964,79399912.0478077,113.50740005493164,True,-5.427651441816161,False,-42.81385359307733,False,False,True,True,False,False,False,False,111.45213312784831,114.86484981536866,False,4.37168915440049,2,1.5297428666714505,22.20017596233832,1.9808199761374203,False,125.98999786376953,0.004494773902630633,0.007879412131137542,False,19.21839278950026,11.0,True,False,2,False,False,False,False,False,False,False,False,0,False,False,1.0,VALOR ESTATE Ltd.,Realty,EQ,INE879I01012,AVOID,Stage 1 + RS 11; weak RS in a basing stage is AVOID.
WABAG,2026-08-25,2021.5,0.39484566396288256,0.6123740573745631,0.45211889780467795,0.2829577960504883,0.427428415831099,1579.5915920309824,3.5040204282631215,Stage 2 — Advancing,2013.0870600681678,2248.015501662673,False,1030.4859602847353,0.659843172426787,1.2562815251865767,982159419.0508789,2018.3481909179689,False,27.97611801673543,True,-10.076242868215912,True,True,True,True,False,False,False,False,1566.6692431640624,1501.8919122314453,True,3.4154269304474667,2,0.47351737435999164,22.822281408833756,0.7690278921415097,True,2248.015501662673,0.08561469927676404,0.09490131693142455,False,11.20531791554158,90.0,True,True,5,True,True,True,True,True,True,True,True,8,True,False,,Va Tech Wabag Ltd.,Utilities,EQ,INE956G01038,WAIT,"Stage 2 + RS 90; wait because price is more than 20% above the 30-week line (currently +28%) — the guide treats that as poor entry timing, not a failed trend."
VAIBHAVGBL,2026-08-24,219.5,0.007383690780943475,-0.034743757874287295,-0.04268807420223686,0.03482038484696548,-0.005568813133534346,227.45649498248923,0.43058909459103845,Stage 1 — Basing,243.22144781374465,286.0804190389319,False,171.95281788079984,0.7297514934708735,0.5055358930441012,129715604.51949234,243.3020474243164,True,-3.4980293629785164,False,-23.273322677100506,False,False,True,True,True,True,False,False,226.77309397379557,228.93200035095214,True,3.793141273127229,2,0.8431179183326635,22.41144399554474,0.5829976784610119,False,280.5181654418038,0.009335757653088349,0.011658637769502204,False,27.79870862952336,41.0,True,False,2,False,False,True,True,False,False,True,False,3,False,False,2.0,Vaibhav Global Ltd.,Consumer Durables,EQ,INE884A01027,AVOID,Stage 1 + RS 41; weak RS in a basing stage is AVOID.
VTL,2026-08-25,601.3499755859375,-8.322052892129062e-05,0.10278743636108234,0.4144419245419402,0.4711891957794978,0.19765042312493555,580.0489719338613,2.0512275812982095,Stage 2 — Advancing,622.9176456227023,688.0,False,382.7530066464721,0.5602133335366049,0.5124998965023909,208101313.94204408,622.7389990234375,True,3.672276770193994,False,-12.59448029274164,True,False,True,True,True,True,False,False,575.416332804362,541.0014994812012,True,2.22297415311932,2,0.4420647925170939,16.27906976744186,0.45681203952412847,True,688.0,0.025468413217847857,0.028593008878568478,False,14.409250508347204,74.0,True,True,4,True,True,True,True,False,True,True,True,7,False,False,,Vardhman Textiles Ltd.,Textiles,EQ,INE825A01020,REDUCE,Stage 2 + RS 74; distribution warning (U/D 0.51) triggers REDUCE.
VARROC,2026-08-24,812.4000244140625,0.44862516042189426,0.4909431308595775,0.23763578754825354,0.47553914190697655,0.42027367623171924,592.5090765591325,3.313255633070167,Stage 2 — Advancing,690.5732338101257,874.8499755859375,False,461.0607825414901,0.444277178628554,9.370144974024122,938840671.1054261,692.7484020996094,False,37.111827743112194,True,-7.138361195020737,True,True,True,True,False,False,False,False,591.0887683105469,600.2568771362305,True,4.86741652452953,2,0.9893038480776458,33.48977759687649,0.7147249310406275,False,874.8499755859375,0.034552937336185634,0.035975803725785946,False,7.687093709397241,90.0,True,True,5,True,False,True,True,True,True,True,True,7,False,False,,Varroc Engineering Ltd.,Automobile and Auto Components,EQ,INE665L01035,WAIT,"Stage 2 + RS 90; wait because price is more than 20% above the 30-week line (currently +37%) — the guide treats that as poor entry timing, not a failed trend."
VBL,2026-08-25,438.0,-0.1737596969243751,-0.03596923405532948,-0.021370802446289305,-0.14834605419796842,-0.11064109690966749,469.0851975532427,-0.7727991876228968,Stage 4 — Declining,469.6898241230086,555.1842484654879,False,379.7399002549519,1.5906833291459102,1.4914132252122638,1934621080.0774765,468.27460815429686,True,-6.6267700868378965,False,-21.1072718272144,False,False,True,False,False,False,False,False,469.38907531738283,471.0788032531738,False,2.1273643458814924,3,0.4307811517519736,23.893480982662577,0.5182627690005128,False,555.1842484654879,0.018550204443840045,0.023817890761814245,False,26.75439462682374,19.0,True,False,1,False,False,False,False,False,False,True,False,1,False,False,,Varun Beverages Ltd.,Fast Moving Consumer Goods,EQ,INE200M01039,SELL,Stage 4 takes precedence: the guide requires SELL regardless of RS.
MANYAVAR,2026-08-25,536.5,0.2799713892695346,0.34141763626771593,-0.12322278379750573,-0.30399551770762034,0.09482842266033181,426.5582767881196,0.517675861617195,Stage 2 — Advancing,443.9411782657399,779.0,False,329.20001220703125,2.9820645377655945,11.880070673393242,1519698022.269487,444.5430017089844,False,25.774139008558205,True,-31.129653401797174,True,True,True,True,False,False,False,False,428.7706677246094,469.4645016479492,False,3.2891761191658486,1,1.5957201046951301,31.074006118498986,0.5707927142530368,False,554.0,0.022721882840457043,0.03356453331831484,False,3.2618825722273925,60.0,True,True,5,True,False,False,False,True,True,False,False,3,False,False,,Vedant Fashions Ltd.,Consumer Services,EQ,INE825V01034,HOLD,Stage 2 + RS 60; trend/leadership is adequate without a stronger entry trigger.
VEDL,2026-08-25,275.0,-0.17293233082706772,-0.6158385102965016,-0.4459670295294065,-0.35622210280299715,-0.3527784608566082,464.5986847550902,-5.223500288694649,Stage 4 — Declining,274.1892152674058,795.0,False,249.6999969482422,0.4529401435956882,1.2413824198158847,3428353158.705751,273.67399932861326,False,-40.80913075658743,False,-65.40880503144655,False,True,False,False,False,False,False,False,469.98747772216797,491.6775687408447,False,2.701299493963068,2,0.5578954447329534,19.190939498950748,0.6098340838878428,False,309.0,0.01164681785857537,0.034553300785705135,False,12.363636363636354,1.0,True,False,1,False,False,False,False,True,False,False,False,1,False,False,,Vedanta Ltd.,Metals & Mining,EQ,INE205A01025,SELL,Stage 4 takes precedence: the guide requires SELL regardless of RS.
VIJAYA,2026-08-24,1482.4000244140625,0.2080515474757627,0.5034483006227815,0.44062198679695097,0.45469171646629514,0.3629730197675106,1179.0633574185306,2.806583039226185,Stage 2 — Advancing,1377.0451013901654,1573.0,False,848.0,0.4987576417221259,1.6727216256371151,331937965.91574097,1378.9220043945313,False,25.726918327753356,True,-5.759693298533852,True,True,True,True,False,False,False,False,1173.7523347981771,1134.7177499389647,True,3.841262741179827,2,1.5401126781917807,18.620471990722347,0.920302438846691,False,1573.0,0.06304932743900656,0.06393529344140794,False,6.111708991758036,88.0,True,True,5,True,True,True,True,True,True,True,True,8,True,False,,Vijaya Diagnostic Centre Ltd.,Healthcare,EQ,INE043W01024,WAIT,"Stage 2 + RS 88; wait because price is more than 20% above the 30-week line (currently +26%) — the guide treats that as poor entry timing, not a failed trend."
VIKRAMSOLR,2026-08-25,169.99000549316406,,,,,,196.57095922182685,-1.597693278907708,Stage 4 — Declining,183.15509870940565,407.95001220703125,False,155.3800048828125,0.34830770706196035,1.5026021779887007,1259731405.0475457,182.6342007446289,True,-13.522319794281845,False,-58.330677679476196,False,False,False,False,False,False,False,False,196.73626708984375,211.59670013427734,False,5.096517194620819,2,0.8716035331275367,27.494165809561345,3.565584557697805,False,214.3000030517578,0.007199427751844031,0.01641663859254704,False,26.066236912013995,,True,False,0,False,False,False,False,False,False,False,False,0,False,False,,Vikram Solar Ltd.,Capital Goods,EQ,INE078V01014,SELL,Stage 4 takes precedence: the guide requires SELL regardless of RS.
VMM,2026-08-25,112.5,-0.07063199369026085,-0.0851427268176721,-0.16000891396790518,-0.24440862071880998,-0.12616484977698178,116.06219168885113,-1.1194901481074826,Stage 4 — Declining,112.58313706341912,157.60000610351562,False,98.7699966430664,1.7062488010836205,1.7477234546201805,1859265221.663173,112.49579986572266,False,-3.0692093928408104,False,-28.616754033558102,False,False,False,False,False,False,False,False,116.26759989420573,120.6848498916626,False,2.916825551835317,2,1.5753195754517482,17.260898764740045,2.4474093136334907,False,123.69000244140625,0.0047646073057808335,0.0067259146573177605,False,9.94666883680555,16.0,True,False,0,False,False,False,False,True,False,False,False,1,False,False,,Vishal Mega Mart Ltd.,Consumer Services,EQ,INE01EA01019,SELL,Stage 4 takes precedence: the guide requires SELL regardless of RS.
VIYASH,2026-08-25,278.3500061035156,0.06663862361227513,0.26943950690876517,0.25405477421138234,0.5921180757779578,0.24977792082453112,234.16253359023838,1.9396444860275475,Stage 2 — Advancing,267.96078341614964,298.0,False,167.9499969482422,2.258024231599723,1.5236847856077333,837649749.1323731,268.37299896240233,False,18.870428089320647,False,-6.593957683384022,True,True,True,True,False,False,False,False,233.26313262939453,228.39124938964844,True,4.321384587242736,2,0.9697247748480469,18.37248322147651,1.8480541097008185,False,298.0,0.01178869753462178,0.012623839980657473,False,7.059455169969264,79.0,True,True,5,True,True,True,True,True,True,True,True,8,True,False,,Viyash Scientific Ltd.,Healthcare,EQ,INE807F01027,HOLD,Stage 2 + RS 79; trend/leadership is adequate without a stronger entry trigger.
IDEA,2026-08-25,15.1899995803833,0.08190880496117137,0.4156570576346388,0.5114427156316896,1.0527026195435574,0.4287240005464457,12.07150686603703,1.948168268546091,Stage 2 — Advancing,13.811960781321806,15.34000015258789,True,6.460000038146973,1.259637888887774,2.0072560060774762,5280544272.49671,13.79579999923706,False,25.83349990149195,True,-0.9778394440190685,True,True,True,True,False,False,False,False,12.018666687011718,11.747800030708312,True,3.2446161773788713,2,1.9336646504536088,17.700848882242028,1.1520196539532221,False,15.3100004196167,0.0006433278486711295,0.0006654692701967283,False,0.7899989634520432,91.0,True,True,5,True,True,True,True,True,True,True,True,8,True,False,,Vodafone Idea Ltd.,Telecommunication,EQ,INE669E01016,WAIT,"Stage 2 + RS 91; wait because price is more than 20% above the 30-week line (currently +26%) — the guide treats that as poor entry timing, not a failed trend."
VOLTAMP,2026-08-24,11292.0,0.24969190030960742,0.3541355326768265,0.39398987402019636,0.38839455208907436,0.32718075188106244,9285.379919600813,2.3310326478675814,Stage 2 — Advancing,9828.345511642157,12724.746990128295,False,6594.353209382375,2.7776655411339735,8.784139282562425,763789464.875,9829.169140625,False,21.610532878286936,True,-11.259532242486259,True,True,True,True,False,False,False,False,9220.23400390625,8864.627463378907,True,2.817101867314407,1,1.34840081022233,22.403624241388155,0.8604022456953011,False,11699.0,0.48027050304634916,0.5424891251382455,False,3.604321643641506,86.0,True,True,5,True,True,True,True,True,True,True,True,8,True,False,,Voltamp Transformers Ltd,Capital Goods,EQ,INE540H01012,WAIT,"Stage 2 + RS 86; wait because price is more than 20% above the 30-week line (currently +22%) — the guide treats that as poor entry timing, not a failed trend."
VOLTAS,2026-08-25,1243.0,-0.028890320695415417,-0.18096110620236006,-0.08065707747777517,-0.08140208956284878,-0.08016018292676298,1349.5379304232663,-0.5602480766588314,Stage 4 — Declining,1303.8941195618872,1577.544205432766,False,1183.0834699283537,0.3480591189137073,0.7248652569171921,1177471589.7296386,1303.4200024414063,True,-7.894400596050821,False,-21.20664538468453,False,False,False,False,False,False,False,False,1348.2665258789064,1356.948237915039,False,2.621538175164851,3,1.009642854528067,13.903254156369135,1.4738200960258006,False,1411.9000244140625,0.05264361672076068,0.06718266276055992,False,13.588095286730685,25.0,True,False,0,False,False,False,False,False,False,True,False,1,False,False,,Voltas Ltd.,Consumer Durables,EQ,INE226A01021,SELL,Stage 4 takes precedence: the guide requires SELL regardless of RS.
WAAREEENER,2026-08-25,2655.0,-0.11031430753914473,-0.01975263060734722,-0.18573271162310312,-0.15696448048671008,-0.11661568755908999,2970.1376802627356,0.1968393364908838,Stage 1 — Basing,2808.3372491574755,3862.832998996418,False,2403.0,0.5377365113835791,0.5661016795361541,2026925362.5840821,2803.2119921875,True,-10.610204447992421,False,-31.26806153178816,False,False,False,True,True,True,False,False,2958.710675455729,2965.056009521484,False,1.7662099654038876,2,0.3154573282646982,18.899234897713058,0.5204638190088736,False,3157.800048828125,0.11244473241642768,0.161786777964548,False,18.937854946445377,18.0,True,False,1,False,False,False,False,False,False,False,False,0,False,False,3.0,Waaree Energies Ltd.,Capital Goods,EQ,INE377N01017,AVOID,Stage 1 + RS 18; weak RS in a basing stage is AVOID.
WAAREERTL,2026-08-25,871.25,-0.10896910321452036,0.0380674522479707,-0.1719729705084515,-0.16594866900001792,-0.10355847873790788,937.5479435332834,-0.3110305756934939,Stage 4 — Declining,956.3617673387714,1358.0,False,779.5,0.44149587282721847,0.2643790217400152,98139590.16579895,956.0780029296875,True,-7.0714190128165715,False,-35.84315169366715,False,False,True,False,True,True,False,False,936.0793318684896,954.239499206543,False,1.4285719289621337,1,0.583263973567907,18.64406779661017,0.38799124901590865,False,1062.0,0.03689923657921379,0.05580745601886726,False,21.893830703012917,20.0,True,False,1,False,False,False,True,False,False,False,False,1,False,False,,Waaree Renewable Technologies Ltd.,Capital Goods,EQ,INE299N01021,SELL,Stage 4 takes precedence: the guide requires SELL regardless of RS.
WAKEFIT,2026-08-25,145.13999938964844,,,,,,146.41404123175633,-1.9609012665101289,Stage 4 — Declining,127.64078461890126,,False,,0.3799650026556618,1.1492955561491123,207813045.12683183,127.71260025024414,False,-0.870163702462956,False,,False,True,False,False,False,False,False,False,147.36233352661134,,False,4.2033305966596854,1,1.7336871900927955,25.656522423905688,0.3906236967111698,False,158.7899932861328,0.00614697867958173,,False,9.404708525483096,,True,False,1,False,False,False,False,True,False,False,False,1,False,False,,Wakefit Innovations Ltd.,Consumer Durables,EQ,INE0E7301029,SELL,Stage 4 takes precedence: the guide requires SELL regardless of RS.
WEWORK,2026-08-24,672.0999755859375,,,,,,591.1937906199488,1.2385419163975175,Stage 2 — Advancing,699.6313715916054,,False,,0.48418382409219635,0.9547089036292982,177008736.1997406,700.9029992675781,True,13.685222383873041,False,,True,False,True,True,False,False,False,False,591.324331258138,594.9124995422363,False,3.8291515291767566,2,0.9406726608763252,22.945247047573158,0.4252343910184167,False,794.5,0.0285857061080497,,False,18.211579952425083,,True,False,3,True,False,False,True,False,False,False,False,2,False,False,,WeWork India Management Ltd.,Services,EQ,INE085001019,WAIT,Stage 2 + RS unavailable; wait because the close is below its 50-session average — short-term timing has weakened even though the 30-week trend is intact.
WEBELSOLAR,2026-08-25,79.69000244140625,-0.2827828097952334,0.4002811923224776,-0.272237420626427,-0.38377669402991066,-0.16425970838486537,89.63780821186222,0.18246153037673185,Stage 1 — Basing,96.9376470528397,141.5,False,50.400001525878906,0.9514861027333491,0.47364970163631953,194909185.98789024,96.75380004882813,True,-11.097778904794254,False,-43.68197707321113,False,False,True,True,True,True,False,False,89.2895999399821,91.68344999313355,False,4.898445749745035,2,1.1745350287366831,28.15217518250596,1.3885160228064606,False,110.4000015258789,0.003375036158489037,0.005923087024596927,False,38.536827887604645,11.0,True,False,2,False,False,False,True,False,True,False,False,2,False,False,1.0,Websol Energy System Ltd.,Capital Goods,EQ,INE855C01023,AVOID,Stage 1 + RS 11; weak RS in a basing stage is AVOID.
WELCORP,2026-08-25,2345.5,0.8135698980977293,1.9517568860385062,1.7188355878232993,1.6492043391647488,1.3893873218444028,1258.5765359956924,7.348218958761943,Stage 2 — Advancing,1677.8526300168505,2433.89990234375,False,707.6502693631002,1.656345999878346,8.247672850316041,4464048975.81972,1684.0246142578126,False,86.36133226052989,True,-3.632027030307383,True,True,True,True,False,False,False,False,1244.9393347167968,1138.8164318847657,True,3.519810119158647,1,2.616532961208524,43.87754467201704,3.2518503383850033,False,2433.89990234375,0.09933676831741284,0.1024679129019267,False,3.76891504343424,99.0,True,True,5,True,True,True,True,True,True,True,True,8,True,False,,Welspun Corp Ltd.,Capital Goods,EQ,INE191B01025,WAIT,"Stage 2 + RS 99; wait because price is more than 20% above the 30-week line (currently +86%) — the guide treats that as poor entry timing, not a failed trend."
WELENT,2026-08-24,647.9000244140625,0.2889049892824924,0.30049011593507413,0.2237391135033886,0.38059867074773623,0.2965275757502368,523.6130521591396,1.5268603612793807,Stage 2 — Advancing,592.2384835037531,654.0,True,409.9812045484441,1.6265904267284446,2.859017206999449,367701714.6109375,592.9311682128906,False,23.73641599315002,True,-0.932717979501152,True,True,True,True,False,False,True,True,522.5521724446614,520.0131065368653,True,3.6149759889994875,1,2.314639898183034,16.740256913906595,2.483035579442884,False,654.0,0.027556435587060193,0.027556435587060193,True,0.9414995147521532,84.0,True,True,5,True,True,True,True,True,True,True,True,8,True,False,,Welspun Enterprises Ltd.,Construction,EQ,INE625G01013,WAIT,"Stage 2 + RS 84; wait because price is more than 20% above the 30-week line (currently +24%) — the guide treats that as poor entry timing, not a failed trend."
WELSPUNLIV,2026-08-25,190.3000030517578,0.37364267230008985,0.4982638389369205,0.46168993212574216,0.6324961677936014,0.4679470566912888,142.6663843442316,2.697007971801235,Stage 2 — Advancing,165.8646078670726,195.0,True,107.03568289025932,0.38105457558096545,19.93212110040464,1764138971.2591622,166.26805084228516,False,33.38811656752565,True,-2.410254845252402,True,True,True,True,False,False,False,False,142.03737269083658,139.86209991455078,True,4.397944103577771,2,1.2476052792977552,25.85992814679115,6.959037280833105,False,195.0,0.008059598087382401,0.008099354266517008,True,2.4697829074463495,91.0,True,True,5,True,True,True,True,True,True,True,True,8,True,False,,Welspun Living Ltd.,Textiles,EQ,INE192B01031,WAIT,"Stage 2 + RS 91; wait because price is more than 20% above the 30-week line (currently +33%) — the guide treats that as poor entry timing, not a failed trend."
WESTLIFE,2026-08-24,584.5999755859375,0.24112497678094758,0.18698237288757324,0.05103186854077424,-0.16445866951400678,0.11116110509524718,488.23609903413956,1.3323638483468736,Stage 2 — Advancing,514.0526948816636,774.4643697644537,False,398.1246588021791,0.20342187394943362,1.2489632692155654,109733801.31482391,514.8722924804688,False,19.737146995568587,False,-24.51557509821424,True,True,True,True,False,False,False,False,488.3140781656901,502.5085624694824,False,4.000254153489468,2,0.6404542640173669,27.17902718644978,0.7270311191759121,False,608.9500122070312,0.024864162624472337,0.032851929103789056,False,4.1652476288060125,62.0,True,True,5,True,False,False,True,True,True,True,False,5,False,False,,Westlife Foodworld Ltd.,Consumer Services,EQ,INE274F01020,HOLD,Stage 2 + RS 62; trend/leadership is adequate without a stronger entry trigger.
WHIRLPOOL,2026-08-24,769.0499877929688,-0.09068875224006057,-0.14951618712417059,-0.3499704136059236,-0.4065982935994863,-0.21749247976194036,839.8332185092038,-0.22652844902740776,Stage 4 — Declining,791.9117647058823,1437.0,False,751.0,0.7897729069239018,0.9028806117440934,288256008.1722778,791.87,True,-8.428248508898351,False,-46.48225554676627,False,False,False,False,False,False,False,False,838.4636657714843,879.3767495727539,False,3.1342021198105843,2,1.4459085214159038,10.70154577883472,0.6927555008958916,False,841.0,0.03270917680704196,0.059749618700148145,False,9.355700324957361,5.0,True,False,0,False,False,False,False,False,False,False,False,0,False,False,,Whirlpool of India Ltd.,Consumer Durables,EQ,INE716A01013,SELL,Stage 4 takes precedence: the guide requires SELL regardless of RS.
WIPRO,2026-08-25,180.08999633789062,-0.1193832447919776,-0.09792607602614689,-0.23933669861174045,-0.26390894367518336,-0.16798764157940518,193.0684777873836,-1.9412106447949218,Stage 4 — Declining,178.05852014878218,263.220498300555,False,167.0916913788894,0.5107848147134509,1.5578381858004007,2132722434.4186828,178.0075439453125,False,-6.722216696495387,False,-31.582077573511334,False,True,False,False,False,False,False,False,194.07882405598957,207.48634422302246,False,1.6035630398261385,4,0.5003816366809587,12.672888796433712,0.31212347507802923,False,191.33999633789062,0.007627183219996064,0.011010973283496876,False,6.246876688748659,10.0,True,False,1,False,False,False,False,True,False,False,False,1,False,False,,Wipro Ltd.,Information Technology,EQ,INE075A01022,SELL,Stage 4 takes precedence: the guide requires SELL regardless of RS.
WOCKPHARMA,2026-08-25,1899.5999755859375,0.1599902319895039,0.379420528112117,0.4955125559825315,0.3110635265218791,0.3011954149191071,1626.063690603596,2.0381012933740505,Stage 2 — Advancing,1918.117639878217,2422.300048828125,False,1086.699951171875,0.3199283192323087,0.7066604258572955,1251085346.8579285,1918.0959936523439,True,16.821990833631162,False,-21.578667493940827,True,False,True,True,False,False,False,False,1618.946658528646,1558.7034936523437,True,3.510889831100905,2,0.7251456505376367,15.452829037072524,0.3717927450998322,False,2120.0,0.08045198152655868,0.09594904959249598,False,11.602444053837146,84.0,True,True,4,True,True,True,True,False,True,True,True,7,False,False,,Wockhardt Ltd.,Healthcare,EQ,INE049B01025,WAIT,Stage 2 + RS 84; wait because the close is below its 50-session average — short-term timing has weakened even though the 30-week trend is intact.
YATHARTH,2026-08-25,923.0499877929688,0.12558216073802675,0.3251024367881514,0.1962134851670565,0.306914363574033,0.2158789214010589,771.8574607535585,2.227790708839028,Stage 2 — Advancing,848.3223314472274,938.7999877929688,True,537.9315639475303,2.906699809203926,2.025424559225983,340789573.06979674,848.7355773925781,False,19.58814091034402,False,-1.6776736477198684,True,True,True,True,False,False,True,True,766.5742045084636,750.8637521362305,True,3.1671246948705343,1,2.0120274234438256,15.372849468089566,1.4418847286952465,False,938.7999877929688,0.039093073026127,0.039093073026127,True,1.7062997896417853,77.0,True,True,5,True,True,True,True,True,True,True,True,8,True,False,,Yatharth Hospital & Trauma Care Services Ltd.,Healthcare,EQ,INE0JO301016,WAIT,"Stage 2 + RS 77; wait because a breakout without leadership is not an entry: RS needs 80, short by 3."
YESBANK,2026-08-25,22.5,0.00942122368090037,0.08590737189350484,-0.00881060600077066,0.15089518557868775,0.049366879766644535,21.71602741659504,0.15438978275279513,Stage 2 — Advancing,23.539411806592753,25.780000686645508,False,17.200000762939453,0.7956372374537678,1.0925969042417893,1018830848.6652544,23.532400054931642,True,3.6101104882832358,False,-12.723043441750592,True,False,True,True,False,False,False,False,21.709666684468587,21.875400037765502,False,1.3999999515594,4,0.3617959860180884,13.033361213570881,0.5148915447640969,True,25.780000686645508,0.0009529214611561667,0.0010979706245473082,False,14.57778082953558,53.0,True,True,4,True,False,False,True,False,True,True,False,4,False,False,,Yes Bank Ltd.,Financial Services,EQ,INE528G01035,HOLD,Stage 2 + RS 53; trend/leadership is adequate without a stronger entry trigger.
ZFCVINDIA,2026-08-25,2603.0,0.043491809648338986,0.008318669118861921,0.22351383737308295,0.059174943523984114,0.0755982138625214,2453.7015949406036,0.8611682224517914,Stage 2 — Advancing,2498.392894071691,3038.7327548607846,False,2046.7853151927584,3.526384935406175,1.1494330287183279,313876363.3326782,2498.843251953125,False,6.0846194731764225,False,-14.339291738103077,True,True,True,True,False,False,False,False,2449.1695458984377,2423.903780517578,True,2.2144784702832583,3,0.1789760261493599,25.62689178951708,0.6859346755283826,True,3038.7327548607846,0.11024242503953342,0.11658053456182066,False,16.739637144094676,57.0,True,True,5,True,True,True,True,True,False,True,False,6,False,False,,ZF Commercial Vehicle Control Systems India Ltd.,Automobile and Auto Components,EQ,INE342J01019,HOLD,Stage 2 + RS 57; trend/leadership is adequate without a stronger entry trigger.
ZAGGLE,2026-08-25,189.3699951171875,-0.12901298541066897,-0.1269248481050469,-0.5010013303894927,-0.5404756313698779,-0.2852855561371511,226.25102787801663,-2.9074465538112326,Stage 4 — Declining,203.9113727644378,412.0,False,154.36000061035156,0.6536837332337895,4.16771668920239,1106392318.4628692,203.77920013427735,True,-16.300934898166986,False,-54.036408952138956,False,False,False,False,False,False,False,False,227.7110004679362,259.6199999237061,False,6.162916271342552,3,2.649806266060105,30.524797146967597,16.302386701898158,False,222.17999267578125,0.00802021033094251,0.01774744243458019,False,17.32586914748031,2.0,True,False,0,False,False,False,False,False,False,False,False,0,False,False,,Zaggle Prepaid Ocean Services Ltd.,Information Technology,EQ,INE07K301024,SELL,Stage 4 takes precedence: the guide requires SELL regardless of RS.
ZEEL,2026-08-25,104.81999969482422,0.26777938205041907,0.18601496891051839,0.08050713727050773,-0.11083441068093713,0.13824929192018542,93.36157529648037,1.2066242894680945,Stage 2 — Advancing,104.83352960324756,121.80000305175781,False,68.0,0.5690029908143052,1.5492561499961235,3892979628.44405,104.70640014648437,False,12.273169515356086,False,-13.940889106314792,True,False,True,True,False,False,False,False,93.0843999226888,93.42139995574951,False,4.785072269261583,2,1.441052374191683,23.95437164312277,0.9900228643120281,False,118.3499984741211,0.004439343434114704,0.005165839969876611,False,12.907840887892075,67.0,True,True,4,True,False,False,True,True,True,True,False,5,False,False,,Zee Entertainment Enterprises Ltd.,Media Entertainment & Publication,EQ,INE256A01028,HOLD,Stage 2 + RS 67; trend/leadership is adequate without a stronger entry trigger.
ZENTEC,2026-08-25,1877.699951171875,0.1683358352633284,0.4015846295218912,0.34441386863004464,0.22024160788881497,0.26058235531348156,1609.8863634083368,2.5217663422923975,Stage 2 — Advancing,1804.7618192784926,2042.629425992547,False,1222.3593609523095,0.4215830081175127,2.6813576997821036,996818275.8549316,1803.7824877929688,False,16.635558499703194,False,-8.074370843871016,True,True,True,True,False,False,False,False,1601.6352180989584,1542.5060552978516,True,3.6115118358919367,2,0.7577179336759822,21.71062184824497,0.8822108551044127,False,2042.629425992547,0.07952447027038072,0.08623992390608136,False,8.78359051549953,80.0,True,True,5,True,True,True,True,True,True,True,True,8,True,False,,Zen Technologies Ltd.,Capital Goods,EQ,INE251B01027,HOLD,Stage 2 + RS 80; trend/leadership is adequate without a stronger entry trigger.
ZENSARTECH,2026-08-25,472.1000061035156,-0.019237989356388763,-0.10912913590132112,-0.32240879979185777,-0.4014715195309635,-0.17429708678738398,516.1479736746174,-2.4552932656959237,Stage 4 — Declining,482.11420216279873,845.3898333433813,False,412.9712066051201,0.08879196927015012,0.8135049773401174,526042967.85319364,482.69259765625,True,-8.53398052839589,False,-44.15593996009678,False,False,False,False,False,False,False,False,520.7274806722005,566.582879486084,False,2.612945811902254,3,0.6386333186109512,25.335160941269113,0.09253569097176217,False,553.0999755859375,0.019994410116799883,0.03553054677420227,False,17.157375224575055,9.0,True,False,0,False,False,False,False,False,False,False,False,0,False,False,,Zensar Technolgies Ltd.,Information Technology,EQ,INE520A01027,SELL,Stage 4 takes precedence: the guide requires SELL regardless of RS.
ZYDUSLIFE,2026-08-25,1124.5,0.04898702007375788,0.2238465504691174,0.21218147172101953,0.10004442257813362,0.1268092969831573,1007.3784698068279,1.6566952970700877,Stage 2 — Advancing,1122.565238204657,1205.0,False,834.749872350541,0.8174327452551099,1.8337173747189117,1817771943.3251953,1123.4619140625,False,11.626368212498228,False,-6.680497925311202,True,True,True,True,False,False,False,False,1003.9403263346354,983.0499740600586,True,2.8762000311150193,1,1.4548443138908005,12.626234878428486,1.1435478836656692,False,1205.0,0.047624897025338196,0.05090305565195036,False,7.158737216540678,65.0,True,True,5,True,True,True,True,True,True,True,False,7,False,False,,Zydus Lifesciences Ltd.,Healthcare,EQ,INE010B01027,HOLD,Stage 2 + RS 65; trend/leadership is adequate without a stronger entry trigger.
ZYDUSWELL,2026-08-25,525.4500122070312,0.08277575573337481,0.3373118316817918,0.19198478065071312,0.3269978710010364,0.2043691989600582,487.92849773250214,0.9774092359920994,Stage 2 — Advancing,546.0771753647748,611.8499755859375,False,366.8171926721902,0.8377815148317808,0.6998087368334664,203636152.28275758,546.8090747070313,True,7.6899616744869,False,-14.121102692888954,True,False,True,True,True,False,False,False,486.1769108072917,474.45479187011716,True,2.578741306972886,2,0.5377894808909638,19.91500865375503,0.2751148001683854,True,611.8499755859375,0.022253893039859994,0.025855853813796032,False,16.44304146383082,75.0,True,True,4,True,True,True,True,False,True,True,True,7,False,False,,Zydus Wellness Ltd.,Fast Moving Consumer Goods,EQ,INE768C01028,REDUCE,Stage 2 + RS 75; distribution warning (U/D 0.70) triggers REDUCE.
ECLERX,2026-08-24,1822.800048828125,0.15599328871997575,0.09027412048129424,-0.19282558381903836,-0.06411261701821613,0.029064499416798256,1648.8524454195206,-1.4561626943497386,Stage 3 — Topping,1684.566432578891,2496.1160957516863,False,1319.2685842580436,0.3226471679091304,0.8343236646697633,405814217.3579895,1690.1513427734376,False,10.54961612191725,False,-26.974548502352302,True,True,True,False,False,False,False,False,1662.6919970703125,1820.393123779297,False,3.934687480433638,3,1.061768184757673,34.81481774648971,0.3694612224889371,False,2023.8780327825186,0.07752719592663775,0.10596218410638437,False,11.031269396973432,49.0,True,False,3,True,False,False,False,True,True,False,False,3,False,False,,eClerx Services Ltd.,Services,EQ,INE738I01010,SELL,Stage 3 + RS 49; RS below 50 in Stage 3 triggers SELL.
