Symbol,TV_Sector,TV_Industry
20MICRONS,Process Industries,Chemicals: Specialty
360ONE,Finance,Investment Managers
3IINFOLTD,Technology Services,Information Technology Services
3MINDIA,Producer Manufacturing,Industrial Conglomerates
5PAISA,Finance,Investment Banks/Brokers
63MOONS,Technology Services,Packaged Software
A2ZINFRA,Industrial Services,Engineering & Construction
AAATECH,Technology Services,Information Technology Services
AADHARHFC,Finance,Finance/Rental/Leasing
AAKAAR,Distribution Services,Medical Distributors
AARADHYA,Process Industries,Containers/Packaging
AAREYDRUGS,Health Technology,Pharmaceuticals: Major
AARON,Producer Manufacturing,Building Products
AARTECH,Commercial Services,Miscellaneous Commercial Services
AARTIDRUGS,Health Technology,Pharmaceuticals: Major
AARTIIND,Process Industries,Chemicals: Major Diversified
AARTIPHARM,Health Technology,Pharmaceuticals: Major
AARTISURF,Process Industries,Chemicals: Major Diversified
AARTISURF.P1,Process Industries,Chemicals: Major Diversified
AARVI,Commercial Services,Personnel Services
AAVAS,Finance,Finance/Rental/Leasing
ABAN,Industrial Services,Contract Drilling
ABB,Producer Manufacturing,Electrical Products
ABBOTINDIA,Health Technology,Pharmaceuticals: Major
ABCAPITAL,Finance,Multi-Line Insurance
ABCOTS,Consumer Non-Durables,Apparel/Footwear
ABDL,Consumer Non-Durables,Beverages: Alcoholic
ABFRL,Retail Trade,Apparel/Footwear Retail
ABINFRA,Industrial Services,Engineering & Construction
ABLBL,Retail Trade,Apparel/Footwear Retail
ABREL,Process Industries,Textiles
ABSLAMC,Technology Services,Internet Software/Services
ABSMARINE,Transportation,Marine Shipping
ACC,Non-Energy Minerals,Construction Materials
ACCELYA,Technology Services,Packaged Software
ACCENTMIC,Health Technology,Pharmaceuticals: Major
ACE,Producer Manufacturing,Trucks/Construction/Farm Machinery
ACI,Process Industries,Chemicals: Major Diversified
ACL,Non-Energy Minerals,Construction Materials
ACMESOLAR,Industrial Services,Engineering & Construction
ACTIVEINFR,Industrial Services,Engineering & Construction
ACUTAAS,Health Technology,Pharmaceuticals: Major
ADANIENPP1.E1,Distribution Services,Wholesale Distributors
ADANIENSOL,Utilities,Electric Utilities
ADANIENT,Distribution Services,Wholesale Distributors
ADANIGREEN,Utilities,Electric Utilities
ADANIPORTS,Transportation,Other Transportation
ADANIPOWER,Utilities,Electric Utilities
ADDICTIVE,Technology Services,Internet Software/Services
ADFFOODS,Consumer Non-Durables,Food: Specialty/Candy
ADOR,Producer Manufacturing,Miscellaneous Manufacturing
ADSL,Technology Services,Information Technology Services
ADVAIT,Producer Manufacturing,Electrical Products
ADVANCE,Process Industries,Chemicals: Agricultural
ADVANIHOTR,Consumer Services,Hotels/Resorts/Cruise lines
ADVENTHTL,Industrial Services,Engineering & Construction
ADVENZYMES,Consumer Non-Durables,Food: Specialty/Candy
AEGISLOG,Distribution Services,Wholesale Distributors
AEGISVOPAK,Transportation,Air Freight/Couriers
AEQUS,Electronic Technology,Aerospace & Defense
AEROENTER,Producer Manufacturing,Industrial Machinery
AEROFLEX,Producer Manufacturing,Industrial Machinery
AERON,Producer Manufacturing,Miscellaneous Manufacturing
AERONEU,Process Industries,Containers/Packaging
AESTHETIK,Consumer Durables,Home Furnishings
AETHER,Process Industries,Chemicals: Major Diversified
AFCONS,Industrial Services,Engineering & Construction
AFFLE,Technology Services,Packaged Software
AFFORDABLE,Producer Manufacturing,Industrial Machinery
AFIL,Technology Services,Internet Software/Services
AFSL,Finance,Investment Managers
AGARIND,Process Industries,Chemicals: Specialty
AGARWALEYE,Health Services,Medical/Nursing Services
AGARWALTUF,Process Industries,Industrial Specialties
AGI,Process Industries,Containers/Packaging
AGIIL,Finance,Real Estate Development
AHCL,Health Technology,Pharmaceuticals: Major
AHLEAST,Consumer Services,Hotels/Resorts/Cruise lines
AHLUCONT,Industrial Services,Engineering & Construction
AIAENG,Producer Manufacturing,Industrial Machinery
AIIL,Finance,Financial Conglomerates
AIMTRON,Electronic Technology,Electronic Components
AIRAN,Technology Services,Information Technology Services
AIROLAM,Non-Energy Minerals,Forest Products
AJANTPHARM,Health Technology,Pharmaceuticals: Major
AJAXENGG,Producer Manufacturing,Trucks/Construction/Farm Machinery
AJMERA,Finance,Real Estate Development
AKANKSHA,Producer Manufacturing,Electrical Products
AKIKO,Finance,Finance/Rental/Leasing
AKSHARCHEM,Process Industries,Chemicals: Specialty
AKUMS,Health Technology,Biotechnology
AKZOINDIA,Process Industries,Industrial Specialties
ALANKIT,Technology Services,Internet Software/Services
ALBERTDAVD,Health Technology,Pharmaceuticals: Major
ALEMBICLTD,Health Technology,Pharmaceuticals: Major
ALGOQUANT,Finance,Investment Banks/Brokers
ALICON,Producer Manufacturing,Auto Parts: OEM
ALIVUS,Health Technology,Pharmaceuticals: Major
ALKEM,Health Technology,Pharmaceuticals: Major
ALKYLAMINE,Process Industries,Chemicals: Specialty
ALLCARGO,Transportation,Air Freight/Couriers
ALLDIGI,Commercial Services,Miscellaneous Commercial Services
ALLETEC,Technology Services,Information Technology Services
ALLTIME,Producer Manufacturing,Miscellaneous Manufacturing
ALMONDZ,Finance,Investment Banks/Brokers
ALOKINDS,Process Industries,Textiles
ALPA,Health Technology,Pharmaceuticals: Major
ALPEXSOLAR,Electronic Technology,Semiconductors
ALPHAGEO,Industrial Services,Oilfield Services/Equipment
ALUWIND,Producer Manufacturing,Building Products
AMAGI,Technology Services,Packaged Software
AMANTA,Health Technology,Pharmaceuticals: Major
AMBER,Producer Manufacturing,Industrial Machinery
AMBIKCO,Process Industries,Textiles
AMBUJACEM,Non-Energy Minerals,Construction Materials
AMCL,Non-Energy Minerals,Aluminum
AMJLAND,Finance,Real Estate Development
AMNPLST,Process Industries,Chemicals: Specialty
AMRUTANJAN,Health Technology,Pharmaceuticals: Other
ANANDRATHI,Finance,Investment Managers
ANANTRAJ,Consumer Durables,Homebuilding
ANDHRAPAP,Process Industries,Pulp & Paper
ANDHRSUGAR,Process Industries,Chemicals: Specialty
ANGELONE,Finance,Investment Banks/Brokers
ANIKINDS,Distribution Services,Wholesale Distributors
ANLON,Distribution Services,Wholesale Distributors
ANNAPURNA,Consumer Non-Durables,Food: Specialty/Candy
ANONDITA,Producer Manufacturing,Miscellaneous Manufacturing
ANTELOPUS,Energy Minerals,Integrated Oil
ANTHEM,Health Technology,Biotechnology
ANUHPHR,Health Technology,Pharmaceuticals: Major
ANUP,Producer Manufacturing,Industrial Machinery
ANURAS,Health Technology,Pharmaceuticals: Major
ANYA,Process Industries,Chemicals: Agricultural
APARINDS,Electronic Technology,Electronic Equipment/Instruments
APCL,Non-Energy Minerals,Construction Materials
APCOTEXIND,Process Industries,Chemicals: Specialty
APEX,Consumer Non-Durables,Food: Meat/Fish/Dairy
APEXECO,Utilities,Water Utilities
APLAPOLLO,Non-Energy Minerals,Steel
APLLTD,Health Technology,Pharmaceuticals: Major
APOLLO,Electronic Technology,Electronic Production Equipment
APOLLOHOSP,Health Services,Hospital/Nursing Management
APOLLOPIPE,Producer Manufacturing,Miscellaneous Manufacturing
APOLLOTYRE,Consumer Durables,Automotive Aftermarket
APOLSINHOT,Consumer Services,Hotels/Resorts/Cruise lines
APRAMEYA,Distribution Services,Wholesale Distributors
APS,Electronic Technology,Semiconductors
APTECHT,Commercial Services,Miscellaneous Commercial Services
APTUS,Finance,Finance/Rental/Leasing
AQYLON,Consumer Services,Movies/Entertainment
ARCHIDPLY,Producer Manufacturing,Building Products
ARE&M,Producer Manufacturing,Electrical Products
ARFIN,Non-Energy Minerals,Aluminum
ARIES,Process Industries,Chemicals: Agricultural
ARIHANTACA,Commercial Services,Miscellaneous Commercial Services
ARIHANTCAP,Finance,Investment Banks/Brokers
ARIHANTSUP,Finance,Real Estate Development
ARIS,Technology Services,Packaged Software
ARKADE,Consumer Durables,Homebuilding
ARMANFIN,Finance,Finance/Rental/Leasing
ARROWGREEN,Process Industries,Containers/Packaging
ARSSBL,Finance,Investment Banks/Brokers
ARTEMISMED,Health Services,Hospital/Nursing Management
ARTNIRMAN,Consumer Durables,Homebuilding
ARVEE,Process Industries,Chemicals: Specialty
ARVIND,Process Industries,Textiles
ARVINDFASN,Retail Trade,Apparel/Footwear Retail
ARVSMART,Finance,Real Estate Development
ASAHIINDIA,Consumer Durables,Home Furnishings
ASAHISONG,Process Industries,Chemicals: Specialty
ASAL,Producer Manufacturing,Auto Parts: OEM
ASALCBR,Consumer Non-Durables,Beverages: Alcoholic
ASCOM,Finance,Finance/Rental/Leasing
ASHAPURMIN,Non-Energy Minerals,Other Metals/Minerals
ASHIANA,Finance,Real Estate Development
ASHIMASYN,Process Industries,Textiles
ASHOKA,Industrial Services,Engineering & Construction
ASHOKLEY,Producer Manufacturing,Trucks/Construction/Farm Machinery
ASHWINI,Transportation,Trucking
ASIANENE,Energy Minerals,Oil & Gas Production
ASIANHOTNR,Consumer Services,Hotels/Resorts/Cruise lines
ASIANPAINT,Process Industries,Industrial Specialties
ASIANTILES,Producer Manufacturing,Building Products
ASKAUTOLTD,Producer Manufacturing,Auto Parts: OEM
ASMS,Electronic Technology,Semiconductors
ASPINWALL,Transportation,Air Freight/Couriers
ASTEC,Process Industries,Chemicals: Agricultural
ASTERDM,Health Services,Hospital/Nursing Management
ASTRAL,Producer Manufacturing,Miscellaneous Manufacturing
ASTRAMICRO,Electronic Technology,Telecommunications Equipment
ASTRAZEN,Health Technology,Pharmaceuticals: Major
ATALREAL,Consumer Durables,Homebuilding
ATGL,Utilities,Gas Distributors
ATHERENERG,Consumer Durables,Motor Vehicles
ATL,Transportation,Marine Shipping
ATLANTAA,Industrial Services,Engineering & Construction
ATLANTAELE,Producer Manufacturing,Electrical Products
ATLPP.E1,Transportation,Marine Shipping
ATMASTCO,Producer Manufacturing,Metal Fabrication
ATUL,Process Industries,Chemicals: Agricultural
ATULAUTO,Consumer Durables,Motor Vehicles
AUBANK,Finance,Regional Banks
AURIONPRO,Technology Services,Information Technology Services
AUROPHARMA,Health Technology,Pharmaceuticals: Other
AURUM,Technology Services,Packaged Software
AUSOMENT,Finance,Investment Banks/Brokers
AUTOAXLES,Producer Manufacturing,Auto Parts: OEM
AUTOIND,Producer Manufacturing,Auto Parts: OEM
AVADHSUGAR,Process Industries,Agricultural Commodities/Milling
AVALON,Electronic Technology,Electronic Production Equipment
AVANA,Producer Manufacturing,Electrical Products
AVANTEL,Electronic Technology,Telecommunications Equipment
AVANTIFEED,Process Industries,Agricultural Commodities/Milling
AVG,Transportation,Air Freight/Couriers
AVIANSH,Process Industries,Textiles
AVL,Retail Trade,Electronics/Appliance Stores
AVONMORE,Finance,Investment Managers
AVPINFRA,Industrial Services,Engineering & Construction
AVROIND,Consumer Durables,Home Furnishings
AVTNPL,Consumer Non-Durables,Food: Specialty/Candy
AWFIS,Finance,Real Estate Development
AWHCL,Transportation,Trucking
AWL,Process Industries,Agricultural Commodities/Milling
AXISBANK,Finance,Major Banks
AXISCADES,Commercial Services,Miscellaneous Commercial Services
AXITA,Process Industries,Agricultural Commodities/Milling
AYE,Finance,Finance/Rental/Leasing
AYMSYNTEX,Process Industries,Textiles
AZAD,Producer Manufacturing,Metal Fabrication
BAFNAPH,Health Technology,Pharmaceuticals: Major
BAGDIGITAL,Consumer Services,Broadcasting
BAGFILMS,Consumer Services,Broadcasting
BAHETI,Producer Manufacturing,Metal Fabrication
BAIDFIN,Finance,Finance/Rental/Leasing
BAJAJCON,Consumer Non-Durables,Household/Personal Care
BAJAJELEC,Consumer Durables,Electronics/Appliances
BAJAJFINSV,Finance,Life/Health Insurance
BAJAJHCARE,Health Technology,Pharmaceuticals: Major
BAJAJHFL,Finance,Finance/Rental/Leasing
BAJAJHIND,Process Industries,Agricultural Commodities/Milling
BAJAJHLDNG,Finance,Financial Conglomerates
BAJAJINDEF,Producer Manufacturing,Trucks/Construction/Farm Machinery
BAJAJ_AUTO,Consumer Durables,Motor Vehicles
BAJEL,Industrial Services,Engineering & Construction
BAJFINANCE,Finance,Finance/Rental/Leasing
BALAJEE,Process Industries,Containers/Packaging
BALAJIPHOS,Process Industries,Chemicals: Agricultural
BALAJITELE,Consumer Services,Movies/Entertainment
BALAMINES,Process Industries,Chemicals: Specialty
BALAXI,Distribution Services,Medical Distributors
BALKRISIND,Consumer Durables,Automotive Aftermarket
BALMLAWRIE,Producer Manufacturing,Industrial Conglomerates
BALPHARMA,Health Technology,Pharmaceuticals: Major
BALRAMCHIN,Process Industries,Agricultural Commodities/Milling
BALUFORGE,Producer Manufacturing,Trucks/Construction/Farm Machinery
BANARISUG,Process Industries,Agricultural Commodities/Milling
BANCOINDIA,Producer Manufacturing,Industrial Machinery
BANDHANBNK,Finance,Major Banks
BANKBARODA,Finance,Major Banks
BANKINDIA,Finance,Major Banks
BANSALWIRE,Non-Energy Minerals,Steel
BANSWRAS,Process Industries,Textiles
BARFLEX,Process Industries,Containers/Packaging
BASF,Process Industries,Chemicals: Specialty
BASILIC,Consumer Services,Movies/Entertainment
BASML,Process Industries,Textiles
BATAINDIA,Consumer Non-Durables,Apparel/Footwear
BAYERCROP,Process Industries,Chemicals: Agricultural
BBL,Producer Manufacturing,Electrical Products
BBOX,Technology Services,Information Technology Services
BBTC,Consumer Non-Durables,Food: Major Diversified
BBTCL,Process Industries,Containers/Packaging
BCG,Technology Services,Packaged Software
BCLIND,Consumer Non-Durables,Food: Major Diversified
BCONCEPTS,Consumer Durables,Home Furnishings
BDL,Electronic Technology,Aerospace & Defense
BEACON,Miscellaneous,Investment Trusts/Mutual Funds
BEARDSELL,Process Industries,Industrial Specialties
BECTORFOOD,Consumer Non-Durables,Food: Specialty/Candy
BEDMUTHA,Non-Energy Minerals,Steel
BEL,Electronic Technology,Aerospace & Defense
BELLACASA,Consumer Durables,Home Furnishings
BELRISE,Producer Manufacturing,Auto Parts: OEM
BEML,Producer Manufacturing,Trucks/Construction/Farm Machinery
BEPL,Process Industries,Industrial Specialties
BERGEPAINT,Process Industries,Industrial Specialties
BESTAGRO,Process Industries,Chemicals: Agricultural
BETA,Health Technology,Pharmaceuticals: Major
BEWLTD,Producer Manufacturing,Industrial Machinery
BFINVEST,Finance,Financial Conglomerates
BFUTILITIE,Industrial Services,Engineering & Construction
BGRENERGY,Industrial Services,Engineering & Construction
BHADORA,Producer Manufacturing,Electrical Products
BHAGCHEM,Process Industries,Chemicals: Agricultural
BHAGERIA,Process Industries,Chemicals: Specialty
BHAGYANGR,Producer Manufacturing,Electrical Products
BHARATCOAL,Energy Minerals,Coal
BHARATFORG,Producer Manufacturing,Metal Fabrication
BHARATGEAR,Producer Manufacturing,Trucks/Construction/Farm Machinery
BHARATRAS,Process Industries,Chemicals: Agricultural
BHARATSE,Producer Manufacturing,Auto Parts: OEM
BHARATWIRE,Producer Manufacturing,Metal Fabrication
BHARTIARTL,Communications,Wireless Telecommunications
BHARTIHEXA,Communications,Wireless Telecommunications
BHEL,Producer Manufacturing,Electrical Products
BIGBLOC,Non-Energy Minerals,Construction Materials
BIKAJI,Consumer Non-Durables,Food: Specialty/Candy
BIL,Consumer Non-Durables,Consumer Sundries
BIOCON,Health Technology,Pharmaceuticals: Major
BIRET.RR,Finance,Real Estate Investment Trusts
BIRLACABLE,Producer Manufacturing,Electrical Products
BIRLACORPN,Non-Energy Minerals,Construction Materials
BIRLAMONEY,Finance,Investment Banks/Brokers
BIRLANU,Non-Energy Minerals,Forest Products
BLACKBUCK,Technology Services,Packaged Software
BLAL,Finance,Investment Managers
BLBLIMITED,Finance,Investment Banks/Brokers
BLISSGVS,Health Technology,Pharmaceuticals: Major
BLKASHYAP,Industrial Services,Engineering & Construction
BLS,Technology Services,Data Processing Services
BLSE,Technology Services,Internet Software/Services
BLUEDART,Transportation,Air Freight/Couriers
BLUEJET,Health Technology,Pharmaceuticals: Major
BLUESTARCO,Producer Manufacturing,Industrial Machinery
BLUESTONE,Retail Trade,Specialty Stores
BLUEWATER,Transportation,Air Freight/Couriers
BLUSPRING,Commercial Services,Miscellaneous Commercial Services
BMWVENTLTD,Distribution Services,Wholesale Distributors
BODALCHEM,Process Industries,Industrial Specialties
BOMDYEING,Process Industries,Textiles
BORANA,Process Industries,Textiles
BOROLTD,Producer Manufacturing,Miscellaneous Manufacturing
BORORENEW,Process Industries,Industrial Specialties
BOROSCI,Process Industries,Containers/Packaging
BOSCHLTD,Producer Manufacturing,Auto Parts: OEM
BOSCH_HCIL,Consumer Durables,Electronics/Appliances
BPCL,Energy Minerals,Oil Refining/Marketing
BPL,Electronic Technology,Telecommunications Equipment
BRANDMAN,Retail Trade,Apparel/Footwear Retail
BRIGADE,Finance,Real Estate Development
BRIGHOTEL,Consumer Services,Hotels/Resorts/Cruise lines
BRITANNIA,Consumer Non-Durables,Food: Specialty/Candy
BRNL,Industrial Services,Engineering & Construction
BROOKS,Health Technology,Pharmaceuticals: Major
BSE,Finance,Investment Banks/Brokers
BSHSL,Process Industries,Chemicals: Agricultural
BSL,Process Industries,Textiles
BSOFT,Technology Services,Packaged Software
BTML,Consumer Services,Movies/Entertainment
BUTTERFLY,Consumer Durables,Electronics/Appliances
BYKE,Consumer Services,Hotels/Resorts/Cruise lines
C2C,Technology Services,Packaged Software
CAMLINFINE,Process Industries,Chemicals: Specialty
CAMPUS,Consumer Non-Durables,Apparel/Footwear
CAMS,Technology Services,Information Technology Services
CANARYS,Technology Services,Information Technology Services
CANBK,Finance,Major Banks
CANFINHOME,Finance,Finance/Rental/Leasing
CANHLIFE,Finance,Life/Health Insurance
CANTABIL,Consumer Non-Durables,Apparel/Footwear
CAPACITE,Industrial Services,Engineering & Construction
CAPILLARY,Technology Services,Packaged Software
CAPITALSFB,Finance,Regional Banks
CAPLIPOINT,Health Technology,Pharmaceuticals: Major
CARBORUNIV,Process Industries,Industrial Specialties
CARERATING,Commercial Services,Financial Publishing/Services
CARRARO,Producer Manufacturing,Auto Parts: OEM
CARTRADE,Technology Services,Internet Software/Services
CARYSIL,Consumer Durables,Home Furnishings
CASTROLIND,Energy Minerals,Oil Refining/Marketing
CCAVENUE,Commercial Services,Miscellaneous Commercial Services
CCCL,Industrial Services,Engineering & Construction
CCHHL,Consumer Services,Other Consumer Services
CCL,Consumer Non-Durables,Food: Specialty/Candy
CDSL,Finance,Investment Banks/Brokers
CEATLTD,Consumer Durables,Automotive Aftermarket
CEIGALL,Industrial Services,Engineering & Construction
CEINSYS,Industrial Services,Engineering & Construction
CELLECOR,Consumer Durables,Electronics/Appliances
CELLO,Consumer Durables,Home Furnishings
CEMPRO,Industrial Services,Engineering & Construction
CENTENKA,Process Industries,Chemicals: Specialty
CENTEXT,Producer Manufacturing,Metal Fabrication
CENTRALBK,Finance,Major Banks
CENTRUM,Finance,Investment Managers
CENTUM,Electronic Technology,Electronic Components
CENTURYPLY,Producer Manufacturing,Building Products
CERA,Consumer Durables,Home Furnishings
CESC,Utilities,Electric Utilities
CEWATER,Industrial Services,Environmental Services
CGCL,Finance,Finance/Rental/Leasing
CGPOWER,Producer Manufacturing,Electrical Products
CGRAPHICS,Commercial Services,Commercial Printing/Forms
CHALET,Consumer Services,Hotels/Resorts/Cruise lines
CHAMBLFERT,Process Industries,Chemicals: Specialty
CHANDAN,Health Services,Medical/Nursing Services
CHAVDA,Consumer Durables,Homebuilding
CHEMBOND,Process Industries,Chemicals: Major Diversified
CHEMBONDCH,Process Industries,Chemicals: Major Diversified
CHEMCON,Process Industries,Chemicals: Specialty
CHEMFAB,Process Industries,Chemicals: Specialty
CHEMPLASTS,Process Industries,Chemicals: Major Diversified
CHENNPETRO,Energy Minerals,Oil Refining/Marketing
CHEVIOT,Process Industries,Textiles
CHOICEIN,Commercial Services,Miscellaneous Commercial Services
CHOLAFIN,Finance,Finance/Rental/Leasing
CHOLAHLDNG,Finance,Finance/Rental/Leasing
CIEINDIA,Producer Manufacturing,Auto Parts: OEM
CIFL,Finance,Finance/Rental/Leasing
CIGNITITEC,Technology Services,Information Technology Services
CINELINE,Consumer Services,Movies/Entertainment
CIPLA,Health Technology,Pharmaceuticals: Other
CKKRETAIL,Distribution Services,Food Distributors
CLEAN,Process Industries,Chemicals: Specialty
CLEDUCATE,Commercial Services,Miscellaneous Commercial Services
CLSEL,Process Industries,Agricultural Commodities/Milling
CMNL,Non-Energy Minerals,Steel
CMSINFO,Finance,Investment Managers
CNL,Distribution Services,Electronics Distributors
COALINDIA,Energy Minerals,Coal
COASTCORP,Transportation,Marine Shipping
COCHINSHIP,Producer Manufacturing,Trucks/Construction/Farm Machinery
COFFEEDAY,Consumer Services,Restaurants
COFORGE,Technology Services,Information Technology Services
COHANCE,Health Technology,Pharmaceuticals: Major
COLPAL,Consumer Non-Durables,Household/Personal Care
COMMITTED,Transportation,Trucking
COMPUSOFT,Technology Services,Information Technology Services
COMSYN,Process Industries,Containers/Packaging
CONCOR,Transportation,Railroads
CONCORDBIO,Commercial Services,Miscellaneous Commercial Services
CONFIPET,Retail Trade,Specialty Stores
CONNPLEX,Consumer Services,Movies/Entertainment
CONSOFINVT,Finance,Financial Conglomerates
CONTROLPR,Electronic Technology,Computer Peripherals
COOLCAPS,Producer Manufacturing,Miscellaneous Manufacturing
CORALFINAC,Finance,Investment Managers
CORDSCABLE,Producer Manufacturing,Electrical Products
COROMANDEL,Process Industries,Chemicals: Specialty
CORONA,Health Technology,Pharmaceuticals: Major
COSMOFIRST,Process Industries,Containers/Packaging
CPCAP,Consumer Services,Other Consumer Services
CPPLUS,Consumer Durables,Electronics/Appliances
CPS,Consumer Non-Durables,Apparel/Footwear
CRAFTSMAN,Producer Manufacturing,Trucks/Construction/Farm Machinery
CRAMC,Finance,Investment Managers
CREDITACC,Finance,Finance/Rental/Leasing
CREST,Finance,Investment Managers
CRISIL,Technology Services,Internet Software/Services
CRIZAC,Technology Services,Internet Software/Services
CROMPTON,Producer Manufacturing,Industrial Machinery
CROWN,Finance,Finance/Rental/Leasing
CSBBANK,Finance,Major Banks
CSLFINANCE,Finance,Investment Banks/Brokers
CSSL,Commercial Services,Miscellaneous Commercial Services
CUB,Finance,Regional Banks
CUBEXTUB,Non-Energy Minerals,Other Metals/Minerals
CUDML,Commercial Services,Advertising/Marketing Services
CUMMINSIND,Producer Manufacturing,Auto Parts: OEM
CUPID,Consumer Non-Durables,Household/Personal Care
CURRENT,Industrial Services,Engineering & Construction
CYBERTECH,Technology Services,Information Technology Services
CYIENT,Technology Services,Packaged Software
CYIENTDLM,Electronic Technology,Electronic Production Equipment
DABUR,Consumer Non-Durables,Household/Personal Care
DALBHARAT,Producer Manufacturing,Miscellaneous Manufacturing
DALMIASUG,Process Industries,Agricultural Commodities/Milling
DAMCAPITAL,Finance,Regional Banks
DANGEE,Consumer Non-Durables,Food: Specialty/Candy
DANISH,Producer Manufacturing,Electrical Products
DATAMATICS,Technology Services,Packaged Software
DATAPATTNS,Electronic Technology,Electronic Production Equipment
DAVANGERE,Process Industries,Agricultural Commodities/Milling
DBCORP,Consumer Services,Publishing: Newspapers
DBEIL,Industrial Services,Engineering & Construction
DBL,Industrial Services,Engineering & Construction
DBOL,Process Industries,Agricultural Commodities/Milling
DBREALTY,Finance,Real Estate Development
DCAL,Health Technology,Pharmaceuticals: Major
DCBBANK,Finance,Regional Banks
DCG,Non-Energy Minerals,Other Metals/Minerals
DCI,Electronic Technology,Telecommunications Equipment
DCM,Technology Services,Information Technology Services
DCMNVL,Process Industries,Textiles
DCMSHRIRAM,Producer Manufacturing,Industrial Conglomerates
DCMSRIND,Process Industries,Agricultural Commodities/Milling
DCW,Process Industries,Chemicals: Specialty
DCXINDIA,Producer Manufacturing,Electrical Products
DDEVPLSTIK,Process Industries,Chemicals: Major Diversified
DECCANCE,Non-Energy Minerals,Construction Materials
DEEDEV,Producer Manufacturing,Industrial Machinery
DEEPAKFERT,Process Industries,Chemicals: Agricultural
DEEPAKNTR,Process Industries,Chemicals: Specialty
DEEPINDS,Industrial Services,Oilfield Services/Equipment
DELHIVERY,Transportation,Air Freight/Couriers
DELPHIFX,Commercial Services,Miscellaneous Commercial Services
DELTACORP,Consumer Services,Movies/Entertainment
DEN,Consumer Services,Cable/Satellite TV
DENEERS,Distribution Services,Wholesale Distributors
DENORA,Electronic Technology,Electronic Equipment/Instruments
DENTA,Industrial Services,Engineering & Construction
DENTALKART,Retail Trade,Specialty Stores
DESTINY,Transportation,Air Freight/Couriers
DEVIT,Technology Services,Information Technology Services
DEVX,Finance,Real Estate Development
DEVYANI,Consumer Services,Restaurants
DGCONTENT,Commercial Services,Commercial Printing/Forms
DHAMPURSUG,Process Industries,Agricultural Commodities/Milling
DHANBANK,Finance,Major Banks
DHANUKA,Process Industries,Chemicals: Specialty
DHARARAIL,Industrial Services,Engineering & Construction
DHARIWAL,Consumer Non-Durables,Household/Personal Care
DHARMAJ,Process Industries,Chemicals: Agricultural
DHUNINV,Process Industries,Chemicals: Specialty
DIACABS,Producer Manufacturing,Electrical Products
DIAMINESQ,Process Industries,Chemicals: Major Diversified
DIAMONDYD,Consumer Non-Durables,Food: Specialty/Candy
DICIND,Process Industries,Industrial Specialties
DIFFNKG,Producer Manufacturing,Industrial Machinery
DIGIKORE,Consumer Services,Movies/Entertainment
DIGISPICE,Technology Services,Packaged Software
DIGITIDE,Commercial Services,Miscellaneous Commercial Services
DISHTV,Communications,Specialty Telecommunications
DIVGIITTS,Producer Manufacturing,Auto Parts: OEM
DIVINEHIRA,Consumer Durables,Other Consumer Specialties
DIVISLAB,Health Technology,Pharmaceuticals: Major
DIXON,Electronic Technology,Electronic Production Equipment
DJML,Commercial Services,Commercial Printing/Forms
DLF,Finance,Real Estate Development
DLINKINDIA,Electronic Technology,Telecommunications Equipment
DMART,Retail Trade,Specialty Stores
DMCC,Process Industries,Chemicals: Major Diversified
DODLA,Consumer Non-Durables,Food: Meat/Fish/Dairy
DOLATALGO,Finance,Investment Banks/Brokers
DOLLAR,Consumer Non-Durables,Apparel/Footwear
DOLPHIN,Industrial Services,Oilfield Services/Equipment
DOMS,Producer Manufacturing,Office Equipment/Supplies
DONEAR,Process Industries,Textiles
DPABHUSHAN,Retail Trade,Specialty Stores
DPEL,Producer Manufacturing,Electrical Products
DPSCLTD,Utilities,Electric Utilities
DPWIRES,Producer Manufacturing,Metal Fabrication
DRCSYSTEMS,Technology Services,Packaged Software
DREAMFOLKS,Transportation,Other Transportation
DREDGECORP,Transportation,Marine Shipping
DRONE,Electronic Technology,Aerospace & Defense
DRREDDY,Health Technology,Pharmaceuticals: Major
DRSDILIP,Transportation,Trucking
DSSL,Technology Services,Information Technology Services
DTIL,Process Industries,Agricultural Commodities/Milling
DUCOL,Process Industries,Chemicals: Specialty
DUCON,Distribution Services,Electronics Distributors
DUGLOBAL,Commercial Services,Miscellaneous Commercial Services
DVL,Consumer Non-Durables,Food: Major Diversified
DWARKESH,Process Industries,Agricultural Commodities/Milling
DYCL,Producer Manufacturing,Electrical Products
DYNAMATECH,Producer Manufacturing,Industrial Machinery
DYNAMIC,Commercial Services,Miscellaneous Commercial Services
DYNPRO,Consumer Non-Durables,Food: Specialty/Candy
E2E,Technology Services,Information Technology Services
E2ERAIL,Industrial Services,Engineering & Construction
EASEMYTRIP,Consumer Services,Other Consumer Services
EBGNG,Technology Services,Information Technology Services
ECLERX,Commercial Services,Miscellaneous Commercial Services
ECOLINE,Consumer Durables,Home Furnishings
ECOSMOBLTY,Finance,Finance/Rental/Leasing
EDELWEISS,Finance,Investment Banks/Brokers
EEPL,Producer Manufacturing,Electrical Products
EFACTOR,Commercial Services,Miscellaneous Commercial Services
EFCIL,Distribution Services,Wholesale Distributors
EFFWA,Industrial Services,Environmental Services
EICHERMOT,Consumer Durables,Motor Vehicles
EIDPARRY,Process Industries,Chemicals: Agricultural
EIEL,Industrial Services,Environmental Services
EIFFL,Consumer Non-Durables,Food: Specialty/Candy
EIHAHOTELS,Consumer Services,Hotels/Resorts/Cruise lines
EIHOTEL,Consumer Services,Hotels/Resorts/Cruise lines
EIMCOELECO,Producer Manufacturing,Trucks/Construction/Farm Machinery
EKC,Producer Manufacturing,Industrial Machinery
ELDEHSG,Finance,Real Estate Development
ELECON,Producer Manufacturing,Electrical Products
ELECTCAST,Non-Energy Minerals,Steel
ELECTHERM,Non-Energy Minerals,Steel
ELGIEQUIP,Producer Manufacturing,Industrial Machinery
ELGIRUBCO,Producer Manufacturing,Miscellaneous Manufacturing
ELGNZ,Industrial Services,Engineering & Construction
ELIN,Electronic Technology,Electronic Production Equipment
ELLEN,Process Industries,Chemicals: Specialty
EMAMILTD,Consumer Non-Durables,Household/Personal Care
EMAMIPAP,Process Industries,Pulp & Paper
EMAMIREAL,Finance,Real Estate Development
EMAPARTNER,Commercial Services,Personnel Services
EMBASSY.RR,Finance,Real Estate Investment Trusts
EMBDL,Finance,Real Estate Development
EMCURE,Health Technology,Pharmaceuticals: Major
EMIL,Retail Trade,Electronics/Appliance Stores
EMKAY,Finance,Investment Managers
EMKAYTOOLS,Producer Manufacturing,Industrial Machinery
EMMBI,Process Industries,Containers/Packaging
EMMIL,Producer Manufacturing,Industrial Machinery
EMMVEE,Electronic Technology,Semiconductors
EMSLIMITED,Industrial Services,Engineering & Construction
EMUDHRA,Technology Services,Packaged Software
ENCOMPAS,Consumer Durables,Home Furnishings
ENDURANCE,Producer Manufacturing,Metal Fabrication
ENFUSE,Technology Services,Information Technology Services
ENGINERSIN,Industrial Services,Engineering & Construction
ENIL,Consumer Services,Broadcasting
ENRIN,Producer Manufacturing,Electrical Products
ENTERO,Distribution Services,Medical Distributors
ENVIRO,Producer Manufacturing,Industrial Machinery
EPACK,Producer Manufacturing,Industrial Machinery
EPACKPEB,Industrial Services,Engineering & Construction
EPIGRAL,Process Industries,Chemicals: Agricultural
EPL,Process Industries,Containers/Packaging
EPWINDIA,Technology Services,Information Technology Services
EQUIPPP,Technology Services,Internet Software/Services
EQUITASBNK,Finance,Regional Banks
ERIS,Health Technology,Pharmaceuticals: Major
ESABINDIA,Producer Manufacturing,Electrical Products
ESAFSFB,Finance,Regional Banks
ESCONET,Technology Services,Information Technology Services
ESCORTS,Producer Manufacturing,Auto Parts: OEM
ESFL,Producer Manufacturing,Miscellaneous Manufacturing
ESPRIT,Non-Energy Minerals,Construction Materials
ESSARSHPNG,Transportation,Other Transportation
ESSENTIA,Consumer Non-Durables,Apparel/Footwear
ESTER,Process Industries,Industrial Specialties
ETERNAL,Technology Services,Internet Software/Services
ETHOSLTD,Retail Trade,Catalog/Specialty Distribution
ETML,Consumer Durables,Automotive Aftermarket
EUREKAFORB,Producer Manufacturing,Industrial Machinery
EUROBOND,Non-Energy Minerals,Aluminum
EUROPRATIK,Producer Manufacturing,Office Equipment/Supplies
EVEREADY,Producer Manufacturing,Electrical Products
EVERESTIND,Distribution Services,Wholesale Distributors
EXCEL,Commercial Services,Miscellaneous Commercial Services
EXCELINDUS,Process Industries,Chemicals: Agricultural
EXCELSOFT,Technology Services,Packaged Software
EXICOM,Producer Manufacturing,Electrical Products
EXIDEIND,Producer Manufacturing,Auto Parts: OEM
EXIMROUTES,Distribution Services,Wholesale Distributors
EXPLEOSOL,Technology Services,Information Technology Services
EXXARO,Producer Manufacturing,Building Products
FABTECH,Health Technology,Biotechnology
FACT,Process Industries,Chemicals: Agricultural
FAIRCHEMOR,Process Industries,Chemicals: Specialty
FAZE3Q,Process Industries,Textiles
FCL,Process Industries,Industrial Specialties
FCSSOFT,Commercial Services,Miscellaneous Commercial Services
FDC,Health Technology,Pharmaceuticals: Major
FEDERALBNK,Finance,Major Banks
FEDFINA,Finance,Finance/Rental/Leasing
FELIX,Industrial Services,Environmental Services
FIBERWEB,Producer Manufacturing,Industrial Conglomerates
FIDEL,Technology Services,Information Technology Services
FIEMIND,Producer Manufacturing,Auto Parts: OEM
FILATEX,Process Industries,Textiles
FILATFASH,Process Industries,Textiles
FINBUD,Finance,Finance/Rental/Leasing
FINCABLES,Producer Manufacturing,Electrical Products
FINEORG,Process Industries,Chemicals: Major Diversified
FINKURVE,Finance,Finance/Rental/Leasing
FINOPB,Finance,Regional Banks
FINPIPE,Producer Manufacturing,Miscellaneous Manufacturing
FIRSTCRY,Retail Trade,Apparel/Footwear Retail
FISCHER,Process Industries,Chemicals: Specialty
FIVESTAR,Finance,Finance/Rental/Leasing
FLAIR,Producer Manufacturing,Office Equipment/Supplies
FLUOROCHEM,Process Industries,Chemicals: Specialty
FLYSBS,Transportation,Airlines
FMGOETZE,Producer Manufacturing,Industrial Machinery
FOCE,Consumer Durables,Other Consumer Specialties
FOCUS,Producer Manufacturing,Electrical Products
FOODSIN,Consumer Non-Durables,Food: Specialty/Candy
FORCAS,Consumer Non-Durables,Apparel/Footwear
FORCEMOT,Consumer Durables,Motor Vehicles
FORTIS,Health Services,Hospital/Nursing Management
FOSECOIND,Process Industries,Chemicals: Major Diversified
FRACTAL,Technology Services,Packaged Software
FRESHARA,Consumer Non-Durables,Food: Specialty/Candy
FROG,Electronic Technology,Telecommunications Equipment
FSL,Commercial Services,Miscellaneous Commercial Services
FUSION,Finance,Finance/Rental/Leasing
FWSTC,Commercial Services,Miscellaneous Commercial Services
GABRIEL,Producer Manufacturing,Auto Parts: OEM
GAEL,Consumer Non-Durables,Food: Specialty/Candy
GAIL,Utilities,Gas Distributors
GALAPREC,Producer Manufacturing,Metal Fabrication
GALAXYSURF,Consumer Non-Durables,Household/Personal Care
GALLANTT,Non-Energy Minerals,Steel
GANDHAR,Process Industries,Industrial Specialties
GANDHITUBE,Non-Energy Minerals,Steel
GANECOS,Process Industries,Textiles
GANESHBE,Process Industries,Chemicals: Specialty
GANESHCP,Process Industries,Agricultural Commodities/Milling
GANESHHOU,Consumer Durables,Homebuilding
GANESHIN,Industrial Services,Engineering & Construction
GANGESSECU,Consumer Non-Durables,Food: Specialty/Candy
GARFIBRES,Producer Manufacturing,Miscellaneous Manufacturing
GARUDA,Industrial Services,Engineering & Construction
GATEWAY,Transportation,Railroads
GAYAPROJ,Industrial Services,Engineering & Construction
GCHOTELS,Consumer Services,Hotels/Resorts/Cruise lines
GCSL,Finance,Investment Banks/Brokers
GEECEE,Finance,Real Estate Development
GEEKAYWIRE,Non-Energy Minerals,Steel
GEMAROMA,Process Industries,Chemicals: Major Diversified
GENCON,Industrial Services,Engineering & Construction
GENESYS,Technology Services,Packaged Software
GENSOL,Industrial Services,Engineering & Construction
GENUSPAPER,Process Industries,Pulp & Paper
GENUSPOWER,Electronic Technology,Electronic Equipment/Instruments
GEOJITFSL,Finance,Investment Banks/Brokers
GESHIP,Transportation,Marine Shipping
GFLLIMITED,Consumer Services,Movies/Entertainment
GGBL,Electronic Technology,Semiconductors
GHCL,Process Industries,Textiles
GHCLTEXTIL,Process Industries,Textiles
GICHSGFIN,Finance,Finance/Rental/Leasing
GICL,Transportation,Trucking
GICRE,Finance,Specialty Insurance
GILLANDERS,Consumer Non-Durables,Food: Major Diversified
GILLETTE,Consumer Non-Durables,Household/Personal Care
GINNIFILA,Process Industries,Textiles
GIPCL,Utilities,Electric Utilities
GIRIRAJ,Industrial Services,Engineering & Construction
GKENERGY,Industrial Services,Engineering & Construction
GKSL,Health Services,Hospital/Nursing Management
GLAND,Health Technology,Pharmaceuticals: Major
GLAXO,Health Technology,Pharmaceuticals: Major
GLENMARK,Health Technology,Pharmaceuticals: Major
GLOBAL,Commercial Services,Miscellaneous Commercial Services
GLOBALPET,Producer Manufacturing,Industrial Machinery
GLOBALVECT,Industrial Services,Oilfield Services/Equipment
GLOBE,Process Industries,Textiles
GLOBECIVIL,Industrial Services,Engineering & Construction
GLOBUSSPR,Consumer Non-Durables,Beverages: Alcoholic
GLOSTERLTD,Process Industries,Textiles
GLOTTIS,Transportation,Marine Shipping
GMBREW,Consumer Non-Durables,Beverages: Alcoholic
GMDCLTD,Distribution Services,Wholesale Distributors
GMMPFAUDLR,Producer Manufacturing,Industrial Machinery
GMRAIRPORT,Transportation,Other Transportation
GMRP&UI,Industrial Services,Engineering & Construction
GNA,Producer Manufacturing,Auto Parts: OEM
GNFC,Process Industries,Chemicals: Specialty
GOACARBON,Process Industries,Industrial Specialties
GOCLCORP,Process Industries,Industrial Specialties
GOCOLORS,Consumer Non-Durables,Apparel/Footwear
GODAVARIB,Process Industries,Agricultural Commodities/Milling
GODFRYPHLP,Consumer Non-Durables,Tobacco
GODIGIT,Finance,Multi-Line Insurance
GODREJAGRO,Process Industries,Agricultural Commodities/Milling
GODREJCP,Consumer Non-Durables,Household/Personal Care
GODREJIND,Process Industries,Agricultural Commodities/Milling
GODREJPROP,Finance,Real Estate Development
GOKEX,Consumer Non-Durables,Apparel/Footwear
GOKUL,Process Industries,Agricultural Commodities/Milling
GOKULAGRO,Process Industries,Agricultural Commodities/Milling
GOLDIAM,Consumer Durables,Other Consumer Specialties
GOLDSTAR,Producer Manufacturing,Electrical Products
GOLDTECH,Technology Services,Information Technology Services
GOODLUCK,Non-Energy Minerals,Steel
GOPAL,Consumer Non-Durables,Food: Specialty/Candy
GOYALSALT,Consumer Non-Durables,Food: Specialty/Candy
GPECO,Distribution Services,Wholesale Distributors
GPIL,Non-Energy Minerals,Steel
GPPL,Transportation,Marine Shipping
GPTHEALTH,Health Services,Hospital/Nursing Management
GPTINFRA,Industrial Services,Engineering & Construction
GRANULES,Health Technology,Pharmaceuticals: Other
GRAPHITE,Process Industries,Industrial Specialties
GRASIM,Non-Energy Minerals,Construction Materials
GRAVITA,Non-Energy Minerals,Other Metals/Minerals
GRCL,Producer Manufacturing,Miscellaneous Manufacturing
GREAVESCOT,Producer Manufacturing,Trucks/Construction/Farm Machinery
GREENCHEF,Consumer Durables,Electronics/Appliances
GREENLAM,Non-Energy Minerals,Forest Products
GREENPANEL,Non-Energy Minerals,Forest Products
GREENPLY,Producer Manufacturing,Building Products
GREENPOWER,Utilities,Electric Utilities
GRETEX,Consumer Non-Durables,Apparel/Footwear
GRINDWELL,Process Industries,Industrial Specialties
GRINFRA,Industrial Services,Engineering & Construction
GRMOVER,Process Industries,Agricultural Commodities/Milling
GROBTEA,Consumer Non-Durables,Food: Major Diversified
GROWW,Miscellaneous,Investment Trusts/Mutual Funds
GRPLTD,Producer Manufacturing,Miscellaneous Manufacturing
GRSE,Producer Manufacturing,Trucks/Construction/Farm Machinery
GRWRHITECH,Process Industries,Chemicals: Specialty
GSFC,Process Industries,Chemicals: Agricultural
GSLSU,Non-Energy Minerals,Construction Materials
GSMFOILS,Non-Energy Minerals,Aluminum
GSPL,Utilities,Gas Distributors
GTL,Technology Services,Information Technology Services
GTLINFRA,Industrial Services,Engineering & Construction
GTPL,Communications,Specialty Telecommunications
GUFICBIO,Health Technology,Pharmaceuticals: Major
GUJALKALI,Process Industries,Chemicals: Specialty
GUJAPOLLO,Producer Manufacturing,Trucks/Construction/Farm Machinery
GUJGASLTD,Utilities,Gas Distributors
GUJTHEM,Health Technology,Pharmaceuticals: Major
GULFOILLUB,Energy Minerals,Oil Refining/Marketing
GULFPETRO,Energy Minerals,Oil Refining/Marketing
GULPOLY,Consumer Non-Durables,Food: Specialty/Candy
GVKPIL,Industrial Services,Engineering & Construction
GVPIL,Industrial Services,Engineering & Construction
GVPTECH,Commercial Services,Miscellaneous Commercial Services
GVPTECHPP.E1,Commercial Services,Miscellaneous Commercial Services
GVT&D,Producer Manufacturing,Electrical Products
HAL,Electronic Technology,Aerospace & Defense
HALDER,Distribution Services,Food Distributors
HALEOSLABS,Health Technology,Biotechnology
HAPPSTMNDS,Technology Services,Data Processing Services
HAPPYFORGE,Producer Manufacturing,Metal Fabrication
HARDWYN,Distribution Services,Wholesale Distributors
HARIOMPIPE,Non-Energy Minerals,Steel
HARRMALAYA,Process Industries,Agricultural Commodities/Milling
HARSHA,Producer Manufacturing,Metal Fabrication
HATHWAY,Consumer Services,Cable/Satellite TV
HATSUN,Consumer Non-Durables,Food: Meat/Fish/Dairy
HAVELLS,Producer Manufacturing,Electrical Products
HBLENGINE,Producer Manufacturing,Electrical Products
HCC,Industrial Services,Engineering & Construction
HCG,Health Services,Hospital/Nursing Management
HCLTECH,Technology Services,Information Technology Services
HCL_INSYS,Technology Services,Information Technology Services
HDBFS,Finance,Finance/Rental/Leasing
HDFCAMC,Finance,Investment Managers
HDFCBANK,Finance,Major Banks
HDFCLIFE,Finance,Multi-Line Insurance
HDIL,Finance,Real Estate Development
HECPROJECT,Industrial Services,Engineering & Construction
HEG,Electronic Technology,Electronic Components
HEIDELBERG,Non-Energy Minerals,Construction Materials
HEMIPROP,Finance,Real Estate Development
HERANBA,Process Industries,Chemicals: Agricultural
HERITGFOOD,Consumer Non-Durables,Food: Meat/Fish/Dairy
HEROMOTOCO,Consumer Durables,Motor Vehicles
HESTERBIO,Health Technology,Pharmaceuticals: Major
HEXATRADEX,Distribution Services,Wholesale Distributors
HEXT,Technology Services,Packaged Software
HFCL,Electronic Technology,Telecommunications Equipment
HGINFRA,Industrial Services,Engineering & Construction
HGS,Commercial Services,Miscellaneous Commercial Services
HIGREEN,Industrial Services,Environmental Services
HIKAL,Health Technology,Pharmaceuticals: Major
HILINFRA,Transportation,Other Transportation
HIMATSEIDE,Process Industries,Textiles
HINDALCO,Non-Energy Minerals,Other Metals/Minerals
HINDCOMPOS,Producer Manufacturing,Auto Parts: OEM
HINDCON,Non-Energy Minerals,Construction Materials
HINDCOPPER,Non-Energy Minerals,Other Metals/Minerals
HINDOILEXP,Energy Minerals,Integrated Oil
HINDPETRO,Energy Minerals,Oil Refining/Marketing
HINDUNILVR,Consumer Non-Durables,Household/Personal Care
HINDWAREAP,Producer Manufacturing,Building Products
HINDZINC,Non-Energy Minerals,Other Metals/Minerals
HIRECT,Producer Manufacturing,Electrical Products
HITECH,Non-Energy Minerals,Steel
HITECHCORP,Producer Manufacturing,Miscellaneous Manufacturing
HITECHGEAR,Producer Manufacturing,Auto Parts: OEM
HLEGLAS,Producer Manufacturing,Industrial Machinery
HLVLTD,Consumer Services,Hotels/Resorts/Cruise lines
HMAAGRO,Distribution Services,Food Distributors
HMT,Producer Manufacturing,Industrial Machinery
HMVL,Consumer Services,Publishing: Newspapers
HNDFDS,Consumer Non-Durables,Food: Specialty/Candy
HOACFOODS,Process Industries,Agricultural Commodities/Milling
HOLMARC,Electronic Technology,Electronic Equipment/Instruments
HOMEFIRST,Finance,Finance/Rental/Leasing
HONASA,Retail Trade,Specialty Stores
HONAUT,Electronic Technology,Electronic Equipment/Instruments
HONDAPOWER,Producer Manufacturing,Electrical Products
HPAL,Non-Energy Minerals,Construction Materials
HPIL,Process Industries,Chemicals: Specialty
HPL,Electronic Technology,Electronic Equipment/Instruments
HPTL,Distribution Services,Wholesale Distributors
HSCL,Process Industries,Industrial Specialties
HTMEDIA,Consumer Services,Publishing: Newspapers
HUBTOWN,Finance,Real Estate Development
HUDCO,Finance,Finance/Rental/Leasing
HUHTAMAKI,Process Industries,Containers/Packaging
HVAX,Producer Manufacturing,Building Products
HYUNDAI,Consumer Durables,Motor Vehicles
IBLFL,Finance,Finance/Rental/Leasing
IBULLSLTD,Finance,Real Estate Development
ICEMAKE,Producer Manufacturing,Industrial Machinery
ICICIAMC,Finance,Investment Managers
ICICIBANK,Finance,Regional Banks
ICICIGI,Finance,Specialty Insurance
ICICIPRULI,Finance,Life/Health Insurance
ICIL,Process Industries,Textiles
ICRA,Commercial Services,Financial Publishing/Services
IDBI,Finance,Major Banks
IDEA,Communications,Wireless Telecommunications
IDEAFORGE,Electronic Technology,Aerospace & Defense
IDEALTECHO,Process Industries,Containers/Packaging
IDFCFIRSTB,Finance,Regional Banks
IEML,Process Industries,Chemicals: Major Diversified
IEX,Finance,Investment Banks/Brokers
IFBAGRO,Consumer Non-Durables,Beverages: Alcoholic
IFBIND,Consumer Durables,Electronics/Appliances
IFCI,Finance,Finance/Rental/Leasing
IFGLEXPOR,Producer Manufacturing,Industrial Machinery
IGARASHI,Producer Manufacturing,Auto Parts: OEM
IGCL,Process Industries,Chemicals: Agricultural
IGIL,Commercial Services,Miscellaneous Commercial Services
IGL,Utilities,Gas Distributors
IGPL,Process Industries,Chemicals: Specialty
IIFL,Finance,Finance/Rental/Leasing
IIFLCAPS,Finance,Investment Banks/Brokers
IITL,Finance,Financial Conglomerates
IKIO,Producer Manufacturing,Electrical Products
IKS,Commercial Services,Miscellaneous Commercial Services
IL&FSENGG,Industrial Services,Engineering & Construction
IMAGICAA,Consumer Services,Movies/Entertainment
IMFA,Non-Energy Minerals,Other Metals/Minerals
IMPAL,Distribution Services,Wholesale Distributors
INCREDIBLE,Non-Energy Minerals,Steel
INDBANK,Finance,Investment Banks/Brokers
INDGN,Health Technology,Pharmaceuticals: Major
INDHOTEL,Consumer Services,Hotels/Resorts/Cruise lines
INDIACEM,Non-Energy Minerals,Construction Materials
INDIAGLYCO,Process Industries,Chemicals: Specialty
INDIAMART,Retail Trade,Internet Retail
INDIANB,Finance,Major Banks
INDIANCARD,Producer Manufacturing,Industrial Machinery
INDIANHUME,Producer Manufacturing,Building Products
INDIASHLTR,Finance,Finance/Rental/Leasing
INDIGO,Transportation,Airlines
INDIGOPNTS,Process Industries,Industrial Specialties
INDIQUBE,Finance,Real Estate Development
INDNIPPON,Producer Manufacturing,Auto Parts: OEM
INDOAMIN,Process Industries,Chemicals: Major Diversified
INDOBORAX,Process Industries,Chemicals: Specialty
INDOCO,Health Technology,Pharmaceuticals: Major
INDOFARM,Producer Manufacturing,Trucks/Construction/Farm Machinery
INDORAMA,Process Industries,Textiles
INDOSTAR,Finance,Finance/Rental/Leasing
INDOTECH,Producer Manufacturing,Electrical Products
INDOTHAI,Finance,Investment Banks/Brokers
INDOUS,Process Industries,Agricultural Commodities/Milling
INDOWIND,Utilities,Electric Utilities
INDRAMEDCO,Health Services,Hospital/Nursing Management
INDSWFTLAB,Health Technology,Pharmaceuticals: Major
INDTERRAIN,Consumer Non-Durables,Apparel/Footwear
INDUSINDBK,Finance,Major Banks
INDUSTOWER,Finance,Finance/Rental/Leasing
INFINIUM,Health Technology,Pharmaceuticals: Major
INFLUX,Health Technology,Pharmaceuticals: Other
INFOBEAN,Technology Services,Packaged Software
INFOLLION,Commercial Services,Commercial Printing/Forms
INFY,Technology Services,Information Technology Services
INGERRAND,Producer Manufacturing,Trucks/Construction/Farm Machinery
INM,Producer Manufacturing,Industrial Conglomerates
INNOMET,Non-Energy Minerals,Steel
INNOVACAP,Health Technology,Pharmaceuticals: Major
INNOVANA,Technology Services,Packaged Software
INOXGREEN,Utilities,Alternative Power Generation
INOXINDIA,Producer Manufacturing,Industrial Machinery
INOXWIND,Producer Manufacturing,Electrical Products
INSECTICID,Process Industries,Chemicals: Agricultural
INSPIRISYS,Technology Services,Information Technology Services
INTELLECT,Technology Services,Packaged Software
INTENTECH,Technology Services,Information Technology Services
INTERARCH,Producer Manufacturing,Building Products
INTLCONV,Producer Manufacturing,Miscellaneous Manufacturing
INVENTURE,Finance,Investment Banks/Brokers
IOB,Finance,Major Banks
IOC,Energy Minerals,Integrated Oil
IOLCP,Process Industries,Chemicals: Specialty
IONEXCHANG,Producer Manufacturing,Industrial Machinery
IPCALAB,Health Technology,Pharmaceuticals: Major
IPHL,Process Industries,Industrial Specialties
IPL,Process Industries,Chemicals: Agricultural
IPSL,Commercial Services,Personnel Services
IRB,Industrial Services,Engineering & Construction
IRBINVIT,Finance,Real Estate Investment Trusts
IRCON,Industrial Services,Engineering & Construction
IRCTC,Consumer Services,Other Consumer Services
IREDA,Finance,Finance/Rental/Leasing
IRFC,Finance,Finance/Rental/Leasing
IRIS,Technology Services,Data Processing Services
IRISDOREME,Consumer Non-Durables,Apparel/Footwear
IRMENERGY,Energy Minerals,Integrated Oil
ISFT,Retail Trade,Internet Retail
ISGEC,Industrial Services,Engineering & Construction
ISHANCH,Distribution Services,Wholesale Distributors
ITC,Consumer Non-Durables,Tobacco
ITCHOTELS,Consumer Services,Hotels/Resorts/Cruise lines
ITDC,Consumer Services,Hotels/Resorts/Cruise lines
ITI,Communications,Major Telecommunications
IVALUE,Technology Services,Information Technology Services
IVC,Finance,Investment Banks/Brokers
IVP,Process Industries,Chemicals: Specialty
IWARE,Transportation,Other Transportation
IXIGO,Technology Services,Internet Software/Services
IZMO,Technology Services,Packaged Software
J&KBANK,Finance,Regional Banks
JAGRAN,Consumer Services,Publishing: Newspapers
JAGSNPHARM,Health Technology,Pharmaceuticals: Generic
JAIBALAJI,Non-Energy Minerals,Steel
JAICORPLTD,Process Industries,Containers/Packaging
JAINAM,Producer Manufacturing,Metal Fabrication
JAINIK,Non-Energy Minerals,Aluminum
JAINREC,Non-Energy Minerals,Other Metals/Minerals
JAMNAAUTO,Producer Manufacturing,Auto Parts: OEM
JARO,Technology Services,Internet Software/Services
JASH,Producer Manufacturing,Industrial Machinery
JAYAGROGN,Process Industries,Agricultural Commodities/Milling
JAYBARMARU,Distribution Services,Wholesale Distributors
JAYBEE,Non-Energy Minerals,Steel
JAYESH,Transportation,Air Freight/Couriers
JAYKAY,Commercial Services,Miscellaneous Commercial Services
JAYNECOIND,Non-Energy Minerals,Steel
JAYSREETEA,Process Industries,Agricultural Commodities/Milling
JBCHEPHARM,Health Technology,Pharmaceuticals: Major
JBMA,Producer Manufacturing,Auto Parts: OEM
JEYYAM,Consumer Non-Durables,Food: Major Diversified
JGCHEM,Process Industries,Chemicals: Specialty
JINDALPHOT,Finance,Financial Conglomerates
JINDALPOLY,Process Industries,Containers/Packaging
JINDALSAW,Non-Energy Minerals,Steel
JINDALSTEL,Non-Energy Minerals,Steel
JINDRILL,Industrial Services,Contract Drilling
JINDWORLD,Process Industries,Textiles
JIOFIN,Finance,Financial Conglomerates
JISLDVREQS,Producer Manufacturing,Trucks/Construction/Farm Machinery
JISLJALEQS,Producer Manufacturing,Trucks/Construction/Farm Machinery
JITFINFRA,Transportation,Trucking
JKCEMENT,Non-Energy Minerals,Construction Materials
JKIL,Industrial Services,Engineering & Construction
JKIPL,Distribution Services,Wholesale Distributors
JKLAKSHMI,Non-Energy Minerals,Construction Materials
JKPAPER,Process Industries,Pulp & Paper
JKTYRE,Consumer Durables,Automotive Aftermarket
JLHL,Health Services,Hospital/Nursing Management
JMA,Producer Manufacturing,Auto Parts: OEM
JMFINANCIL,Finance,Investment Banks/Brokers
JNKINDIA,Producer Manufacturing,Building Products
JOCIL,Process Industries,Chemicals: Specialty
JPASSOCIAT,Producer Manufacturing,Industrial Conglomerates
JPOLYINVST,Finance,Investment Managers
JPPOWER,Utilities,Electric Utilities
JSFB,Finance,Regional Banks
JSL,Non-Energy Minerals,Steel
JSLL,Health Services,Medical/Nursing Services
JSWCEMENT,Non-Energy Minerals,Construction Materials
JSWENERGY,Utilities,Electric Utilities
JSWHL,Finance,Investment Banks/Brokers
JSWINFRA,Industrial Services,Engineering & Construction
JSWSTEEL,Non-Energy Minerals,Steel
JTEKTINDIA,Consumer Durables,Automotive Aftermarket
JTLIND,Non-Energy Minerals,Steel
JUBLCPL,Process Industries,Chemicals: Agricultural
JUBLFOOD,Consumer Services,Restaurants
JUBLINGREA,Process Industries,Chemicals: Major Diversified
JUBLPHARMA,Health Technology,Pharmaceuticals: Major
JUNIPER,Consumer Services,Hotels/Resorts/Cruise lines
JUSTDIAL,Technology Services,Internet Software/Services
JWL,Producer Manufacturing,Trucks/Construction/Farm Machinery
JYOTHYLAB,Consumer Non-Durables,Household/Personal Care
JYOTICNC,Producer Manufacturing,Metal Fabrication
JYOTISTRUC,Utilities,Electric Utilities
KABRAEXTRU,Producer Manufacturing,Industrial Machinery
KAJARIACER,Producer Manufacturing,Building Products
KALAMANDIR,Retail Trade,Apparel/Footwear Retail
KALPATARU,Finance,Real Estate Development
KALYANIFRG,Producer Manufacturing,Auto Parts: OEM
KALYANKJIL,Retail Trade,Specialty Stores
KAMATHOTEL,Consumer Services,Hotels/Resorts/Cruise lines
KAMDHENU,Non-Energy Minerals,Steel
KAMOPAINTS,Process Industries,Industrial Specialties
KANDARP,Commercial Services,Miscellaneous Commercial Services
KANORICHEM,Process Industries,Chemicals: Specialty
KANPRPLA,Producer Manufacturing,Miscellaneous Manufacturing
KANSAINER,Process Industries,Industrial Specialties
KAPSTON,Commercial Services,Miscellaneous Commercial Services
KARNIKA,Consumer Non-Durables,Apparel/Footwear
KARURVYSYA,Finance,Regional Banks
KATARIA,Producer Manufacturing,Electrical Products
KAVDEFENCE,Electronic Technology,Telecommunications Equipment
KAYA,Consumer Non-Durables,Household/Personal Care
KAYNES,Electronic Technology,Electronic Production Equipment
KAYTEX,Process Industries,Textiles
KCEIL,Industrial Services,Engineering & Construction
KCK,Process Industries,Agricultural Commodities/Milling
KCP,Producer Manufacturing,Industrial Conglomerates
KCPSUGIND,Process Industries,Agricultural Commodities/Milling
KDDL,Consumer Durables,Other Consumer Specialties
KEC,Industrial Services,Engineering & Construction
KECL,Producer Manufacturing,Electrical Products
KEI,Producer Manufacturing,Electrical Products
KELLTONTEC,Technology Services,Packaged Software
KERNEX,Electronic Technology,Computer Communications
KESORAMIND,Non-Energy Minerals,Construction Materials
KEYFINSERV,Finance,Investment Banks/Brokers
KFINTECH,Technology Services,Packaged Software
KHADIM,Consumer Non-Durables,Apparel/Footwear
KHAICHEM,Process Industries,Chemicals: Agricultural
KHFM,Commercial Services,Miscellaneous Commercial Services
KICL,Finance,Financial Conglomerates
KILITCH,Health Technology,Pharmaceuticals: Major
KIMS,Health Services,Hospital/Nursing Management
KINGFA,Process Industries,Chemicals: Specialty
KIOCL,Non-Energy Minerals,Steel
KIRIINDUS,Process Industries,Chemicals: Specialty
KIRLOSBROS,Producer Manufacturing,Industrial Machinery
KIRLOSENG,Producer Manufacturing,Electrical Products
KIRLOSIND,Non-Energy Minerals,Steel
KIRLPNU,Producer Manufacturing,Industrial Machinery
KITEX,Process Industries,Textiles
KKCL,Consumer Non-Durables,Apparel/Footwear
KMEW,Producer Manufacturing,Trucks/Construction/Farm Machinery
KMSUGAR,Process Industries,Agricultural Commodities/Milling
KNAGRI,Process Industries,Agricultural Commodities/Milling
KNRCON,Industrial Services,Engineering & Construction
KODYTECH,Technology Services,Packaged Software
KOKUYOCMLN,Consumer Durables,Tools & Hardware
KOLTEPATIL,Finance,Real Estate Development
KOPRAN,Health Technology,Pharmaceuticals: Major
KORE,Distribution Services,Electronics Distributors
KOTAKBANK,Finance,Major Banks
KOTARISUG,Process Industries,Agricultural Commodities/Milling
KOTHARIPET,Process Industries,Chemicals: Specialty
KOTHARIPRO,Distribution Services,Wholesale Distributors
KOTYARK,Process Industries,Industrial Specialties
KPEL,Utilities,Alternative Power Generation
KPIGREEN,Utilities,Alternative Power Generation
KPIL,Industrial Services,Engineering & Construction
KPITTECH,Technology Services,Packaged Software
KPRMILL,Consumer Non-Durables,Apparel/Footwear
KRBL,Process Industries,Agricultural Commodities/Milling
KREBSBIO,Health Technology,Pharmaceuticals: Major
KRISHANA,Process Industries,Chemicals: Agricultural
KRISHCA,Producer Manufacturing,Metal Fabrication
KRISHIVAL,Process Industries,Agricultural Commodities/Milling
KRISHNADEF,Electronic Technology,Aerospace & Defense
KRITI,Producer Manufacturing,Miscellaneous Manufacturing
KRITIKA,Producer Manufacturing,Metal Fabrication
KRITINUT,Process Industries,Agricultural Commodities/Milling
KRMAYURVED,Health Services,Hospital/Nursing Management
KRN,Producer Manufacturing,Industrial Machinery
KRONOX,Process Industries,Chemicals: Specialty
KROSS,Producer Manufacturing,Auto Parts: OEM
KRSNAA,Health Services,Medical/Nursing Services
KRT.RR,Finance,Real Estate Investment Trusts
KRYSTAL,Commercial Services,Miscellaneous Commercial Services
KSB,Producer Manufacturing,Industrial Machinery
KSCL,Process Industries,Agricultural Commodities/Milling
KSHINTL,Producer Manufacturing,Electrical Products
KSL,Non-Energy Minerals,Steel
KSOLVES,Technology Services,Packaged Software
KTKBANK,Finance,Regional Banks
KUANTUM,Process Industries,Pulp & Paper
LAGNAM,Process Industries,Textiles
LAKSHYA,Industrial Services,Engineering & Construction
LAL,Consumer Non-Durables,Apparel/Footwear
LALPATHLAB,Health Services,Medical/Nursing Services
LAMBODHARA,Process Industries,Textiles
LANCORHOL,Finance,Real Estate Development
LANDMARK,Retail Trade,Specialty Stores
LAOPALA,Consumer Durables,Home Furnishings
LATENTVIEW,Commercial Services,Miscellaneous Commercial Services
LATTEYS,Producer Manufacturing,Industrial Machinery
LAURUSLABS,Health Technology,Pharmaceuticals: Major
LAXMIDENTL,Health Services,Medical/Nursing Services
LAXMIINDIA,Finance,Finance/Rental/Leasing
LEMERITE,Process Industries,Textiles
LEMONTREE,Consumer Services,Hotels/Resorts/Cruise lines
LENSKART,Health Technology,Medical Specialties
LGBBROSLTD,Producer Manufacturing,Electrical Products
LGEINDIA,Consumer Durables,Electronics/Appliances
LGHL,Consumer Durables,Other Consumer Specialties
LIBERTSHOE,Consumer Non-Durables,Apparel/Footwear
LICHSGFIN,Finance,Finance/Rental/Leasing
LICI,Finance,Life/Health Insurance
LIKHITHA,Industrial Services,Engineering & Construction
LINC,Consumer Non-Durables,Consumer Sundries
LINCOLN,Health Technology,Pharmaceuticals: Major
LINDEINDIA,Process Industries,Chemicals: Specialty
LLOYDS,Retail Trade,Specialty Stores
LLOYDSENGG,Industrial Services,Engineering & Construction
LLOYDSENT,Distribution Services,Wholesale Distributors
LLOYDSME,Non-Energy Minerals,Steel
LMW,Producer Manufacturing,Industrial Machinery
LODHA,Finance,Real Estate Development
LOKESHMACH,Technology Services,Information Technology Services
LORDSCHLO,Process Industries,Chemicals: Specialty
LOTUSDEV,Finance,Real Estate Development
LOTUSEYE,Health Services,Medical/Nursing Services
LOVABLE,Consumer Non-Durables,Apparel/Footwear
LOYALTEX,Process Industries,Textiles
LT,Industrial Services,Engineering & Construction
LTF,Finance,Finance/Rental/Leasing
LTFOODS,Process Industries,Agricultural Commodities/Milling
LTIM,Technology Services,Data Processing Services
LTTS,Commercial Services,Miscellaneous Commercial Services
LUMAXIND,Producer Manufacturing,Auto Parts: OEM
LUMAXTECH,Producer Manufacturing,Auto Parts: OEM
LUPIN,Health Technology,Pharmaceuticals: Other
LUXIND,Consumer Non-Durables,Apparel/Footwear
LXCHEM,Process Industries,Chemicals: Specialty
LYKALABS,Health Technology,Pharmaceuticals: Other
M&M,Consumer Durables,Motor Vehicles
M&MFIN,Finance,Finance/Rental/Leasing
MAANALU,Non-Energy Minerals,Aluminum
MACOBSTECH,Retail Trade,Electronics/Appliance Stores
MACPOWER,Producer Manufacturing,Industrial Machinery
MADHAVBAUG,Health Services,Medical/Nursing Services
MADHUSUDAN,Consumer Non-Durables,Food: Major Diversified
MADRASFERT,Process Industries,Chemicals: Agricultural
MAGADSUGAR,Process Industries,Agricultural Commodities/Milling
MAGNUM,Process Industries,Pulp & Paper
MAGSON,Retail Trade,Food Retail
MAHABANK,Finance,Major Banks
MAHAPEXLTD,Finance,Finance/Rental/Leasing
MAHASTEEL,Non-Energy Minerals,Steel
MAHEPC,Producer Manufacturing,Trucks/Construction/Farm Machinery
MAHESHWARI,Transportation,Air Freight/Couriers
MAHICKRA,Process Industries,Chemicals: Specialty
MAHLIFE,Finance,Real Estate Development
MAHLOG,Transportation,Air Freight/Couriers
MAHSCOOTER,Producer Manufacturing,Industrial Machinery
MAHSEAMLES,Non-Energy Minerals,Steel
MAITHANALL,Non-Energy Minerals,Other Metals/Minerals
MAITREYA,Health Services,Hospital/Nursing Management
MAL,Non-Energy Minerals,Steel
MALLCOM,Consumer Non-Durables,Apparel/Footwear
MAMATA,Producer Manufacturing,Industrial Machinery
MANAKALUCO,Non-Energy Minerals,Other Metals/Minerals
MANAKCOAT,Non-Energy Minerals,Steel
MANAKSIA,Non-Energy Minerals,Steel
MANAKSTEEL,Non-Energy Minerals,Steel
MANALIPETC,Process Industries,Chemicals: Specialty
MANAPPURAM,Finance,Finance/Rental/Leasing
MANBA,Finance,Finance/Rental/Leasing
MANCREDIT,Finance,Finance/Rental/Leasing
MANGLMCEM,Non-Energy Minerals,Construction Materials
MANINDS,Producer Manufacturing,Industrial Machinery
MANINFRA,Finance,Real Estate Development
MANKIND,Health Technology,Pharmaceuticals: Major
MANOMAY,Process Industries,Textiles
MANORAMA,Consumer Non-Durables,Food: Specialty/Candy
MANORG,Process Industries,Chemicals: Specialty
MANYAVAR,Retail Trade,Internet Retail
MAPMYINDIA,Commercial Services,Miscellaneous Commercial Services
MARALOVER,Process Industries,Textiles
MARATHON,Finance,Real Estate Development
MARC,Industrial Services,Engineering & Construction
MARICO,Consumer Non-Durables,Household/Personal Care
MARINE,Distribution Services,Wholesale Distributors
MARKOLINES,Industrial Services,Engineering & Construction
MARKSANS,Health Technology,Pharmaceuticals: Major
MARUTI,Consumer Durables,Motor Vehicles
MASFIN,Finance,Finance/Rental/Leasing
MASON,Industrial Services,Engineering & Construction
MASTEK,Technology Services,Information Technology Services
MASTER,Producer Manufacturing,Miscellaneous Manufacturing
MASTERTR,Finance,Investment Banks/Brokers
MATRIMONY,Technology Services,Internet Software/Services
MAWANASUG,Consumer Non-Durables,Food: Specialty/Candy
MAXESTATES,Finance,Real Estate Development
MAXHEALTH,Health Services,Hospital/Nursing Management
MAXIND,Health Services,Medical/Nursing Services
MAXVOLT,Producer Manufacturing,Electrical Products
MAYURUNIQ,Process Industries,Textiles
MAZDA,Producer Manufacturing,Industrial Machinery
MAZDOCK,Producer Manufacturing,Trucks/Construction/Farm Machinery
MBAPL,Process Industries,Chemicals: Agricultural
MBEL,Producer Manufacturing,Building Products
MBLINFRA,Industrial Services,Engineering & Construction
MCL,Non-Energy Minerals,Other Metals/Minerals
MCLEODRUSS,Consumer Non-Durables,Food: Specialty/Candy
MCLOUD,Technology Services,Information Technology Services
MCX,Finance,Investment Banks/Brokers
MEDANTA,Health Services,Hospital/Nursing Management
MEDIASSIST,Finance,Investment Managers
MEDICAMEQ,Health Technology,Pharmaceuticals: Major
MEDICO,Health Technology,Pharmaceuticals: Major
MEDPLUS,Retail Trade,Drugstore Chains
MEESHO,Retail Trade,Apparel/Footwear Retail
MEGAFLEX,Process Industries,Containers/Packaging
MEGASTAR,Process Industries,Agricultural Commodities/Milling
MEGATHERM,Producer Manufacturing,Industrial Machinery
MEIL,Electronic Technology,Electronic Components
MENONBE,Producer Manufacturing,Metal Fabrication
METROBRAND,Retail Trade,Apparel/Footwear Retail
METROPOLIS,Health Services,Medical/Nursing Services
MFSL,Finance,Life/Health Insurance
MGEL,Process Industries,Agricultural Commodities/Milling
MGL,Utilities,Gas Distributors
MGSL,Industrial Services,Engineering & Construction
MHLXMIRU,Process Industries,Industrial Specialties
MHRIL,Consumer Services,Other Consumer Services
MICEL,Health Technology,Medical Specialties
MIDHANI,Non-Energy Minerals,Other Metals/Minerals
MIDWESTLTD,Non-Energy Minerals,Construction Materials
MINDACORP,Producer Manufacturing,Auto Parts: OEM
MINDSPACE.RR,Finance,Real Estate Investment Trusts
MINDTECK,Technology Services,Information Technology Services
MIRCELECTR,Electronic Technology,Telecommunications Equipment
MIRZAINT,Consumer Non-Durables,Apparel/Footwear
MKPL,Process Industries,Agricultural Commodities/Milling
MMFL,Producer Manufacturing,Metal Fabrication
MMP,Non-Energy Minerals,Other Metals/Minerals
MMTC,Distribution Services,Wholesale Distributors
MOBIKWIK,Commercial Services,Miscellaneous Commercial Services
MODINATUR,Process Industries,Agricultural Commodities/Milling
MODIRUBBER,Consumer Durables,Automotive Aftermarket
MODIS,Finance,Real Estate Development
MODISONLTD,Industrial Services,Engineering & Construction
MODTHREAD,Process Industries,Textiles
MOIL,Non-Energy Minerals,Other Metals/Minerals
MOKSH,Consumer Durables,Other Consumer Specialties
MOL,Process Industries,Chemicals: Specialty
MOLDTECH,Industrial Services,Engineering & Construction
MOLDTKPAC,Producer Manufacturing,Miscellaneous Manufacturing
MONARCH,Finance,Investment Banks/Brokers
MONEYBOXX,Finance,Regional Banks
MONOLITH,Non-Energy Minerals,Construction Materials
MONTECARLO,Consumer Non-Durables,Apparel/Footwear
MOREPENLAB,Health Technology,Pharmaceuticals: Major
MOS,Technology Services,Internet Software/Services
MOSCHIP,Electronic Technology,Semiconductors
MOTHERSON,Producer Manufacturing,Auto Parts: OEM
MOTILALOFS,Technology Services,Internet Software/Services
MOTISONS,Retail Trade,Specialty Stores
MPHASIS,Technology Services,Packaged Software
MPSLTD,Consumer Services,Publishing: Books/Magazines
MRF,Consumer Durables,Automotive Aftermarket
MRIL,Industrial Services,Engineering & Construction
MRPL,Energy Minerals,Oil Refining/Marketing
MSPL,Non-Energy Minerals,Steel
MSTCLTD,Retail Trade,Internet Retail
MSUMI,Producer Manufacturing,Auto Parts: OEM
MTARTECH,Electronic Technology,Aerospace & Defense
MTNL,Communications,Major Telecommunications
MUFIN,Finance,Finance/Rental/Leasing
MUFTI,Retail Trade,Apparel/Footwear Retail
MUKANDLTD,Non-Energy Minerals,Steel
MUKKA,Consumer Non-Durables,Food: Meat/Fish/Dairy
MUKTAARTS,Technology Services,Packaged Software
MUNISH,Producer Manufacturing,Industrial Machinery
MUNJALAU,Producer Manufacturing,Auto Parts: OEM
MUNJALSHOW,Producer Manufacturing,Auto Parts: OEM
MURUDCERA,Producer Manufacturing,Building Products
MUTHOOTCAP,Finance,Finance/Rental/Leasing
MUTHOOTFIN,Finance,Finance/Rental/Leasing
MUTHOOTMF,Finance,Finance/Rental/Leasing
MVGJL,Retail Trade,Specialty Stores
MVKAGRO,Process Industries,Agricultural Commodities/Milling
MWL,Non-Energy Minerals,Steel
NACLIND,Process Industries,Chemicals: Agricultural
NAGAFERT,Process Industries,Chemicals: Agricultural
NAHARCAP,Finance,Investment Managers
NAHARINDUS,Process Industries,Textiles
NAHARPOLY,Process Industries,Textiles
NAHARSPING,Process Industries,Textiles
NAMOEWASTE,Industrial Services,Environmental Services
NAM_INDIA,Finance,Investment Managers
NARMADA,Process Industries,Agricultural Commodities/Milling
NATCAPSUQ,Health Technology,Pharmaceuticals: Other
NATCOPHARM,Health Technology,Pharmaceuticals: Major
NATHBIOGEN,Process Industries,Agricultural Commodities/Milling
NATIONALUM,Non-Energy Minerals,Aluminum
NAUKRI,Technology Services,Internet Software/Services
NAVA,Utilities,Electric Utilities
NAVINFLUOR,Process Industries,Chemicals: Specialty
NAVKARCORP,Transportation,Other Transportation
NAVKARURB,Non-Energy Minerals,Construction Materials
NAVNETEDUL,Producer Manufacturing,Office Equipment/Supplies
NAZARA,Technology Services,Packaged Software
NBCC,Commercial Services,Miscellaneous Commercial Services
NBIFIN,Finance,Financial Conglomerates
NCC,Consumer Durables,Homebuilding
NCLIND,Non-Energy Minerals,Construction Materials
NDGL,Finance,Finance/Rental/Leasing
NDL,Process Industries,Textiles
NDLVENTURE,Consumer Services,Cable/Satellite TV
NDRAUTO,Producer Manufacturing,Auto Parts: OEM
NDTV,Consumer Services,Broadcasting
NECCLTD,Transportation,Other Transportation
NECLIFE,Health Technology,Pharmaceuticals: Major
NELCAST,Non-Energy Minerals,Steel
NELCO,Electronic Technology,Electronic Production Equipment
NEOCHEM,Process Industries,Chemicals: Major Diversified
NEOGEN,Process Industries,Chemicals: Specialty
NEPHROPLUS,Health Services,Medical/Nursing Services
NEPTUNE,Non-Energy Minerals,Construction Materials
NESCO,Producer Manufacturing,Industrial Machinery
NESTLEIND,Consumer Non-Durables,Food: Major Diversified
NETWEB,Electronic Technology,Computer Peripherals
NETWORK18,Consumer Services,Broadcasting
NEULANDLAB,Health Technology,Pharmaceuticals: Major
NEWGEN,Technology Services,Packaged Software
NFL,Process Industries,Chemicals: Agricultural
NGLFINE,Health Technology,Pharmaceuticals: Major
NH,Health Services,Hospital/Nursing Management
NHPC,Utilities,Electric Utilities
NIACL,Finance,Multi-Line Insurance
NIBE,Process Industries,Textiles
NIITLTD,Commercial Services,Miscellaneous Commercial Services
NIITMTS,Commercial Services,Miscellaneous Commercial Services
NIKITA,Process Industries,Pulp & Paper
NILAINFRA,Industrial Services,Engineering & Construction
NILASPACES,Consumer Durables,Homebuilding
NILKAMAL,Consumer Durables,Home Furnishings
NINSYS,Technology Services,Packaged Software
NIPPOBATRY,Producer Manufacturing,Electrical Products
NIRAJ,Industrial Services,Engineering & Construction
NITCO,Producer Manufacturing,Building Products
NITINSPIN,Process Industries,Textiles
NITIRAJ,Electronic Technology,Electronic Equipment/Instruments
NIVABUPA,Finance,Life/Health Insurance
NLCINDIA,Utilities,Electric Utilities
NMDC,Non-Energy Minerals,Other Metals/Minerals
NOCIL,Process Industries,Chemicals: Specialty
NORBTEAEXP,Consumer Non-Durables,Food: Specialty/Candy
NORTHARC,Finance,Finance/Rental/Leasing
NOVAAGRI,Process Industries,Chemicals: Agricultural
NPST,Technology Services,Packaged Software
NRAIL,Process Industries,Containers/Packaging
NRBBEARING,Producer Manufacturing,Auto Parts: OEM
NRL,Non-Energy Minerals,Other Metals/Minerals
NRVANDANA,Consumer Non-Durables,Apparel/Footwear
NSIL,Finance,Financial Conglomerates
NSLNISP,Non-Energy Minerals,Steel
NTPC,Utilities,Electric Utilities
NTPCGREEN,Utilities,Alternative Power Generation
NUCLEUS,Technology Services,Information Technology Services
NURECA,Health Technology,Medical Specialties
NUVAMA,Finance,Investment Managers
NUVOCO,Non-Energy Minerals,Construction Materials
NXST.RR,Finance,Real Estate Investment Trusts
NYKAA,Retail Trade,Internet Retail
OAL,Process Industries,Chemicals: Specialty
OBCL,Transportation,Trucking
OBEROIRLTY,Finance,Real Estate Development
OBSCP,Producer Manufacturing,Metal Fabrication
OCCLLTD,Process Industries,Chemicals: Specialty
OFSS,Technology Services,Packaged Software
OIL,Energy Minerals,Oil Refining/Marketing
OILCOUNTUB,Industrial Services,Oilfield Services/Equipment
OLAELEC,Consumer Durables,Motor Vehicles
OLECTRA,Consumer Durables,Motor Vehicles
OLIL,Transportation,Marine Shipping
OMAXAUTO,Producer Manufacturing,Auto Parts: OEM
OMAXE,Finance,Real Estate Development
OMFREIGHT,Transportation,Air Freight/Couriers
OMINFRAL,Industrial Services,Engineering & Construction
ONEPOINT,Commercial Services,Miscellaneous Commercial Services
ONESOURCE,Health Technology,Pharmaceuticals: Major
ONGC,Energy Minerals,Oil Refining/Marketing
ONMOBILE,Communications,Specialty Telecommunications
ONWARDTEC,Technology Services,Information Technology Services
OPTIEMUS,Distribution Services,Electronics Distributors
OPTIVALUE,Technology Services,Information Technology Services
ORBTEXP,Process Industries,Textiles
ORCHPHARMA,Health Technology,Pharmaceuticals: Major
ORIANA,Industrial Services,Engineering & Construction
ORICONENT,Producer Manufacturing,Miscellaneous Manufacturing
ORIENTBELL,Producer Manufacturing,Building Products
ORIENTCEM,Non-Energy Minerals,Construction Materials
ORIENTCER,Non-Energy Minerals,Aluminum
ORIENTELEC,Consumer Durables,Electronics/Appliances
ORIENTHOT,Consumer Services,Hotels/Resorts/Cruise lines
ORIENTPPR,Process Industries,Pulp & Paper
ORIENTTECH,Technology Services,Information Technology Services
ORISSAMINE,Non-Energy Minerals,Steel
ORKLAINDIA,Consumer Non-Durables,Food: Specialty/Candy
OSELDEVICE,Health Technology,Medical Specialties
OSIAHYPER,Retail Trade,Food Retail
OSWALAGRO,Finance,Real Estate Development
OSWALGREEN,Finance,Real Estate Development
OSWALPUMPS,Producer Manufacturing,Industrial Machinery
OSWALSEEDS,Process Industries,Agricultural Commodities/Milling
OWAIS,Process Industries,Chemicals: Specialty
PACEDIGITK,Utilities,Electric Utilities
PAGEIND,Consumer Non-Durables,Apparel/Footwear
PAISALO,Finance,Finance/Rental/Leasing
PAKKA,Process Industries,Pulp & Paper
PANACEABIO,Health Technology,Pharmaceuticals: Major
PANACHE,Electronic Technology,Computer Peripherals
PANAMAPET,Process Industries,Industrial Specialties
PANSARI,Technology Services,Packaged Software
PAR,Process Industries,Chemicals: Specialty
PARACABLES,Producer Manufacturing,Electrical Products
PARADEEP,Process Industries,Chemicals: Agricultural
PARAGMILK,Consumer Non-Durables,Food: Meat/Fish/Dairy
PARAS,Electronic Technology,Aerospace & Defense
PARIN,Consumer Durables,Home Furnishings
PARKHOSPS,Health Services,Hospital/Nursing Management
PARKHOTELS,Consumer Services,Hotels/Resorts/Cruise lines
PARSVNATH,Finance,Real Estate Development
PARTH,Producer Manufacturing,Electrical Products
PASHUPATI,Process Industries,Textiles
PASUPTAC,Process Industries,Textiles
PATANJALI,Process Industries,Agricultural Commodities/Milling
PATELENG,Industrial Services,Engineering & Construction
PATELRMART,Retail Trade,Food Retail
PATILAUTOM,Producer Manufacturing,Auto Parts: OEM
PAUSHAKLTD,Process Industries,Chemicals: Major Diversified
PAVNAIND,Producer Manufacturing,Auto Parts: OEM
PAYTM,Finance,Finance/Rental/Leasing
PCBL,Process Industries,Industrial Specialties
PCCL,Process Industries,Industrial Specialties
PCJEWELLER,Consumer Durables,Other Consumer Specialties
PDMJEPAPER,Process Industries,Pulp & Paper
PDSL,Consumer Non-Durables,Apparel/Footwear
PELATRO,Technology Services,Packaged Software
PENIND,Non-Energy Minerals,Steel
PENINLAND,Finance,Real Estate Development
PERSISTENT,Technology Services,Information Technology Services
PETRONET,Utilities,Gas Distributors
PFC,Finance,Finance/Rental/Leasing
PFIZER,Health Technology,Pharmaceuticals: Major
PFOCUS,Consumer Services,Movies/Entertainment
PFS,Finance,Finance/Rental/Leasing
PGEL,Electronic Technology,Electronic Production Equipment
PGHH,Consumer Non-Durables,Household/Personal Care
PGHL,Health Technology,Pharmaceuticals: Major
PGIL,Consumer Non-Durables,Apparel/Footwear
PGINVIT,Utilities,Electric Utilities
PHANTOMFX,Consumer Services,Movies/Entertainment
PHOENIXLTD,Finance,Real Estate Development
PICCADIL,Process Industries,Agricultural Commodities/Milling
PIDILITIND,Process Industries,Industrial Specialties
PIGL,Industrial Services,Engineering & Construction
PIIND,Process Industries,Chemicals: Specialty
PILANIINVS,Finance,Financial Conglomerates
PILITA,Producer Manufacturing,Miscellaneous Manufacturing
PINELABS,Technology Services,Packaged Software
PIRAMALFIN,Finance,Finance/Rental/Leasing
PITTIENG,Producer Manufacturing,Industrial Machinery
PIXTRANS,Producer Manufacturing,Miscellaneous Manufacturing
PKTEA,Process Industries,Agricultural Commodities/Milling
PLASTIBLEN,Process Industries,Chemicals: Major Diversified
PLATIND,Process Industries,Chemicals: Major Diversified
PLAZACABLE,Producer Manufacturing,Electrical Products
PNB,Finance,Major Banks
PNBGILTS,Finance,Investment Banks/Brokers
PNBHOUSING,Finance,Finance/Rental/Leasing
PNCINFRA,Industrial Services,Engineering & Construction
PNGJL,Retail Trade,Specialty Stores
POCL,Non-Energy Minerals,Other Metals/Minerals
PODDARMENT,Process Industries,Industrial Specialties
POKARNA,Producer Manufacturing,Building Products
POLICYBZR,Technology Services,Internet Software/Services
POLYCAB,Producer Manufacturing,Electrical Products
POLYMED,Health Technology,Medical Specialties
POLYPLEX,Process Industries,Chemicals: Specialty
POLYSIL,Producer Manufacturing,Trucks/Construction/Farm Machinery
PONNIERODE,Process Industries,Agricultural Commodities/Milling
POONAWALLA,Finance,Finance/Rental/Leasing
POSITRON,Utilities,Gas Distributors
POWERGRID,Utilities,Alternative Power Generation
POWERINDIA,Electronic Technology,Electronic Equipment/Instruments
POWERMECH,Industrial Services,Engineering & Construction
PPAP,Producer Manufacturing,Auto Parts: OEM
PPL,Producer Manufacturing,Miscellaneous Manufacturing
PPLPHARMA,Health Technology,Pharmaceuticals: Major
PRABHA,Energy Minerals,Oil & Gas Production
PRAENG,Consumer Durables,Homebuilding
PRAJIND,Industrial Services,Engineering & Construction
PRAKASH,Non-Energy Minerals,Steel
PRAMARA,Consumer Durables,Recreational Products
PRATHAM,Industrial Services,Oilfield Services/Equipment
PRAXIS,Retail Trade,Specialty Stores
PRECAM,Producer Manufacturing,Auto Parts: OEM
PRECOT,Process Industries,Textiles
PRECWIRE,Producer Manufacturing,Electrical Products
PREMEXPLN,Process Industries,Chemicals: Specialty
PREMIERENE,Electronic Technology,Semiconductors
PREMIERPOL,Non-Energy Minerals,Forest Products
PRESTIGE,Finance,Real Estate Development
PRICOLLTD,Producer Manufacturing,Auto Parts: OEM
PRIMECAB,Producer Manufacturing,Electrical Products
PRIMESECU,Finance,Investment Banks/Brokers
PRIMO,Process Industries,Chemicals: Specialty
PRINCEPIPE,Producer Manufacturing,Industrial Machinery
PRITIKA,Producer Manufacturing,Auto Parts: OEM
PRITIKAUTO,Producer Manufacturing,Auto Parts: OEM
PRIVISCL,Process Industries,Chemicals: Major Diversified
PRIZOR,Distribution Services,Wholesale Distributors
PRLIND,Transportation,Trucking
PROFX,Distribution Services,Wholesale Distributors
PROPEQUITY,Technology Services,Internet Software/Services
PROSTARM,Producer Manufacturing,Electrical Products
PROTEAN,Technology Services,Information Technology Services
PROV,Distribution Services,Food Distributors
PROZONER,Finance,Real Estate Development
PRSMJOHNSN,Non-Energy Minerals,Construction Materials
PRUDENT,Finance,Investment Managers
PSB,Finance,Major Banks
PSPPROJECT,Industrial Services,Engineering & Construction
PSRAJ,Non-Energy Minerals,Steel
PTC,Utilities,Electric Utilities
PTCIL,Producer Manufacturing,Metal Fabrication
PTL,Finance,Real Estate Development
PUNJABCHEM,Process Industries,Chemicals: Agricultural
PURPLEUTED,Consumer Non-Durables,Apparel/Footwear
PURVA,Finance,Real Estate Development
PURVFLEXI,Distribution Services,Wholesale Distributors
PUSHPA,Consumer Durables,Other Consumer Specialties
PVP,Technology Services,Information Technology Services
PVRINOX,Consumer Services,Movies/Entertainment
PVSL,Retail Trade,Specialty Stores
PWL,Technology Services,Internet Software/Services
PYRAMID,Producer Manufacturing,Miscellaneous Manufacturing
QMSMEDI,Distribution Services,Medical Distributors
QPOWER,Producer Manufacturing,Electrical Products
QUADFUTURE,Producer Manufacturing,Electrical Products
QUESS,Commercial Services,Personnel Services
QUESTLAB,Health Technology,Pharmaceuticals: Major
QUICKHEAL,Technology Services,Packaged Software
RACE,Process Industries,Textiles
RACLGEAR,Producer Manufacturing,Auto Parts: OEM
RADHIKAJWE,Consumer Durables,Other Consumer Specialties
RADIANTCMS,Commercial Services,Miscellaneous Commercial Services
RADICO,Consumer Non-Durables,Beverages: Alcoholic
RADIOCITY,Consumer Services,Broadcasting
RAILTEL,Communications,Major Telecommunications
RAIN,Process Industries,Industrial Specialties
RAINBOW,Health Services,Hospital/Nursing Management
RAJESHEXPO,Consumer Durables,Other Consumer Specialties
RAJINDLTD,Non-Energy Minerals,Other Metals/Minerals
RAJMET,Non-Energy Minerals,Other Metals/Minerals
RAJOOENG,Producer Manufacturing,Industrial Machinery
RAJPUTANA,Process Industries,Chemicals: Specialty
RAJRATAN,Producer Manufacturing,Metal Fabrication
RAJRILTD,Process Industries,Textiles
RAJTV,Consumer Services,Broadcasting
RALLIS,Process Industries,Chemicals: Agricultural
RAMANEWS,Process Industries,Pulp & Paper
RAMAPHO,Process Industries,Chemicals: Agricultural
RAMASTEEL,Non-Energy Minerals,Steel
RAMCOCEM,Non-Energy Minerals,Construction Materials
RAMCOIND,Non-Energy Minerals,Construction Materials
RAMCOSYS,Technology Services,Information Technology Services
RAMKY,Industrial Services,Engineering & Construction
RAMRAT,Producer Manufacturing,Electrical Products
RANASUG,Process Industries,Agricultural Commodities/Milling
RANEHOLDIN,Producer Manufacturing,Auto Parts: OEM
RAPIDFLEET,Transportation,Trucking
RAPPID,Producer Manufacturing,Industrial Machinery
RATEGAIN,Technology Services,Packaged Software
RATNAMANI,Non-Energy Minerals,Steel
RATNAVEER,Non-Energy Minerals,Steel
RAYMOND,Process Industries,Textiles
RAYMONDLSL,Consumer Non-Durables,Apparel/Footwear
RAYMONDREL,Finance,Real Estate Development
RBA,Consumer Services,Restaurants
RBLBANK,Finance,Major Banks
RBMINFRA,Industrial Services,Engineering & Construction
RBS,Process Industries,Agricultural Commodities/Milling
RBZJEWEL,Consumer Durables,Other Consumer Specialties
RCF,Process Industries,Chemicals: Agricultural
RCOM,Communications,Major Telecommunications
READYMIX,Producer Manufacturing,Trucks/Construction/Farm Machinery
RECLTD,Finance,Finance/Rental/Leasing
REDINGTON,Distribution Services,Electronics Distributors
REDTAPE,Retail Trade,Apparel/Footwear Retail
REFEX,Energy Minerals,Coal
REGAAL,Process Industries,Agricultural Commodities/Milling
REGENCERAM,Producer Manufacturing,Building Products
RELAXO,Consumer Non-Durables,Apparel/Footwear
RELIABLE,Technology Services,Data Processing Services
RELIANCE,Energy Minerals,Oil Refining/Marketing
RELIGARE,Finance,Multi-Line Insurance
RELINFRA,Utilities,Electric Utilities
RELTD,Utilities,Alternative Power Generation
REMSONSIND,Producer Manufacturing,Auto Parts: OEM
REMUS,Health Technology,Pharmaceuticals: Major
RENUKA,Process Industries,Agricultural Commodities/Milling
REPCOHOME,Finance,Finance/Rental/Leasing
REPL,Industrial Services,Engineering & Construction
REPRO,Commercial Services,Commercial Printing/Forms
RESPONIND,Non-Energy Minerals,Forest Products
REXPIPES,Producer Manufacturing,Miscellaneous Manufacturing
RGL,Consumer Durables,Other Consumer Specialties
RHETAN,Non-Energy Minerals,Steel
RHFL,Finance,Finance/Rental/Leasing
RHIM,Producer Manufacturing,Miscellaneous Manufacturing
RHL,Consumer Services,Hotels/Resorts/Cruise lines
RICOAUTO,Producer Manufacturing,Auto Parts: OEM
RIIL,Industrial Services,Oil & Gas Pipelines
RISHABH,Producer Manufacturing,Electrical Products
RITCO,Transportation,Trucking
RITES,Commercial Services,Miscellaneous Commercial Services
RKEC,Industrial Services,Engineering & Construction
RKFORGE,Producer Manufacturing,Metal Fabrication
RKSWAMY,Commercial Services,Advertising/Marketing Services
RMDRIP,Producer Manufacturing,Industrial Machinery
RML,Producer Manufacturing,Auto Parts: OEM
RNBDENIMS,Process Industries,Textiles
RNFI,Finance,Regional Banks
RNPL,Process Industries,Chemicals: Specialty
ROCKINGDCE,Distribution Services,Wholesale Distributors
ROHLTD,Consumer Services,Hotels/Resorts/Cruise lines
ROLEXRINGS,Producer Manufacturing,Metal Fabrication
ROML,Process Industries,Agricultural Commodities/Milling
ROSSARI,Process Industries,Chemicals: Specialty
ROSSELLIND,Electronic Technology,Aerospace & Defense
ROSSTECH,Electronic Technology,Telecommunications Equipment
ROTO,Producer Manufacturing,Industrial Machinery
ROUTE,Communications,Major Telecommunications
ROYALARC,Producer Manufacturing,Industrial Machinery
RPEL,Process Industries,Chemicals: Major Diversified
RPGLIFE,Health Technology,Pharmaceuticals: Major
RPOWER,Utilities,Electric Utilities
RPPINFRA,Industrial Services,Engineering & Construction
RPPL,Process Industries,Containers/Packaging
RPSGVENT,Finance,Financial Conglomerates
RPTECH,Distribution Services,Electronics Distributors
RRKABEL,Producer Manufacturing,Electrical Products
RSWM,Process Industries,Textiles
RSYSTEMS,Technology Services,Information Technology Services
RTNINDIA,Commercial Services,Miscellaneous Commercial Services
RTNPOWER,Utilities,Electric Utilities
RUBFILA,Process Industries,Industrial Specialties
RUBICON,Health Technology,Biotechnology
RUBYMILLS,Process Industries,Textiles
RUCHINFRA,Transportation,Other Transportation
RUCHIRA,Process Industries,Pulp & Paper
RUDRA,Non-Energy Minerals,Steel
RUPA,Consumer Non-Durables,Apparel/Footwear
RUSHIL,Non-Energy Minerals,Forest Products
RUSTOMJEE,Finance,Real Estate Development
RVHL,Consumer Durables,Homebuilding
RVNL,Industrial Services,Engineering & Construction
RVTH,Industrial Services,Oilfield Services/Equipment
S&SPOWER,Producer Manufacturing,Electrical Products
SAAKSHI,Producer Manufacturing,Electrical Products
SAATVIKGL,Producer Manufacturing,Industrial Machinery
SACHEEROME,Consumer Non-Durables,Household/Personal Care
SADBHAV,Industrial Services,Engineering & Construction
SADBHIN,Transportation,Other Transportation
SADHAV,Transportation,Other Transportation
SADHNANIQ,Process Industries,Chemicals: Specialty
SAFARI,Consumer Durables,Other Consumer Specialties
SAFEENTP,Producer Manufacturing,Office Equipment/Supplies
SAGCEM,Non-Energy Minerals,Construction Materials
SAGILITY,Commercial Services,Miscellaneous Commercial Services
SAHAJSOLAR,Electronic Technology,Semiconductors
SAHANA,Technology Services,Information Technology Services
SAHASRA,Electronic Technology,Electronic Production Equipment
SAHYADRI,Non-Energy Minerals,Construction Materials
SAIL,Non-Energy Minerals,Steel
SAILIFE,Commercial Services,Miscellaneous Commercial Services
SAKAR,Health Technology,Pharmaceuticals: Major
SAKHTISUG,Process Industries,Agricultural Commodities/Milling
SAKSOFT,Technology Services,Information Technology Services
SAKUMA,Distribution Services,Food Distributors
SALASAR,Producer Manufacturing,Metal Fabrication
SALONA,Process Industries,Textiles
SALSTEEL,Non-Energy Minerals,Steel
SALZERELEC,Producer Manufacturing,Electrical Products
SAMBHAAV,Consumer Services,Publishing: Newspapers
SAMBHV,Non-Energy Minerals,Steel
SAMHI,Consumer Services,Hotels/Resorts/Cruise lines
SAMMAANCAP,Finance,Finance/Rental/Leasing
SAMPANN,Producer Manufacturing,Miscellaneous Manufacturing
SANATHAN,Process Industries,Textiles
SANDESH,Consumer Services,Publishing: Newspapers
SANDHAR,Consumer Durables,Motor Vehicles
SANDUMA,Non-Energy Minerals,Other Metals/Minerals
SANGAMIND,Process Industries,Textiles
SANGHIIND,Non-Energy Minerals,Construction Materials
SANGHVIMOV,Finance,Finance/Rental/Leasing
SANOFI,Health Technology,Pharmaceuticals: Major
SANOFICONR,Health Technology,Pharmaceuticals: Major
SANSERA,Producer Manufacturing,Auto Parts: OEM
SANSTAR,Consumer Non-Durables,Food: Major Diversified
SAPPHIRE,Consumer Services,Restaurants
SARDAEN,Non-Energy Minerals,Steel
SAREGAMA,Consumer Services,Movies/Entertainment
SARLAPOLY,Process Industries,Textiles
SARVESHWAR,Process Industries,Agricultural Commodities/Milling
SASKEN,Technology Services,Information Technology Services
SASTASUNDR,Retail Trade,Internet Retail
SATIA,Process Industries,Pulp & Paper
SATIN,Finance,Finance/Rental/Leasing
SATKARTAR,Health Technology,Pharmaceuticals: Other
SAURASHCEM,Non-Energy Minerals,Construction Materials
SAVY,Industrial Services,Engineering & Construction
SAWALIYA,Consumer Non-Durables,Food: Specialty/Candy
SBC,Distribution Services,Wholesale Distributors
SBCL,Non-Energy Minerals,Other Metals/Minerals
SBFC,Finance,Finance/Rental/Leasing
SBGLP,Finance,Real Estate Development
SBICARD,Finance,Finance/Rental/Leasing
SBILIFE,Finance,Life/Health Insurance
SBIN,Finance,Regional Banks
SCHAEFFLER,Producer Manufacturing,Metal Fabrication
SCHAND,Consumer Services,Publishing: Books/Magazines
SCHNEIDER,Distribution Services,Wholesale Distributors
SCI,Transportation,Air Freight/Couriers
SCILAL,Miscellaneous,Miscellaneous
SCML,Producer Manufacturing,Industrial Machinery
SCODATUBES,Non-Energy Minerals,Steel
SCPL,Consumer Non-Durables,Food: Meat/Fish/Dairy
SDBL,Consumer Non-Durables,Beverages: Alcoholic
SDREAMS,Consumer Non-Durables,Apparel/Footwear
SEAMECLTD,Industrial Services,Oilfield Services/Equipment
SECMARK,Technology Services,Information Technology Services
SEJALLTD,Process Industries,Industrial Specialties
SELMC,Process Industries,Textiles
SENCO,Consumer Durables,Other Consumer Specialties
SENORES,Health Technology,Pharmaceuticals: Major
SEPC,Industrial Services,Engineering & Construction
SERVOTECH,Producer Manufacturing,Electrical Products
SESHAPAPER,Process Industries,Pulp & Paper
SETCO,Producer Manufacturing,Auto Parts: OEM
SETL,Health Technology,Medical Specialties
SFL,Process Industries,Industrial Specialties
SGFIN,Finance,Investment Banks/Brokers
SGIL,Non-Energy Minerals,Steel
SGMART,Utilities,Electric Utilities
SHADOWFAX,Technology Services,Packaged Software
SHAH,Non-Energy Minerals,Steel
SHAHALLOYS,Non-Energy Minerals,Steel
SHAILY,Process Industries,Chemicals: Specialty
SHAKTIPUMP,Producer Manufacturing,Industrial Machinery
SHALBY,Health Services,Hospital/Nursing Management
SHALPAINTS,Process Industries,Industrial Specialties
SHANKARA,Retail Trade,Home Improvement Chains
SHANTIGEAR,Producer Manufacturing,Auto Parts: OEM
SHANTIGOLD,Consumer Durables,Other Consumer Specialties
SHARDACROP,Distribution Services,Wholesale Distributors
SHARDAMOTR,Producer Manufacturing,Auto Parts: OEM
SHAREINDIA,Finance,Investment Banks/Brokers
SHEEL,Process Industries,Agricultural Commodities/Milling
SHEETAL,Consumer Non-Durables,Food: Specialty/Candy
SHEMAROO,Consumer Services,Movies/Entertainment
SHERA,Producer Manufacturing,Electrical Products
SHETHJI,Consumer Non-Durables,Food: Major Diversified
SHIGAN,Electronic Technology,Electronic Equipment/Instruments
SHILCTECH,Producer Manufacturing,Electrical Products
SHILPAMED,Health Technology,Pharmaceuticals: Major
SHIVALIK,Process Industries,Chemicals: Agricultural
SHIVAMAUTO,Producer Manufacturing,Auto Parts: OEM
SHIVASHRIT,Consumer Non-Durables,Food: Specialty/Candy
SHIVATEX,Process Industries,Textiles
SHIVAUM,Producer Manufacturing,Metal Fabrication
SHK,Process Industries,Chemicals: Specialty
SHOPERSTOP,Retail Trade,Department Stores
SHRADHA,Industrial Services,Engineering & Construction
SHREDIGCEM,Non-Energy Minerals,Construction Materials
SHREECEM,Non-Energy Minerals,Construction Materials
SHREEJISPG,Transportation,Other Transportation
SHREEKARNI,Process Industries,Textiles
SHREEOSFM,Transportation,Other Transportation
SHREEPUSHK,Process Industries,Chemicals: Specialty
SHREERAMA,Process Industries,Containers/Packaging
SHREYANIND,Process Industries,Pulp & Paper
SHRIAHIMSA,Health Technology,Pharmaceuticals: Other
SHRINGARMS,Consumer Durables,Other Consumer Specialties
SHRIPISTON,Producer Manufacturing,Auto Parts: OEM
SHRIRAMFIN,Finance,Finance/Rental/Leasing
SHRIRAMPPS,Finance,Real Estate Development
SHRITECH,Process Industries,Textiles
SHUBHSHREE,Process Industries,Chemicals: Specialty
SHYAMCENT,Non-Energy Minerals,Steel
SHYAMDHANI,Consumer Non-Durables,Food: Major Diversified
SHYAMMETL,Producer Manufacturing,Metal Fabrication
SICALLOG,Transportation,Other Transportation
SIDDHIKA,Industrial Services,Engineering & Construction
SIEMENS,Producer Manufacturing,Electrical Products
SIGACHI,Health Technology,Pharmaceuticals: Major
SIGIND,Process Industries,Chemicals: Specialty
SIGMA,Technology Services,Packaged Software
SIGMAADV,Technology Services,Information Technology Services
SIGNATURE,Finance,Real Estate Development
SIGNPOST,Commercial Services,Advertising/Marketing Services
SIKKO,Process Industries,Chemicals: Agricultural
SIL,Process Industries,Chemicals: Specialty
SILGO,Consumer Durables,Other Consumer Specialties
SILINV,Finance,Financial Conglomerates
SILKFLEX,Distribution Services,Wholesale Distributors
SILVERTUC,Technology Services,Packaged Software
SIMPLEXINF,Industrial Services,Engineering & Construction
SINCLAIR,Consumer Services,Hotels/Resorts/Cruise lines
SINDHUTRAD,Transportation,Air Freight/Couriers
SINTERCOM,Producer Manufacturing,Auto Parts: OEM
SIRCA,Process Industries,Industrial Specialties
SIS,Commercial Services,Miscellaneous Commercial Services
SIYSIL,Process Industries,Textiles
SJLOGISTIC,Transportation,Airlines
SJS,Producer Manufacturing,Auto Parts: OEM
SJVN,Utilities,Electric Utilities
SKFINDIA,Producer Manufacturing,Metal Fabrication
SKIPPER,Producer Manufacturing,Metal Fabrication
SKMEGGPROD,Process Industries,Agricultural Commodities/Milling
SKP,Producer Manufacturing,Metal Fabrication
SKYGOLD,Consumer Durables,Other Consumer Specialties
SMARTEN,Producer Manufacturing,Electrical Products
SMARTLINK,Electronic Technology,Telecommunications Equipment
SMARTWORKS,Finance,Real Estate Development
SMCGLOBAL,Finance,Investment Banks/Brokers
SMLMAH,Consumer Durables,Motor Vehicles
SMSPHARMA,Health Technology,Pharmaceuticals: Major
SNOWMAN,Commercial Services,Miscellaneous Commercial Services
SOBHA,Finance,Real Estate Development
SOFTTECH,Technology Services,Packaged Software
SOLARA,Health Technology,Pharmaceuticals: Major
SOLARAPP1.E1,Health Technology,Pharmaceuticals: Major
SOLARINDS,Process Industries,Industrial Specialties
SOLARWORLD,Industrial Services,Engineering & Construction
SOLEX,Producer Manufacturing,Building Products
SOMANYCERA,Producer Manufacturing,Building Products
SOMATEX,Process Industries,Textiles
SOMICONVEY,Producer Manufacturing,Miscellaneous Manufacturing
SONACOMS,Producer Manufacturing,Auto Parts: OEM
SONAMLTD,Consumer Durables,Other Consumer Specialties
SONATSOFTW,Technology Services,Information Technology Services
SOTAC,Health Technology,Pharmaceuticals: Major
SOTL,Process Industries,Chemicals: Specialty
SOUTHBANK,Finance,Major Banks
SOUTHWEST,Energy Minerals,Coal
SPAL,Consumer Non-Durables,Apparel/Footwear
SPANDANA,Finance,Finance/Rental/Leasing
SPARC,Health Technology,Pharmaceuticals: Major
SPCENET,Commercial Services,Advertising/Marketing Services
SPCL,Producer Manufacturing,Electrical Products
SPEB,Process Industries,Industrial Specialties
SPECIALITY,Consumer Services,Restaurants
SPECTRUM,Electronic Technology,Electronic Equipment/Instruments
SPECTSTM,Commercial Services,Personnel Services
SPENCERS,Retail Trade,Food Retail
SPIC,Process Industries,Chemicals: Agricultural
SPLPETRO,Process Industries,Industrial Specialties
SPMLINFRA,Industrial Services,Engineering & Construction
SPORTKING,Process Industries,Textiles
SPUNWEB,Process Industries,Textiles
SRD,Distribution Services,Wholesale Distributors
SREEL,Retail Trade,Apparel/Footwear Retail
SRF,Process Industries,Industrial Specialties
SRGHFL,Finance,Finance/Rental/Leasing
SRHHYPOLTD,Process Industries,Chemicals: Specialty
SRM,Industrial Services,Engineering & Construction
SSDL,Distribution Services,Wholesale Distributors
SSEGL,Industrial Services,Engineering & Construction
SSFL,Consumer Non-Durables,Food: Specialty/Candy
SSFLPP.E1,Finance,Finance/Rental/Leasing
SSWL,Producer Manufacturing,Auto Parts: OEM
STALLION,Distribution Services,Wholesale Distributors
STANLEY,Consumer Durables,Home Furnishings
STAR,Health Technology,Pharmaceuticals: Major
STARCEMENT,Non-Energy Minerals,Construction Materials
STARHEALTH,Finance,Life/Health Insurance
STARPAPER,Process Industries,Pulp & Paper
STARTECK,Finance,Finance/Rental/Leasing
STCINDIA,Distribution Services,Food Distributors
STEELCAS,Non-Energy Minerals,Steel
STEELCITY,Finance,Investment Banks/Brokers
STEELXIND,Non-Energy Minerals,Steel
STEL,Finance,Financial Conglomerates
STERTOOLS,Producer Manufacturing,Metal Fabrication
STLTECH,Technology Services,Information Technology Services
STOVEKRAFT,Consumer Durables,Electronics/Appliances
STUDDS,Consumer Durables,Recreational Products
STYL,Technology Services,Packaged Software
STYLAMIND,Non-Energy Minerals,Forest Products
STYLEBAAZA,Retail Trade,Apparel/Footwear Retail
STYRENIX,Process Industries,Chemicals: Specialty
SUBAHOTELS,Consumer Services,Hotels/Resorts/Cruise lines
SUBEXLTD,Technology Services,Packaged Software
SUBROS,Producer Manufacturing,Industrial Machinery
SUDARCOLOR,Process Industries,Chemicals: Major Diversified
SUDARSCHEM,Process Industries,Chemicals: Specialty
SUDEEPPHRM,Health Technology,Pharmaceuticals: Other
SUKHJITS,Consumer Non-Durables,Food: Specialty/Candy
SULA,Process Industries,Agricultural Commodities/Milling
SUMEETINDS,Process Industries,Textiles
SUMICHEM,Process Industries,Chemicals: Agricultural
SUMIT,Finance,Real Estate Development
SUMMITSEC,Miscellaneous,Investment Trusts/Mutual Funds
SUNCLAY,Producer Manufacturing,Auto Parts: OEM
SUNDARMFIN,Finance,Finance/Rental/Leasing
SUNDRMBRAK,Producer Manufacturing,Auto Parts: OEM
SUNDRMFAST,Producer Manufacturing,Auto Parts: OEM
SUNDROP,Process Industries,Agricultural Commodities/Milling
SUNFLAG,Non-Energy Minerals,Steel
SUNLITE,Non-Energy Minerals,Other Metals/Minerals
SUNPHARMA,Health Technology,Pharmaceuticals: Major
SUNTECK,Finance,Real Estate Development
SUNTV,Consumer Services,Broadcasting
SUPERHOUSE,Consumer Non-Durables,Apparel/Footwear
SUPRAJIT,Producer Manufacturing,Auto Parts: OEM
SUPREME,Finance,Real Estate Development
SUPREMEIND,Producer Manufacturing,Miscellaneous Manufacturing
SUPREMEINF,Industrial Services,Engineering & Construction
SUPREMEPWR,Producer Manufacturing,Electrical Products
SUPRIYA,Health Technology,Pharmaceuticals: Major
SURAJEST,Industrial Services,Engineering & Construction
SURAJLTD,Non-Energy Minerals,Steel
SURAKSHA,Health Services,Medical/Nursing Services
SURANASOL,Electronic Technology,Semiconductors
SURANAT&P,Distribution Services,Wholesale Distributors
SURYALAXMI,Process Industries,Textiles
SURYAROSNI,Non-Energy Minerals,Steel
SURYODAY,Finance,Regional Banks
SUTLEJTEX,Process Industries,Textiles
SUVEN,Health Technology,Pharmaceuticals: Major
SUYOG,Industrial Services,Engineering & Construction
SUZLON,Producer Manufacturing,Electrical Products
SVLL,Transportation,Air Freight/Couriers
SWANCORP,Utilities,Electric Utilities
SWANDEF,Producer Manufacturing,Trucks/Construction/Farm Machinery
SWARAJENG,Producer Manufacturing,Auto Parts: OEM
SWELECTES,Producer Manufacturing,Electrical Products
SWIGGY,Transportation,Air Freight/Couriers
SWSOLAR,Industrial Services,Engineering & Construction
SYMPHONY,Producer Manufacturing,Industrial Machinery
SYNCOMF,Health Technology,Pharmaceuticals: Major
SYNGENE,Commercial Services,Miscellaneous Commercial Services
SYRMA,Electronic Technology,Electronic Production Equipment
SYSTANGO,Technology Services,Packaged Software
SYSTMTXC,Finance,Investment Banks/Brokers
TAC,Technology Services,Packaged Software
TAINWALCHM,Process Industries,Containers/Packaging
TAJGVK,Consumer Services,Hotels/Resorts/Cruise lines
TAKE,Technology Services,Information Technology Services
TALBROAUTO,Producer Manufacturing,Industrial Machinery
TANKUP,Producer Manufacturing,Industrial Machinery
TANLA,Technology Services,Information Technology Services
TARACHAND,Finance,Finance/Rental/Leasing
TARC,Finance,Real Estate Development
TARIL,Producer Manufacturing,Electrical Products
TARMAT,Industrial Services,Engineering & Construction
TARSONS,Process Industries,Containers/Packaging
TASTYBITE,Consumer Non-Durables,Food: Specialty/Candy
TATACAP,Finance,Finance/Rental/Leasing
TATACHEM,Process Industries,Chemicals: Agricultural
TATACOMM,Communications,Major Telecommunications
TATACONSUM,Consumer Non-Durables,Food: Specialty/Candy
TATAELXSI,Technology Services,Information Technology Services
TATAINVEST,Finance,Investment Banks/Brokers
TATAPOWER,Utilities,Electric Utilities
TATASTEEL,Non-Energy Minerals,Steel
TATATECH,Technology Services,Packaged Software
TATVA,Process Industries,Chemicals: Specialty
TAURIAN,Producer Manufacturing,Trucks/Construction/Farm Machinery
TBI,Process Industries,Agricultural Commodities/Milling
TBOTEK,Technology Services,Internet Software/Services
TBZ,Consumer Durables,Other Consumer Specialties
TCI,Transportation,Trucking
TCIEXP,Transportation,Air Freight/Couriers
TCL,Producer Manufacturing,Auto Parts: OEM
TCPLPACK,Commercial Services,Commercial Printing/Forms
TCS,Technology Services,Information Technology Services
TDPOWERSYS,Producer Manufacturing,Electrical Products
TEAMGTY,Finance,Financial Conglomerates
TEAMLEASE,Commercial Services,Personnel Services
TECHD,Technology Services,Packaged Software
TECHERA,Producer Manufacturing,Metal Fabrication
TECHLABS,Distribution Services,Electronics Distributors
TECHM,Technology Services,Information Technology Services
TECHNOE,Industrial Services,Engineering & Construction
TEGA,Distribution Services,Wholesale Distributors
TEJASCARGO,Transportation,Air Freight/Couriers
TEJASNET,Electronic Technology,Telecommunications Equipment
TEMBO,Producer Manufacturing,Metal Fabrication
TENNIND,Producer Manufacturing,Auto Parts: OEM
TERASOFT,Technology Services,Information Technology Services
TEXINFRA,Utilities,Electric Utilities
TEXMOPIPES,Producer Manufacturing,Miscellaneous Manufacturing
TEXRAIL,Producer Manufacturing,Trucks/Construction/Farm Machinery
TFCILTD,Finance,Finance/Rental/Leasing
THANGAMAYL,Consumer Durables,Other Consumer Specialties
THEINVEST,Finance,Investment Banks/Brokers
THEJO,Distribution Services,Wholesale Distributors
THELEELA,Consumer Services,Hotels/Resorts/Cruise lines
THEMISMED,Health Technology,Pharmaceuticals: Major
THERMAX,Producer Manufacturing,Industrial Machinery
THOMASCOOK,Consumer Services,Other Consumer Services
THOMASCOTT,Consumer Non-Durables,Apparel/Footwear
THYROCARE,Health Services,Medical/Nursing Services
TI,Consumer Non-Durables,Beverages: Alcoholic
TICL,Industrial Services,Engineering & Construction
TIGERLOGS,Transportation,Air Freight/Couriers
TIIL,Producer Manufacturing,Metal Fabrication
TIINDIA,Non-Energy Minerals,Steel
TIL,Producer Manufacturing,Trucks/Construction/Farm Machinery
TIMETECHNO,Process Industries,Containers/Packaging
TIMKEN,Producer Manufacturing,Industrial Machinery
TINNARUBR,Process Industries,Industrial Specialties
TIPSFILMS,Consumer Services,Movies/Entertainment
TIPSMUSIC,Consumer Services,Movies/Entertainment
TIRUMALCHM,Process Industries,Chemicals: Specialty
TIRUPATI,Process Industries,Containers/Packaging
TIRUPATIFL,Producer Manufacturing,Industrial Conglomerates
TITAGARH,Producer Manufacturing,Trucks/Construction/Farm Machinery
TITAN,Consumer Durables,Other Consumer Specialties
TMB,Finance,Regional Banks
TMCV,Consumer Durables,Motor Vehicles
TMPV,Consumer Durables,Motor Vehicles
TNPETRO,Process Industries,Chemicals: Specialty
TNPL,Process Industries,Pulp & Paper
TOLINS,Consumer Durables,Automotive Aftermarket
TORNTPHARM,Health Technology,Pharmaceuticals: Major
TORNTPOWER,Utilities,Electric Utilities
TOTAL,Transportation,Air Freight/Couriers
TPLPLASTEH,Process Industries,Chemicals: Specialty
TRACXN,Technology Services,Internet Software/Services
TRANSRAILL,Industrial Services,Engineering & Construction
TRANSTEEL,Producer Manufacturing,Office Equipment/Supplies
TRANSWORLD,Transportation,Marine Shipping
TRAVELFOOD,Consumer Services,Restaurants
TREJHARA,Technology Services,Information Technology Services
TREL,Finance,Real Estate Development
TRENT,Retail Trade,Apparel/Footwear Retail
TRF,Producer Manufacturing,Trucks/Construction/Farm Machinery
TRIDENT,Process Industries,Textiles
TRIGYN,Technology Services,Information Technology Services
TRITURBINE,Producer Manufacturing,Industrial Machinery
TRIVENI,Process Industries,Agricultural Commodities/Milling
TRUALT,Process Industries,Chemicals: Specialty
TSFINV,Finance,Financial Conglomerates
TTKHLTCARE,Health Technology,Pharmaceuticals: Major
TTKPRESTIG,Consumer Durables,Home Furnishings
TTL,Process Industries,Textiles
TTML,Communications,Specialty Telecommunications
TUNWAL,Consumer Durables,Motor Vehicles
TVSELECT,Electronic Technology,Electronic Equipment/Instruments
TVSHLTD,Producer Manufacturing,Auto Parts: OEM
TVSMOTOR,Consumer Durables,Motor Vehicles
TVSSCS,Transportation,Air Freight/Couriers
TVSSRICHAK,Consumer Durables,Automotive Aftermarket
TVTODAY,Consumer Services,Broadcasting
UBL,Consumer Non-Durables,Beverages: Alcoholic
UCAL,Producer Manufacturing,Auto Parts: OEM
UCOBANK,Finance,Regional Banks
UDS,Commercial Services,Miscellaneous Commercial Services
UEL,Utilities,Alternative Power Generation
UFBL,Consumer Services,Restaurants
UFLEX,Process Industries,Containers/Packaging
UFO,Consumer Services,Movies/Entertainment
UGARSUGAR,Process Industries,Agricultural Commodities/Milling
UGROCAP,Finance,Finance/Rental/Leasing
UJJIVANSFB,Finance,Regional Banks
ULTRACEMCO,Non-Energy Minerals,Construction Materials
UMIYA_MRO,Electronic Technology,Electronic Production Equipment
UNICHEMLAB,Health Technology,Pharmaceuticals: Major
UNIDT,Industrial Services,Oilfield Services/Equipment
UNIECOM,Technology Services,Packaged Software
UNIENTER,Producer Manufacturing,Industrial Conglomerates
UNIHEALTH,Health Services,Medical/Nursing Services
UNIMECH,Producer Manufacturing,Industrial Machinery
UNIONBANK,Finance,Major Banks
UNIPARTS,Producer Manufacturing,Auto Parts: OEM
UNITDSPR,Consumer Non-Durables,Beverages: Alcoholic
UNITECH,Industrial Services,Engineering & Construction
UNITEDPOLY,Process Industries,Textiles
UNITEDTEA,Consumer Non-Durables,Food: Specialty/Candy
UNIVASTU,Industrial Services,Engineering & Construction
UNIVCABLES,Electronic Technology,Electronic Components
UNIVPHOTO,Consumer Durables,Electronics/Appliances
UNOMINDA,Producer Manufacturing,Auto Parts: OEM
UPL,Process Industries,Chemicals: Agricultural
URAVIDEF,Producer Manufacturing,Electrical Products
URBAN,Transportation,Trucking
URBANCO,Technology Services,Packaged Software
URJA,Electronic Technology,Semiconductors
USASEEDS,Process Industries,Agricultural Commodities/Milling
USHAFIN,Finance,Finance/Rental/Leasing
USHAMART,Producer Manufacturing,Metal Fabrication
USK,Industrial Services,Engineering & Construction
UTIAMC,Finance,Investment Managers
UTKARSHBNK,Finance,Regional Banks
UTLSOLAR,Electronic Technology,Semiconductors
UTSSAV,Consumer Durables,Other Consumer Specialties
UTTAMSUGAR,Process Industries,Agricultural Commodities/Milling
UYFINCORP,Finance,Finance/Rental/Leasing
V2RETAIL,Retail Trade,Apparel/Footwear Retail
VADILALIND,Consumer Non-Durables,Food: Specialty/Candy
VAIBHAVGBL,Consumer Durables,Other Consumer Specialties
VAKRANGEE,Retail Trade,Internet Retail
VALIANTLAB,Health Technology,Pharmaceuticals: Major
VALIANTORG,Process Industries,Chemicals: Specialty
VARDHACRLC,Consumer Non-Durables,Apparel/Footwear
VARDMNPOLY,Process Industries,Textiles
VARROC,Producer Manufacturing,Auto Parts: OEM
VASCONEQ,Industrial Services,Engineering & Construction
VASWANI,Non-Energy Minerals,Steel
VBL,Consumer Non-Durables,Beverages: Non-Alcoholic
VEDL,Non-Energy Minerals,Aluminum
VEEDOL,Energy Minerals,Oil Refining/Marketing
VENKEYS,Process Industries,Agricultural Commodities/Milling
VENTIVE,Consumer Services,Hotels/Resorts/Cruise lines
VENUSPIPES,Non-Energy Minerals,Steel
VENUSREM,Health Technology,Pharmaceuticals: Major
VERANDA,Commercial Services,Miscellaneous Commercial Services
VERTOZ,Commercial Services,Advertising/Marketing Services
VESUVIUS,Non-Energy Minerals,Construction Materials
VETO,Producer Manufacturing,Electrical Products
VGINFOTECH,Technology Services,Packaged Software
VGL,Process Industries,Textiles
VGUARD,Producer Manufacturing,Electrical Products
VHL,Finance,Investment Managers
VHLTD,Consumer Services,Hotels/Resorts/Cruise lines
VIDHIING,Consumer Non-Durables,Food: Specialty/Candy
VIDYAWIRES,Non-Energy Minerals,Other Metals/Minerals
VIESL,Finance,Finance/Rental/Leasing
VIJAYA,Health Services,Medical/Nursing Services
VIJAYPD,Distribution Services,Medical Distributors
VIKASECO,Process Industries,Chemicals: Major Diversified
VIKASLIFE,Distribution Services,Wholesale Distributors
VIKRAMSOLR,Electronic Technology,Semiconductors
VIKRAN,Industrial Services,Engineering & Construction
VILAS,Electronic Technology,Electronic Components
VIMTALABS,Commercial Services,Miscellaneous Commercial Services
VINATIORGA,Process Industries,Chemicals: Specialty
VINCOFE,Distribution Services,Wholesale Distributors
VINDHYATEL,Industrial Services,Engineering & Construction
VINSYS,Commercial Services,Miscellaneous Commercial Services
VINYAS,Electronic Technology,Electronic Production Equipment
VINYLINDIA,Distribution Services,Wholesale Distributors
VIPCLOTHNG,Consumer Non-Durables,Apparel/Footwear
VIPIND,Consumer Durables,Other Consumer Specialties
VIPULLTD,Finance,Real Estate Development
VIRINCHI,Technology Services,Information Technology Services
VISAKAIND,Process Industries,Industrial Specialties
VISAMAN,Distribution Services,Wholesale Distributors
VISASTEEL,Non-Energy Minerals,Steel
VISHNU,Process Industries,Chemicals: Specialty
VISHNUINFR,Non-Energy Minerals,Construction Materials
VISHWARAJ,Process Industries,Agricultural Commodities/Milling
VITAL,Process Industries,Chemicals: Specialty
VIVIANA,Industrial Services,Engineering & Construction
VIYASH,Health Technology,Pharmaceuticals: Major
VLEGOV,Technology Services,Information Technology Services
VLSFINANCE,Finance,Investment Banks/Brokers
VMARCIND,Producer Manufacturing,Electrical Products
VMART,Retail Trade,Specialty Stores
VMM,Retail Trade,Apparel/Footwear Retail
VMSTMT,Non-Energy Minerals,Steel
VOLERCAR,Transportation,Other Transportation
VOLTAMP,Producer Manufacturing,Electrical Products
VOLTAS,Producer Manufacturing,Industrial Machinery
VPRPL,Industrial Services,Engineering & Construction
VR,Finance,Real Estate Development
VRAJ,Non-Energy Minerals,Steel
VRLLOG,Transportation,Trucking
VSSL,Non-Energy Minerals,Steel
VSTIND,Consumer Non-Durables,Tobacco
VSTL,Non-Energy Minerals,Steel
VSTTILLERS,Producer Manufacturing,Trucks/Construction/Farm Machinery
VTL,Process Industries,Textiles
WAAREEENER,Electronic Technology,Semiconductors
WAAREEINDO,Electronic Technology,Electronic Equipment/Instruments
WAAREERTL,Utilities,Alternative Power Generation
WABAG,Industrial Services,Engineering & Construction
WAKEFIT,Retail Trade,Specialty Stores
WALCHANNAG,Producer Manufacturing,Industrial Machinery
WANBURY,Health Technology,Pharmaceuticals: Major
WCIL,Transportation,Air Freight/Couriers
WEALTH,Finance,Investment Managers
WEBELSOLAR,Electronic Technology,Semiconductors
WEIZMANIND,Process Industries,Textiles
WEL,Electronic Technology,Electronic Equipment/Instruments
WELCORP,Producer Manufacturing,Industrial Machinery
WELENT,Industrial Services,Engineering & Construction
WELINV,Finance,Investment Banks/Brokers
WELSPUNLIV,Consumer Non-Durables,Consumer Sundries
WENDT,Producer Manufacturing,Industrial Machinery
WESTLIFE,Consumer Services,Restaurants
WEWORK,Finance,Real Estate Development
WHEELS,Producer Manufacturing,Auto Parts: OEM
WHIRLPOOL,Consumer Durables,Electronics/Appliances
WINDLAS,Health Technology,Pharmaceuticals: Major
WINDMACHIN,Producer Manufacturing,Industrial Machinery
WINSOL,Industrial Services,Engineering & Construction
WIPL,Non-Energy Minerals,Forest Products
WIPRO,Technology Services,Information Technology Services
WOCKPHARMA,Health Technology,Pharmaceuticals: Major
WOMANCART,Retail Trade,Specialty Stores
WONDERLA,Consumer Services,Movies/Entertainment
WORTHPERI,Process Industries,Containers/Packaging
WSI,Producer Manufacturing,Electrical Products
WSTCSTPAPR,Producer Manufacturing,Office Equipment/Supplies
WTICAB,Finance,Finance/Rental/Leasing
XCHANGING,Technology Services,Information Technology Services
XELPMOC,Technology Services,Information Technology Services
XPROINDIA,Process Industries,Industrial Specialties
XTGLOBAL,Technology Services,Information Technology Services
YASHO,Consumer Non-Durables,Food: Specialty/Candy
YASHOPTICS,Health Technology,Medical Specialties
YATHARTH,Health Services,Hospital/Nursing Management
YATRA,Consumer Services,Other Consumer Services
YESBANK,Finance,Major Banks
YUKEN,Producer Manufacturing,Industrial Machinery
ZAGGLE,Technology Services,Packaged Software
ZEAL,Transportation,Airlines
ZEEL,Consumer Services,Broadcasting
ZEELEARN,Consumer Services,Other Consumer Services
ZEEMEDIA,Consumer Services,Broadcasting
ZENITHEXPO,Consumer Non-Durables,Apparel/Footwear
ZENSARTECH,Technology Services,Packaged Software
ZENTEC,Technology Services,Information Technology Services
ZFCVINDIA,Producer Manufacturing,Auto Parts: OEM
ZIMLAB,Health Technology,Pharmaceuticals: Generic
ZODIAC,Producer Manufacturing,Building Products
ZODIACLOTH,Consumer Non-Durables,Apparel/Footwear
ZOTA,Health Technology,Pharmaceuticals: Major
ZTECH,Industrial Services,Engineering & Construction
ZUARI,Process Industries,Chemicals: Agricultural
ZUARIIND,Process Industries,Agricultural Commodities/Milling
ZYDUSLIFE,Health Technology,Pharmaceuticals: Major
ZYDUSWELL,Consumer Non-Durables,Food: Major Diversified
BAJAJ-AUTO,Automobile and Auto Components,Automobile and Auto Components
LTM,Information Technology,Information Technology
NAM-INDIA,Financial Services,Financial Services
JSWDULUX,Consumer Durables,Consumer Durables
SKFINDUS,Capital Goods,Capital Goods
