Symbol,Date,Close,R3M,R6M,R9M,R12M,RS_Blend,MA_30W,MA_30W_Slope_10S_Pct,Stage,MA_10W,High_52W,Near_52W_High,Low_52W,Volume_Ratio,U_D,AvgValue20,SMA_50,Below_50DMA,Ext_Pct,Extended_20Pct,Pct_From_52W_High,Above_MA_30W,Above_MA_10W,MA10W_Above_MA30W,MA_30W_Rising,Distribution,Heavy_Distribution,Breakout,Breakout_Confirmed,SMA_150,SMA_200,SMA_200_Rising,ATR_Pct,VCP_Contractions,Contraction_Ratio,Base_Depth_Pct,Volume_DryUp,VCP_Setup,VCP_Pivot,RS_Line,RS_Line_High_52W,RS_Line_At_High,Pct_To_Pivot,RS_Score,Liquid_UI_Filter,RS_Not_Lagging,Trend_Health,TT1_Above_150_200,TT2_150_Above_200,TT3_200_Rising,TT4_50_Above_150_200,TT5_Above_50,TT6_Above_52W_Low,TT7_Near_52W_High,TT8_RS,Trend_Template_Score,Trend_Template_Pass,RS_Line_NH_Before_Price,Stage1_Readiness,Company Name,Industry,Series,ISIN Code,Action,Action_Reason
360ONE,2026-08-21,1199.0,0.07843132518638285,0.09572974535364986,0.058138308524921634,0.1206488353177404,0.08627590791381552,1092.3867477943156,0.3170196981554074,Stage 2 — Advancing,1131.3176508884803,1229.0652744329707,True,900.8207868154223,0.4145082713855048,0.8729213301454543,1097776754.6649232,1132.0080029296876,False,9.759661806677133,False,-2.44619021124336,True,True,True,True,False,False,False,False,1093.7479121907552,1103.462745666504,True,2.545573983248689,2,0.9171574521642353,13.271734858774664,0.614920677264233,False,1222.9000244140625,0.05095557473516943,0.051163296820319254,True,1.9933298093463225,59.0,True,True,5,True,False,True,True,True,True,True,False,6,False,False,,360 ONE WAM Ltd.,Financial Services,EQ,INE466L01038,HOLD,Stage 2 + RS 59; trend/leadership is adequate without a stronger entry trigger.
3MINDIA,2026-08-24,33885.0,0.031839605808950955,-0.04179139198927906,-0.027560501416358463,0.1252286000012841,0.0239111836427097,33308.67665678879,0.1915364334805325,Stage 2 — Advancing,34447.1900658701,37487.09942436396,False,28319.862583025053,0.42367207089061176,0.7114774624373956,144425206.25,34511.874609375,True,1.7302498959944401,False,-9.608904075472024,True,False,True,True,False,False,False,False,33321.78467447917,33679.26686523438,True,2.486350892725395,1,1.336383224456955,16.92695221716544,1.2982822231066269,False,37300.0,1.441194296468787,1.5957972004548862,False,10.078205695735587,48.0,True,False,3,True,False,True,True,False,False,True,False,4,False,False,,3M India Ltd.,Diversified,EQ,INE470A01017,WAIT,Stage 2 + RS 48; wait because the close is below its 50-session average — short-term timing has weakened even though the 30-week trend is intact.
ABB,2026-08-24,7504.0,0.13496372784547916,0.25881639645209553,0.5074930335230559,0.505706633266158,0.30838870378645356,6650.220666336687,2.7690917643120816,Stage 2 — Advancing,7230.642118566177,7832.294844565128,False,4564.870705303207,0.3532850132910183,1.6349518418851492,2151305542.03208,7238.415888671875,False,12.83836095823303,False,-4.191553702717588,True,True,True,True,False,False,False,False,6597.695595703125,6207.275349121093,True,1.9207289240733945,3,0.9757478925203336,15.256478182662764,0.40444273261742475,False,7832.294844565128,0.31915956915159444,0.32689961302851106,False,4.374931297509699,84.0,True,True,5,True,True,True,True,True,True,True,True,8,True,False,,ABB India Ltd.,Capital Goods,EQ,INE117A01022,HOLD,Stage 2 + RS 84; trend/leadership is adequate without a stronger entry trigger.
ACC,2026-08-21,1307.4000244140625,-0.0336825507872347,-0.18456847089034223,-0.2814792313207407,-0.28916978602527343,-0.16451651796216515,1417.8593539533945,-1.8670663585650282,Stage 4 — Declining,1352.374516505821,1975.569036609613,False,1244.4991052892974,0.716117484596641,0.7804304638846892,246156372.55991212,1352.6900073242186,True,-7.7905702869145665,False,-33.82159771759905,False,False,False,False,False,False,False,False,1427.8063541666668,1516.519583129883,False,1.6761745625977278,1,1.6981547082693171,9.04590297797511,0.6719821507814653,False,1413.9000244140625,0.05556240171208766,0.08036860726139042,False,8.145938351785652,10.0,True,False,0,False,False,False,False,False,False,False,False,0,False,False,,ACC Ltd.,Construction Materials,EQ,INE012A01025,SELL,Stage 4 takes precedence: the guide requires SELL regardless of RS.
ACMESOLAR,2026-08-21,401.6000061035156,0.42083854511100616,0.7339493331254996,0.6885275560453621,0.3985873869155485,0.5325482732616845,303.8244125892376,3.7804214094606214,Stage 2 — Advancing,369.1999990425858,411.29998779296875,True,195.72747422084996,2.3068189435491777,2.0361524175485846,868781965.8958664,369.8689990234375,False,32.18161196495686,True,-2.3583714994748983,True,True,True,True,False,False,True,True,300.6959629313151,284.08100639343263,True,3.198813040788829,2,1.1565481032587852,20.495985970075413,0.8387584994444186,False,411.29998779296875,0.01706735540004353,0.01706735540004353,True,2.4153340493109576,93.0,True,True,5,True,True,True,True,True,True,True,True,8,True,False,,ACME Solar Holdings Ltd.,Power,EQ,INE622W01025,WAIT,"Stage 2 + RS 93; wait because price is more than 20% above the 30-week line (currently +32%) — the guide treats that as poor entry timing, not a failed trend."
AIAENG,2026-08-21,4348.89990234375,0.08847675042306347,0.10126611859806278,0.17579148342808115,0.403146866945467,0.17143159396354757,4189.6458418104385,0.9998091749154003,Stage 2 — Advancing,4663.4607843137255,5180.0,False,2985.486170743132,0.26119172916509664,1.050576205702105,281434573.00263673,4670.05599609375,True,3.8011341900081597,False,-16.04440342965734,True,False,True,True,False,False,False,False,4175.189340820312,4078.3955078125,True,3.6679205917688575,3,0.8546444081732972,16.698841698841697,0.6942610415614592,False,5180.0,0.18482126271029858,0.22097221935568148,False,19.110582361492057,71.0,True,True,4,True,True,True,True,False,True,True,True,7,False,False,,AIA Engineering Ltd.,Capital Goods,EQ,INE212H01026,HOLD,Stage 2 + RS 71; trend/leadership is adequate without a stronger entry trigger.
APLAPOLLO,2026-08-24,2145.0,0.14065408136134017,-0.023046135637479925,0.24985436489223,0.3003940588056988,0.16170209015662584,1966.315750749144,0.5759726668852494,Stage 2 — Advancing,1890.8451023475798,2301.39990234375,False,1578.0,0.40242930239450153,1.9633825736653092,1407338836.4534423,1891.9860034179687,False,9.08726124900232,False,-6.795859432533735,True,True,False,True,False,False,False,False,1965.0826635742187,1927.1664978027343,True,2.109556703062563,3,1.6310638132540682,19.45416346387538,0.7556951119356726,False,2172.800048828125,0.09123098025455358,0.09731586051187452,False,1.2960395724067597,70.0,True,True,4,True,True,True,False,True,True,True,True,7,False,False,,APL Apollo Tubes Ltd.,Capital Goods,EQ,INE702C01027,HOLD,Stage 2 + RS 70; trend/leadership is adequate without a stronger entry trigger.
ASKAUTOLTD,2026-08-21,621.1500244140625,0.39749011488220276,0.4328207877604038,0.29690105558003377,0.2141792454647935,0.34777626371392734,463.87313905913254,2.9338077608109137,Stage 2 — Advancing,520.55908203125,687.7000122070312,False,373.9332517882958,0.6885741068157489,6.346963392806308,1156118496.3340867,522.4145349121094,False,33.905150376659556,True,-9.67718287213495,True,True,True,True,False,False,False,False,463.2395011393229,465.7817936706543,True,5.512816154039502,2,0.9302213164111262,36.89634589383272,0.6058085492117866,False,687.7000122070312,0.026397878641186888,0.028605804607407824,False,10.71399584275088,86.0,True,True,5,True,False,True,True,True,True,True,True,7,False,False,,ASK Automotive Ltd.,Automobile and Auto Components,EQ,INE491J01022,WAIT,"Stage 2 + RS 86; wait because price is more than 20% above the 30-week line (currently +34%) — the guide treats that as poor entry timing, not a failed trend."
AUBANK,2026-08-24,1114.0,0.1402820252187098,0.11263399458001855,0.2053636036613864,0.502704440129518,0.2202532177616685,998.7816776641428,0.6321335078788293,Stage 2 — Advancing,1048.6588039024202,1114.199951171875,True,681.4882278715522,0.8755359244817547,2.2777947549269473,1709977877.6964722,1048.9800366210939,False,11.535886661969919,False,-0.017945717163669883,True,True,True,True,False,False,False,False,998.9058475748698,989.4557971191406,True,1.983201133804341,3,0.9053583756458273,13.923114283886385,0.8485882384143072,False,1114.199951171875,0.04738056503663062,0.04738056503663062,True,0.01794893822935073,76.0,True,True,5,True,True,True,True,True,True,True,True,8,True,False,,AU Small Finance Bank Ltd.,Financial Services,EQ,INE949L01017,HOLD,Stage 2 + RS 76; trend/leadership is adequate without a stronger entry trigger.
AWL,2026-08-24,193.8800048828125,-0.0012667584534667986,0.016496186895291087,-0.29793661840933594,-0.2457708421061754,-0.10594895810543077,191.20091404326973,-0.7017081623561294,Stage 3 — Topping,189.15245953728171,281.42985528309595,False,170.3003850027749,2.3215157401369826,2.7376318144572105,596273476.0273468,189.13217651367188,False,1.4011914393549763,False,-31.10894198208477,True,True,False,False,False,False,False,False,191.679753519694,205.57286415100097,False,2.329129022639709,3,0.4968797268978613,10.918114143920596,0.7780487352628955,False,201.5,0.008246089928772316,0.011664737051174908,False,3.9302635265525687,20.0,True,False,2,False,False,False,False,True,False,False,False,1,False,False,,AWL Agri Business Ltd.,Fast Moving Consumer Goods,EQ,INE699H01024,SELL,Stage 3 + RS 20; RS below 50 in Stage 3 triggers SELL.
AXISCADES,2026-08-21,1597.5,-0.2191700567296696,0.13113357273162118,0.08880865128440907,0.3387244905996758,0.02406532023127335,1646.0420763739223,1.2449670479850017,Stage 1 — Basing,1641.3882434321386,2211.0,False,1063.300048828125,0.44027012344859406,0.7395600824558178,246871804.29173583,1635.2640087890625,True,-2.949017954684119,False,-27.74762550881954,False,False,False,True,False,False,False,False,1630.6393391927083,1569.1820056152344,False,3.9588649518639616,2,0.7178794756476539,30.241380513008004,0.7380708269463387,False,2030.0,0.06789118485357228,0.09403153538512572,False,27.073552425665092,48.0,True,False,1,False,True,False,True,False,True,False,False,3,False,False,2.0,AXISCADES Technologies Ltd.,Capital Goods,EQ,INE555B01013,AVOID,Stage 1 + RS 48; weak RS in a basing stage is AVOID.
AADHARHFC,2026-08-24,466.45001220703125,-0.018929434785840304,0.03117056684705566,-0.0386438572305714,-0.10616070895989349,-0.030298573783017972,485.1797938934744,0.14544034556276397,Stage 1 — Basing,506.48333201688877,563.0,False,430.1499938964844,0.5313297783380925,0.7141616888236537,184655506.20319062,506.83399841308596,True,-3.8603795793184847,False,-17.149198542267985,False,False,True,True,False,False,False,False,484.78333251953126,485.33324966430666,False,2.7977280973819854,3,0.8784684208652538,18.41918511670182,0.9040294461367512,False,563.0,0.019839017181070367,0.02384431524932254,False,20.698892757261977,35.0,True,False,2,False,False,False,True,False,False,True,False,2,False,False,1.0,Aadhar Housing Finance Ltd.,Financial Services,EQ,INE883F01010,AVOID,Stage 1 + RS 35; weak RS in a basing stage is AVOID.
AARTIDRUGS,2026-08-21,417.3999938964844,0.09726603731247319,0.12113888687150642,-0.05080260813116555,-0.10904424096453347,0.03116482248015076,379.3707363786369,0.7110267090763678,Stage 2 — Advancing,400.1372560987285,531.6963704720772,False,318.95001220703125,0.7921695581696719,1.7663853501309044,94494222.45935516,400.7060009765625,False,10.02429915413714,False,-21.49655008442366,True,True,True,True,False,False,False,False,379.23755737304685,388.8651580810547,False,3.180402120329356,1,2.36784087704088,19.14471669172631,1.6832199057342871,False,453.6499938964844,0.017738829510801978,0.022248616235203425,False,8.684715028766865,49.0,True,False,4,True,False,False,True,True,True,True,False,5,False,False,,Aarti Drugs Ltd.,Healthcare,EQ,INE767A01016,WAIT,Stage 2 + RS 49; wait because relative strength is below 50 — the trend has turned up but the stock still lags most of the universe.
AARTIIND,2026-08-24,543.1500244140625,0.14059221018651358,0.2075367700189008,0.42633939554997924,0.4207429813160253,0.26716071345158654,462.1602751849449,2.501443037044071,Stage 2 — Advancing,492.4147075578278,546.0,True,338.04998779296875,1.2316183425099128,3.614693540519054,959936499.2766953,492.3000018310547,False,17.524169336429352,False,-0.5219735505380019,True,True,True,True,False,False,False,False,459.0736680094401,437.91200073242186,True,3.10556165488815,2,0.9389227871517682,16.758241758241756,1.3605952321101336,False,546.0,0.02310121638814901,0.02310121638814901,True,0.5247124105373979,80.0,True,True,5,True,True,True,True,True,True,True,True,8,True,False,,Aarti Industries Ltd.,Chemicals,EQ,INE769A01020,HOLD,Stage 2 + RS 80; trend/leadership is adequate without a stronger entry trigger.
AARTIPHARM,2026-08-24,843.1500244140625,0.1823728134631697,0.22036473385439526,0.24109451078038235,-0.018565257254012923,0.16152792286142081,705.8141508755618,0.8643961436175962,Stage 2 — Advancing,723.3676482555913,944.0989338759356,False,585.0,1.1431356841772793,8.745672405367415,1142062587.2672486,725.0220007324219,False,19.45779542222774,False,-10.692619792232371,True,True,True,True,False,False,False,False,707.5072916666667,714.8891738891601,False,5.62728291726125,2,0.9298003249467921,31.819644838995064,8.317773223122401,False,932.5999755859375,0.03586079404612853,0.040382449670908586,False,10.609019579171242,70.0,True,True,5,True,False,False,True,True,True,True,True,6,False,False,,Aarti Pharmalabs Ltd.,Healthcare,EQ,INE0LRU01027,HOLD,Stage 2 + RS 70; trend/leadership is adequate without a stronger entry trigger.
AAVAS,2026-08-24,1336.300048828125,-0.043381755692470936,0.05286802729096807,-0.1996286126207223,-0.19012118252840904,-0.08472905584862103,1351.9075392631635,-0.19002417479718758,Stage 4 — Declining,1439.176482555913,1771.9000244140625,False,1060.4000244140625,0.8854351589866728,0.5020790748170075,98405253.04541627,1439.8560131835939,True,-1.1544791327626647,False,-24.583778406458524,False,False,True,False,True,True,False,False,1353.518671061198,1398.3040020751953,False,2.7485296322700643,2,0.7834446292119317,13.910286815845453,0.5803610130658244,False,1544.9000244140625,0.05683541415794762,0.07290896978560894,False,15.61026475819336,24.0,True,False,1,False,False,False,True,False,False,True,False,2,False,False,,Aavas Financiers Ltd.,Financial Services,EQ,INE216P01012,SELL,Stage 4 takes precedence: the guide requires SELL regardless of RS.
ABBOTINDIA,2026-08-21,26230.0,-0.03143472395252089,0.020870368734628775,-0.0923487143663626,-0.17745407257544898,-0.06236037322244492,26209.675525323277,-0.03579193041490791,Stage 3 — Topping,26636.658662683825,32025.59520680147,False,24574.941813474234,0.7737024026284202,0.4759549668215821,244323958.0,26655.8097265625,True,0.07754569360114427,False,-18.096760323663318,True,False,True,False,True,True,False,False,26235.081471354166,26711.047177734374,False,1.8885136975110288,2,2.0992254268967643,14.008038473109002,1.1126072842256778,False,28635.0,1.114732881821096,1.3972645042803573,False,9.16889058330157,29.0,True,False,2,False,False,False,False,False,False,True,False,1,False,False,,Abbott India Ltd.,Healthcare,EQ,INE358A01014,SELL,Stage 3 + RS 29; RS below 50 in Stage 3 triggers SELL.
ACE,2026-08-24,1167.199951171875,0.3235059744412263,0.34850669243040655,0.20230734018178653,0.1844935277588553,0.2764639018507002,932.86233018849,2.1018471139080397,Stage 2 — Advancing,1039.87451171875,1196.0,True,745.0999755859375,0.4877687331459722,1.9870927895486141,498157670.3077148,1042.0930017089843,False,25.120279102280385,True,-2.408030838471986,True,True,True,True,False,False,False,False,929.5650016276041,935.3900021362305,True,3.4802463590089476,2,0.9318838634830369,22.867892976588628,0.8384622434310256,False,1196.0,0.04964326139789148,0.0505084190946617,False,2.4674477409984075,81.0,True,True,5,True,False,True,True,True,True,True,True,7,False,False,,Action Construction Equipment Ltd.,Capital Goods,EQ,INE731H01025,WAIT,"Stage 2 + RS 81; wait because price is more than 20% above the 30-week line (currently +25%) — the guide treats that as poor entry timing, not a failed trend."
ACUTAAS,2026-08-21,3169.0,0.0561925420423286,0.5043911701875148,0.8621459096691191,1.2649056311422289,0.548765559016704,2755.5675840180497,4.037318891330788,Stage 2 — Advancing,3341.5509775199143,3740.0,False,1302.0,0.5834266171587392,0.7111056298791762,1109210112.3243287,3345.47599609375,True,15.003530248352725,False,-15.267379679144389,True,False,True,True,False,False,False,False,2718.749997558594,2467.8549993896486,True,3.782626775712257,2,0.8767228687263816,20.850268685243982,0.605393709405378,False,3740.0,0.13467741145600662,0.15868608046725632,False,18.018302303565804,93.0,True,True,4,True,True,True,True,False,True,True,True,7,False,False,,Acutaas Chemicals Ltd.,Healthcare,EQ,INE00FF01025,WAIT,Stage 2 + RS 93; wait because the close is below its 50-session average — short-term timing has weakened even though the 30-week trend is intact.
ADANIENSOL,2026-08-24,1555.0999755859375,0.13685207093410345,0.4994696868133104,0.6029479322284867,0.9435105019520722,0.46392645257241527,1326.4595913821704,3.3400693069302045,Stage 2 — Advancing,1604.3705958946077,1789.0,False,744.9000244140625,0.7334473594437915,0.7986192057843247,3417094700.7165403,1606.6200073242187,True,17.23689026708488,False,-13.074344573172858,True,False,True,True,False,False,False,False,1315.2073356119793,1234.168000793457,True,2.8344530317036196,2,1.6055238169526271,18.11067635550587,1.1616957303997564,False,1789.0,0.06614139634803609,0.07457985437971158,False,15.040835192987046,91.0,True,True,4,True,True,True,True,False,True,True,True,7,False,False,,Adani Energy Solutions Ltd.,Power,EQ,INE931S01010,WAIT,Stage 2 + RS 91; wait because the close is below its 50-session average — short-term timing has weakened even though the 30-week trend is intact.
ADANIENT,2026-08-24,2998.60009765625,0.10401527646480435,0.3742284817397834,0.25039217708394945,0.29035269506837924,0.22460078136434417,2571.7015665132703,2.2782650021771156,Stage 2 — Advancing,3056.6333342907474,3245.0,False,1752.216581309528,0.5583906580774335,0.6582340930378409,3067151975.3964477,3058.9160009765624,True,16.599847225732777,False,-7.593217329545454,True,False,True,True,True,False,False,False,2558.486770833333,2487.5007983398436,True,1.8103685892675316,2,0.7337735364710025,9.759628695589369,0.6243276454822216,False,3245.0,0.12753623603756634,0.1378515671461701,False,8.217164487399952,76.0,True,True,4,True,True,True,True,False,True,True,True,7,False,False,,Adani Enterprises Ltd.,Metals & Mining,EQ,INE423A01024,REDUCE,Stage 2 + RS 76; distribution warning (U/D 0.66) triggers REDUCE.
ADANIGREEN,2026-08-24,1308.0,-0.039859096294413865,0.33285783109030875,0.2958192672516222,0.3664855655236816,0.18308889425535696,1227.7318491478488,2.1437124884601477,Stage 2 — Advancing,1446.803919175092,1631.5,False,765.0,0.3022261217082736,0.45907178115142805,1982182594.0171509,1446.087998046875,True,6.537922015126041,False,-19.828378792522216,True,False,True,True,True,True,False,False,1218.860333251953,1168.8552499389648,True,2.3536485477845814,1,1.5295699260896662,21.47716974649479,0.5120270229728474,False,1631.5,0.055631758588790714,0.06916112468322001,False,24.73241590214068,73.0,True,True,4,True,True,True,True,False,True,True,True,7,False,False,,Adani Green Energy Ltd.,Power,EQ,INE364U01010,REDUCE,Stage 2 + RS 73; distribution warning (U/D 0.46) triggers REDUCE.
ADANIPORTS,2026-08-24,1672.0999755859375,-0.06030170300144366,0.07955951449371357,0.13005378583082106,0.25197358559546656,0.06819669598342278,1639.8412366893194,1.067186932700559,Stage 2 — Advancing,1769.7725447112439,1891.0999755859375,False,1286.5777387006826,0.5302501424424726,0.4735511797448402,3685486089.9143496,1769.0719946289062,True,1.9671867114249064,False,-11.580561727422435,True,False,True,True,True,True,False,False,1633.0458146158853,1594.3573150634766,True,1.5677463128423108,1,0.8675927036608938,13.256832235651542,0.7426803862448516,False,1891.0999755859375,0.0711176316346481,0.08156737562579439,False,13.097302984126769,55.0,True,True,4,True,True,True,True,False,False,True,False,5,False,False,,Adani Ports and Special Economic Zone Ltd.,Services,EQ,INE742F01042,REDUCE,Stage 2 + RS 55; distribution warning (U/D 0.47) triggers REDUCE.
ADANIPOWER,2026-08-24,203.6999969482422,-0.0712201798939649,0.41154459423737766,0.40057751326226265,0.7137808842523419,0.2766925263928105,193.78808290664463,2.1418795436933147,Stage 2 — Advancing,216.3407850078508,254.1999969482422,False,116.69999694824219,0.39099273108398763,0.5381316776418632,2935757525.8371634,216.2572006225586,True,5.114821248514301,False,-19.86624728806835,True,False,True,True,True,True,False,False,192.33100067138673,180.68385047912597,True,1.9521003928386484,2,0.7927690247854529,14.322715807872214,0.5072557369233962,False,235.5,0.008663753099970958,0.01083753491595467,False,15.611194662824568,81.0,True,True,4,True,True,True,True,False,True,True,True,7,False,False,,Adani Power Ltd.,Power,EQ,INE814H01029,REDUCE,Stage 2 + RS 81; distribution warning (U/D 0.54) triggers REDUCE.
ATGL,2026-08-21,646.0999755859375,0.012890848513727793,0.24484903634377098,0.06303558728796177,0.045918973282963904,0.07591705878843044,625.0218019682785,1.2081596394597716,Stage 2 — Advancing,691.2313735064338,859.5498025483846,False,462.63840779150803,0.4494699507295806,1.9743959946200684,668851879.4609864,690.4860009765625,True,3.3723901392368916,False,-24.83274690187971,True,False,True,True,False,False,False,False,622.1807916259766,613.816944732666,True,2.2182562856955546,1,0.8831340836949222,14.246663411458332,0.43998747556079143,False,750.0,0.027458211503219667,0.03519195409356111,False,16.08110638293048,57.0,True,True,4,True,True,True,True,False,True,True,False,6,False,False,,Adani Total Gas Ltd.,Oil Gas & Consumable Fuels,EQ,INE399L01023,HOLD,Stage 2 + RS 57; trend/leadership is adequate without a stronger entry trigger.
ABCAPITAL,2026-08-24,412.8999938964844,0.155611553325135,0.18207846643616699,0.2442368127234158,0.44194162771283785,0.23589600270453814,360.9428077593242,0.9547462937109508,Stage 2 — Advancing,398.9382354137944,430.70001220703125,False,272.70001220703125,0.5112241892522108,1.430807314178322,1622732357.8841217,399.55299987792966,False,14.394852874255125,False,-4.132811192489738,True,True,True,True,False,False,False,False,360.76566630045573,357.7642495727539,True,2.180570895910181,2,0.6383822867116268,14.813098793198812,0.7995863674657682,False,430.70001220703125,0.017561431790338207,0.017892991661374247,False,4.3109756778076935,77.0,True,True,5,True,True,True,True,True,True,True,True,8,True,False,,Aditya Birla Capital Ltd.,Financial Services,EQ,INE674K01013,HOLD,Stage 2 + RS 77; trend/leadership is adequate without a stronger entry trigger.
ABFRL,2026-08-24,53.95000076293945,-0.1989606238273417,-0.2158430469493845,-0.2869416051858099,-0.335999990609976,-0.24734117807997077,62.09513692986475,-1.5148845481542494,Stage 4 — Declining,58.95058822631836,94.94999694824219,False,53.5099983215332,0.48328528052667596,0.8532564828245383,465493553.7446747,58.90879997253418,True,-13.117188510470745,False,-43.180618749942745,False,False,False,False,False,False,False,False,62.226933263142904,65.82949995040893,False,3.4648476081242414,1,2.0017417554980708,16.06864193798528,0.8815015700731798,False,64.0999984741211,0.0022945974146092677,0.003998041459379272,False,18.813711895541086,4.0,True,False,0,False,False,False,False,False,False,False,False,0,False,False,,Aditya Birla Fashion and Retail Ltd.,Consumer Services,EQ,INE647O01011,SELL,Stage 4 takes precedence: the guide requires SELL regardless of RS.
ABLBL,2026-08-21,86.12000274658203,-0.1626952766574158,-0.18699117719358882,-0.32335046489109665,-0.37857229840013173,-0.24286089875992975,99.70919331517713,-1.7752764424127543,Stage 4 — Declining,94.49480154000076,150.53067573506257,False,86.0,0.5801355411587876,0.905093208828523,102925153.25809021,94.42828643798828,True,-13.628824100141056,False,-42.789067858729865,False,False,False,False,False,False,False,False,100.13663497924804,106.68894916534424,False,2.1701152640379107,1,1.3917741831282575,15.898186616468596,1.2590824515449248,False,102.25701033081445,0.0036599618316484213,0.006464836753620593,False,18.737815919162728,4.0,True,False,0,False,False,False,False,False,False,False,False,0,False,False,,Aditya Birla Lifestyle Brands Ltd.,Consumer Services,EQ,INE14LE01019,SELL,Stage 4 takes precedence: the guide requires SELL regardless of RS.
ABREL,2026-08-24,1429.800048828125,0.14610920097075009,0.1297464520728906,-0.16542792250376992,-0.20264291630002607,0.010778803042118958,1325.9327074860873,-0.27172932727501653,Stage 3 — Topping,1385.3231584137561,1961.880003431885,False,1078.220335805519,4.852085242619376,2.1257603315265503,305946720.337677,1388.2727783203125,False,7.833530371157815,False,-27.12092246584914,True,True,True,False,False,False,False,False,1327.4914794921874,1419.7018255615235,False,3.4949965028855674,1,0.8792199182406216,16.363830440982575,1.7507830738923442,False,1486.0,0.06081214919468457,0.08222320842603205,False,3.930616117822683,44.0,True,False,3,True,False,False,False,True,True,False,False,3,False,False,,Aditya Birla Real Estate Ltd.,Realty,EQ,INE055A01016,SELL,Stage 3 + RS 44; RS below 50 in Stage 3 triggers SELL.
ABSLAMC,2026-08-21,1008.4000244140625,0.011913372325729421,0.12612427535036597,0.4082691186321836,0.16818612549241774,0.14528125282528526,984.2586589944774,1.6396267597918124,Stage 2 — Advancing,1070.9945032456342,1194.9557175378152,False,690.6919781874805,0.44241069290602286,1.1181037750182792,195131190.02228698,1070.9288000488282,True,2.4527460539943924,False,-15.611933596012017,True,False,True,True,False,False,False,False,977.4413875325521,920.162961730957,True,2.386383069767381,3,0.4650709762961061,18.5492840020519,0.38437629323273065,True,1194.9557175378152,0.0428553818240012,0.05083183799390338,False,18.500167454096616,68.0,True,True,4,True,True,True,True,False,True,True,False,6,False,False,,Aditya Birla Sun Life AMC Ltd.,Financial Services,EQ,INE404A01024,HOLD,Stage 2 + RS 68; trend/leadership is adequate without a stronger entry trigger.
CPPLUS,2026-08-21,3475.5,0.43900910916502456,1.3182064559151674,1.084954017762238,1.6976048689977827,0.9957567122010476,2591.3535215180495,6.10012346555886,Stage 2 — Advancing,3551.4551595052085,4094.0,False,1200.2551516327533,1.1223422979210367,0.9446473104507701,885286836.1525757,3554.996904296875,True,34.11909919430853,True,-15.10747435271128,True,False,True,True,False,False,False,False,2551.4766284179686,2294.9908306884768,True,4.6279051414750185,2,1.8242786588249706,20.59110893991207,1.2104564027113722,False,4094.0,0.1477031693011521,0.1647104641191047,False,17.79600057545676,98.0,True,True,4,True,True,True,True,False,True,True,True,7,False,False,,Aditya Infotech Ltd.,Capital Goods,EQ,INE819V01029,WAIT,"Stage 2 + RS 98; wait because price is more than 20% above the 30-week line (currently +34%) — the guide treats that as poor entry timing, not a failed trend."
AVL,2026-08-21,600.0726928710938,0.13280593600255886,0.2368366461059599,0.11350801896168305,0.16982782397499574,0.1571568722095513,546.0404599946121,1.6155215876927365,Stage 2 — Advancing,625.4549369064032,703.5025243881884,False,435.6227250181752,0.6155113147828939,1.3168156257527557,104009794.52415466,627.2488439941407,True,9.895280081812041,False,-14.702126564086448,True,False,True,True,False,False,False,False,543.7908235677083,535.8346757507325,True,3.176187219319668,3,0.233877030813724,22.33333476109954,0.5112694324459196,True,703.5025243881884,0.025502125895018674,0.029005649732506793,False,17.23621700268123,69.0,True,True,4,True,True,True,True,False,True,True,False,6,False,False,,Aditya Vision Ltd.,Consumer Services,EQ,INE679V01027,HOLD,Stage 2 + RS 69; trend/leadership is adequate without a stronger entry trigger.
ADVENZYMES,2026-08-24,302.3500061035156,-0.19057843049549006,-0.0160257008705339,-0.026748441210818097,-0.008636923988264655,-0.08651358541211936,319.67974539978866,0.452029776068974,Stage 1 — Basing,324.39869420668657,417.20001286678644,False,250.86763242464252,0.4133639437226518,1.192380367977195,113855739.35028839,323.57123046875,True,-5.42096881195917,False,-27.528763955226164,False,False,True,True,False,False,False,False,318.395048421224,315.5463993835449,True,3.478702474130641,3,0.32797752943165426,24.341734221132732,0.8109129312477973,False,384.69027117756684,0.012859527942561299,0.017335545982790617,False,27.23342596720848,24.0,True,False,2,False,True,True,True,False,False,False,False,3,False,False,3.0,Advanced Enzyme Tech Ltd.,Healthcare,EQ,INE837H01020,AVOID,Stage 1 + RS 24; weak RS in a basing stage is AVOID.
AEGISLOG,2026-08-21,1417.9000244140625,0.9584465811850524,1.056785689843252,0.8628531389217573,0.9233019674978336,0.9519667917265897,883.0789188779634,4.962228995205531,Stage 2 — Advancing,1251.021899653416,1497.800048828125,False,573.0465115667306,0.5369043196936387,1.548167122052743,1544884518.6144652,1257.2544482421874,False,60.563228733354975,True,-5.3344920422840225,True,True,True,True,False,False,False,False,876.1152128092448,843.9467309570313,True,5.101609915445159,2,0.7025691142531009,38.885534284929115,0.28374216145993236,False,1497.800048828125,0.060258474279423956,0.060258474279423956,True,5.635095778144206,98.0,True,True,5,True,True,True,True,True,True,True,True,8,True,True,,Aegis Logistics Ltd.,Oil Gas & Consumable Fuels,EQ,INE208C01025,WAIT,"Stage 2 + RS 98; wait because price is more than 20% above the 30-week line (currently +61%) — the guide treats that as poor entry timing, not a failed trend."
AEGISVOPAK,2026-08-21,276.29998779296875,0.34845491306747345,0.3117975816687919,0.0599987425844386,0.09735557343986345,0.2332123447656082,224.4225157639076,1.7199259559886437,Stage 2 — Advancing,268.6533322801777,311.489990234375,False,157.88530940558778,0.39967416357185315,1.5856088590093127,325185061.03905183,269.67256134033204,False,23.11598364026728,True,-11.29731405331137,True,True,True,True,False,False,False,False,223.8825236002604,231.2151099395752,True,4.521483691153701,2,0.790239969833434,29.499990709415492,0.30731413699542576,False,311.489990234375,0.011742305819275246,0.013107963743717832,False,12.7361577980865,77.0,True,True,5,True,False,True,True,True,True,True,True,7,False,False,,Aegis Vopak Terminals Ltd.,Oil Gas & Consumable Fuels,EQ,INE0INX01018,HOLD,Stage 2 + RS 77; trend/leadership is adequate without a stronger entry trigger.
AEQUS,2026-08-24,256.07000732421875,,,,,,186.3123971599422,4.26414063811944,Stage 2 — Advancing,236.48549038756127,,False,,0.3103636523381358,1.189303902737144,826985400.7004341,237.14660034179687,False,37.44120693396062,True,,True,True,True,True,False,False,False,False,184.94366658528645,,False,4.352047014730955,3,0.6752612378987277,29.093630536127947,0.4590688534024906,False,274.3900146484375,0.010891150481109179,,False,7.154296403414073,,True,False,4,False,False,False,False,True,False,False,False,1,False,False,,Aequs Ltd.,Capital Goods,EQ,INE947N01017,WAIT,"Stage 2 + RS unavailable; wait because price is more than 20% above the 30-week line (currently +37%) — the guide treats that as poor entry timing, not a failed trend."
AETHER,2026-08-21,1626.5999755859375,0.5022163855148947,0.6835023339219333,0.7692935430266825,1.1143897067416595,0.714323670944013,1207.7020722487878,3.7754089900658316,Stage 2 — Advancing,1438.7372496361827,1692.0,False,726.4500122070312,0.7915173729989347,3.2956099562363237,612043179.4727478,1444.653994140625,False,34.68553320912547,True,-3.8652496698618477,True,True,True,True,False,False,False,False,1199.9336698404948,1118.632502746582,True,3.28028778412704,3,0.3863701541964332,32.91962174940898,0.415993927006034,True,1692.0,0.06912788708940285,0.0701311042570346,False,4.020658145559364,96.0,True,True,5,True,True,True,True,True,True,True,True,8,True,False,,Aether Industries Ltd.,Chemicals,EQ,INE0BWX01014,WAIT,"Stage 2 + RS 96; wait because price is more than 20% above the 30-week line (currently +35%) — the guide treats that as poor entry timing, not a failed trend."
AFCONS,2026-08-21,278.8999938964844,-0.0674509171669635,-0.1223839556449785,-0.28091885386318083,-0.3435316679519729,-0.17634726235881185,306.0563529179014,-1.7518141918727248,Stage 4 — Declining,293.3839584051394,476.09320955207187,False,259.1000061035156,0.22759797041164187,1.2343647290952524,281022149.3470093,292.77661071777345,True,-8.872993081996771,False,-41.41903553741398,False,False,False,False,False,False,False,False,307.40326029459635,328.5497888183594,False,3.3345273272858313,2,1.061681975086131,22.604681898746314,0.7390307075954227,False,334.77478025808205,0.011852801903778656,0.019899006397263275,False,20.033986226021927,9.0,True,False,0,False,False,False,False,False,False,False,False,0,False,False,,Afcons Infrastructure Ltd.,Construction,EQ,INE101I01011,SELL,Stage 4 takes precedence: the guide requires SELL regardless of RS.
AFFLE,2026-08-21,1718.699951171875,0.19172098832434914,0.1564392461570685,-0.00017454847476727764,-0.11283750175326812,0.08537383451554628,1491.5158581963901,-0.09119154356219683,Stage 3 — Topping,1546.4529454848346,2185.89990234375,False,1251.300048828125,0.2058011505072832,4.268216408744517,809025808.5505432,1548.4560034179688,False,15.231758464184653,False,-21.373346083731338,True,True,True,False,False,False,False,False,1497.1199967447917,1553.0494982910157,False,3.295264381176684,1,1.560236849479114,20.269495412844037,0.5023848885833991,False,1744.0,0.07304198816452921,0.09181209988687947,False,1.4720457058763792,58.0,True,True,4,True,False,False,False,True,True,True,False,4,False,False,,Affle 3i Ltd.,Information Technology,EQ,INE00WC01027,REDUCE,Stage 3 with RS 58; the guide requires REDUCE when RS is 50 or higher.
AHLUCONT,2026-08-21,696.2000122070312,-0.11000318030421063,-0.13596027029844093,-0.29573615820747357,-0.2591482505498157,-0.1821702079328303,810.9362073174839,-1.0104305215962173,Stage 4 — Declining,825.2901958390778,1077.949951171875,False,645.1500244140625,0.9768281911147433,0.29440283367511433,43977933.44442749,825.8340002441406,True,-14.14860923401008,False,-35.41444002570163,False,False,True,False,True,True,False,False,813.3380004882813,849.6044995117187,False,4.251139136495706,2,2.414021741136403,22.220341741701976,2.6703480884150887,False,885.0,0.029587382612711634,0.04422729962016592,False,27.11864183892383,8.0,False,False,1,False,False,False,False,False,False,False,False,0,False,False,,Ahluwalia Contracts (India) Ltd.,Construction,EQ,INE758C01029,SELL,Stage 4 takes precedence: the guide requires SELL regardless of RS.
AJANTPHARM,2026-08-21,3639.800048828125,0.16637367716609597,0.2496237371011143,0.47771003735453355,0.3982102566286079,0.2916582770832895,3066.9785206761853,2.0813205222166564,Stage 2 — Advancing,3372.0063332950367,3796.0,False,2283.1397649802702,0.435801865341302,2.959266372710796,385245113.8680298,3377.3949072265623,False,18.677063575445185,False,-4.114856458690063,True,True,True,True,False,False,False,False,3053.80603515625,2944.733564453125,True,2.5528985040714964,2,1.1934398921727833,20.94288740972167,0.7041103318564694,False,3796.0,0.15468565755557537,0.15812316776036614,False,4.291443185791621,83.0,True,True,5,True,True,True,True,True,True,True,True,8,True,False,,Ajanta Pharmaceuticals Ltd.,Healthcare,EQ,INE031B01049,HOLD,Stage 2 + RS 83; trend/leadership is adequate without a stronger entry trigger.
AKUMS,2026-08-21,750.0,0.44537532826181625,0.5753034266695485,0.7871372368106639,0.5640232895388568,0.5634429219085404,560.10385661655,3.893529979867383,Stage 2 — Advancing,668.8126783183976,775.0,False,407.37371334346585,0.7244014795060532,2.804010848162871,280036726.58144224,669.7895617675781,False,33.90373787650132,True,-3.2258064516129004,True,True,True,True,False,False,False,False,554.8688513183594,524.6473635864257,True,3.7685715448288692,2,1.1506735953693628,24.486101853580898,1.7884786929626941,False,775.0,0.03187379570590248,0.03221130465650899,False,3.3333333333333437,94.0,True,True,5,True,True,True,True,True,True,True,True,8,True,False,,Akums Drugs and Pharmaceuticals Ltd.,Healthcare,EQ,INE09XN01023,WAIT,"Stage 2 + RS 94; wait because price is more than 20% above the 30-week line (currently +34%) — the guide treats that as poor entry timing, not a failed trend."
APLLTD,2026-08-21,821.75,0.11359538931023683,0.09294488879053708,-0.07439336511006867,-0.1383701149882831,0.021474437462531797,755.2041941675647,0.5236482852810198,Stage 2 — Advancing,801.1645938648898,983.3745824758901,False,626.4825498908483,0.2820364099370075,3.413012764298938,96725367.58346863,802.5387573242188,False,8.811630860417363,False,-16.435708768164414,True,True,True,True,False,False,False,False,755.2624589029948,781.3388311767578,False,2.669391087454909,3,0.7097620917172378,15.320629309694244,0.5919891672715916,False,855.9000244140625,0.03492305549510048,0.0418062198499249,False,4.155768106365998,47.0,True,False,4,True,False,False,True,True,True,True,False,5,False,False,,Alembic Pharmaceuticals Ltd.,Healthcare,EQ,INE901L01018,WAIT,Stage 2 + RS 47; wait because relative strength is below 50 — the trend has turned up but the stock still lags most of the universe.
ALIVUS,2026-08-21,1350.9000244140625,0.27865596253105784,0.4829573591432632,0.49460647331247265,0.3996570221049873,0.3869065559245678,1063.0955195985991,3.2628320182530146,Stage 2 — Advancing,1189.0666647518383,1418.0,False,819.0,0.4990942818505129,4.632471002288933,231353374.59212646,1191.9339990234375,False,27.07230907380098,True,-4.732015203521689,True,True,True,True,False,False,False,False,1056.5930017089843,1017.4910006713867,True,3.888942984297978,2,0.6861418869543308,26.99577213174365,0.970406019223111,False,1418.0,0.05741108186303,0.05958913140091642,False,4.967057100694139,88.0,True,True,5,True,True,True,True,True,True,True,True,8,True,False,,Alivus Life Sciences Ltd.,Healthcare,EQ,INE03Q201024,WAIT,"Stage 2 + RS 88; wait because price is more than 20% above the 30-week line (currently +27%) — the guide treats that as poor entry timing, not a failed trend."
ALKEM,2026-08-24,5350.0,-0.008312514786885106,-0.024733866403101712,-0.039505558556516274,-0.004279124276721502,-0.01702871576202194,5478.052998581978,-0.325804169558086,Stage 4 — Declining,5530.378456265319,5875.533923201399,False,5065.93337960459,0.32813819547289813,0.5843123772344259,730957298.5352783,5534.496611328125,True,-2.3375640691158828,False,-8.944445391186717,False,False,True,False,True,True,False,False,5483.037880859375,5514.1554663085935,True,2.4326457877491148,1,1.8979100722633495,11.86975560764957,1.157486214024229,False,5871.990978444605,0.22754580156730145,0.2576734274233371,False,9.756840718590754,37.0,True,False,1,False,False,True,True,False,False,True,False,3,False,False,,Alkem Laboratories Ltd.,Healthcare,EQ,INE540L01014,SELL,Stage 4 takes precedence: the guide requires SELL regardless of RS.
ALKYLAMINE,2026-08-21,2052.699951171875,0.18473787411089448,0.36112841510061955,0.1814831726812003,-0.044399893982073335,0.1735374884043071,1636.6257080078126,1.4958673284344304,Stage 2 — Advancing,1849.1739501953125,2189.5401506098196,False,1205.1967651271746,3.647509894224841,5.452043972523867,326046995.1334778,1849.7270751953124,False,25.422687736619398,True,-6.2497232306899075,True,True,True,True,False,False,False,False,1634.660655110677,1637.537852783203,True,3.695830039150616,2,1.353751527457629,19.840769658474063,0.5926359456647529,False,2072.5,0.08723645185222445,0.09302331656351681,False,0.964585633512649,72.0,True,True,5,True,False,True,True,True,True,True,True,7,False,False,,Alkyl Amines Chemicals Ltd.,Chemicals,EQ,INE150B01039,HOLD,Stage 2 + RS 72; trend/leadership is adequate without a stronger entry trigger.
ABDL,2026-08-21,595.0,0.11770539089729515,0.19838651126763462,-0.07775343928618528,0.1434732568521735,0.09990342212564264,547.4358658260769,1.898318870408966,Stage 2 — Advancing,629.2551401175705,711.7000122070312,False,378.81990505354565,0.6331497879079064,0.9017912670486099,202459482.8497986,629.0618872070313,True,8.688530866012801,False,-16.397359871490856,True,False,True,True,False,False,False,False,543.53427734375,559.0894422912597,True,3.7719111081932772,2,1.3046198711141703,18.504989454562512,0.689244670551259,False,711.7000122070312,0.0252865445933493,0.029986410128634487,False,19.61344742975315,61.0,True,True,4,True,False,True,True,False,True,True,False,5,False,False,,Allied Blenders and Distillers Ltd.,Fast Moving Consumer Goods,EQ,INE552Z01027,HOLD,Stage 2 + RS 61; trend/leadership is adequate without a stronger entry trigger.
ALOKINDS,2026-08-24,11.479999542236328,-0.06666671835633076,-0.21099660537829046,-0.31133776306565275,-0.3688840458942251,-0.20491037021016598,13.205753424396253,-1.775667808121062,Stage 4 — Declining,12.327254856334013,19.34000015258789,False,11.109999656677246,0.7624995787488663,0.5701109835890072,28116392.208338022,12.319999961853027,True,-13.068197070617526,False,-40.641161056556726,False,False,False,False,True,True,False,False,13.244800008138021,14.03280002117157,False,1.449726835670041,2,0.6610963137036389,17.334298908351965,0.5177110969070734,False,13.729999542236328,0.00048826648557577924,0.0008120280535645641,False,19.599303917408474,6.0,False,False,0,False,False,False,False,False,False,False,False,0,False,False,,Alok Industries Ltd.,Textiles,EQ,INE270A01029,SELL,Stage 4 takes precedence: the guide requires SELL regardless of RS.
ARE&M,2026-08-24,922.7999877929688,0.13121325736322942,0.08096200127563513,-0.027315435494638662,-0.054862958096707715,0.05224202448214953,842.9635306580426,0.656699761609647,Stage 2 — Advancing,886.0455382104013,1045.6584377625288,False,666.0087356197063,0.33746027438146076,1.5218242510483806,1296029761.5774016,887.1241833496093,False,9.470926585946549,False,-11.749386370605796,True,True,True,True,False,False,False,False,843.1904309082031,864.0720599365235,False,3.0303734378201503,1,1.8592415842637513,19.816028148438434,2.33954305478795,False,1017.2999877929688,0.039248460356756464,0.0449982666947456,False,10.24057230711637,53.0,True,True,5,True,False,False,True,True,True,True,False,5,False,False,,Amara Raja Energy & Mobility Ltd.,Automobile and Auto Components,EQ,INE885A01032,HOLD,Stage 2 + RS 53; trend/leadership is adequate without a stronger entry trigger.
AMBER,2026-08-24,7378.0,0.0025818725370294615,-0.069550413014692,0.04749059416483292,0.016183458439501308,-0.0001425230672597701,7417.554794520548,0.9990971227018752,Stage 1 — Basing,7520.617647058823,8974.0,False,5400.5,1.4207935643729375,1.7216530087036268,2397291000.625,7518.63,True,-0.5332592156888083,False,-17.78471138845554,False,False,True,True,False,False,False,False,7377.283333333334,7225.785,False,2.6013631258955194,3,0.681195010700255,15.417376490630325,1.3198735091457021,False,8218.0,0.31380054653524303,0.3817543461194995,False,11.38519924098671,41.0,True,False,2,True,True,False,True,False,True,True,False,5,False,False,2.0,Amber Enterprises India Ltd.,Consumer Durables,EQ,INE371P01015,AVOID,Stage 1 + RS 41; weak RS in a basing stage is AVOID.
AMBUJACEM,2026-08-24,408.75,-0.058615222733994776,-0.20160690534872328,-0.24573395637710016,-0.2882729596310093,-0.17056885336496447,448.17020280393837,-1.7769282500890382,Stage 4 — Declining,427.7764707079121,597.8407381419596,False,392.0593533114177,0.7823134469713142,0.5765220317832741,1366316975.6579742,427.755,True,-8.795810733803645,False,-31.628948326545668,False,False,False,False,True,True,False,False,450.6389538574219,474.5213491821289,False,2.0550465115088468,1,1.4492130662608738,9.988901220865705,1.0335693281979066,False,450.5,0.017384924558997098,0.025238144721117673,False,10.214067278287464,9.0,True,False,0,False,False,False,False,False,False,False,False,0,False,False,,Ambuja Cements Ltd.,Construction Materials,EQ,INE079A01024,SELL,Stage 4 takes precedence: the guide requires SELL regardless of RS.
ANANDRATHI,2026-08-24,2167.89990234375,0.21264153396378127,0.42133341955509573,0.5164429130768835,0.5511089602182941,0.38283367215556724,1786.7045012173587,2.43663399925953,Stage 2 — Advancing,2045.2137283624388,2230.0,True,1351.1991966764108,0.3533492873606003,2.6618880102715807,448514191.144574,2050.4860034179687,False,21.335111702392105,True,-2.7847577424327308,True,True,True,True,False,False,False,False,1779.7342513020833,1710.0704827880859,True,2.017424105456631,3,0.39580192946404646,21.390134529147982,0.4559028272552351,True,2230.0,0.09220495719560433,0.09361076294161871,False,2.8645279050528494,87.0,True,True,5,True,True,True,True,True,True,True,True,8,True,False,,Anand Rathi Wealth Ltd.,Financial Services,EQ,INE463V01026,WAIT,"Stage 2 + RS 87; wait because price is more than 20% above the 30-week line (currently +21%) — the guide treats that as poor entry timing, not a failed trend."
ANANTRAJ,2026-08-24,614.5999755859375,0.22156924412293932,0.1318437072872456,0.0785980632890837,0.12522362878816828,0.15576077752207526,532.3403033948924,1.0512541959309063,Stage 2 — Advancing,580.8738092160693,742.4300925158334,False,402.3389018697037,0.4259769309045585,1.5840507806328694,1243543376.2118073,581.7629138183594,False,15.452459952111596,False,-17.217798445739817,True,True,True,True,False,False,False,False,532.2523809814453,541.2096772766113,False,2.9461686130378033,2,1.2055708897464332,21.354190707887273,0.6624072560487742,False,649.0,0.02614012039027029,0.0316419246218884,False,5.597140543532686,69.0,True,True,5,True,False,False,True,True,True,True,False,5,False,False,,Anant Raj Ltd.,Realty,EQ,INE242C01024,HOLD,Stage 2 + RS 69; trend/leadership is adequate without a stronger entry trigger.
ANGELONE,2026-08-24,286.0,-0.15460586167363832,0.17460798712043846,0.08837351148705719,0.1574719305293144,0.022248341157906682,293.15232849121094,0.8106397965877976,Stage 1 — Basing,319.06785852768843,359.3387168134344,False,206.12110217790155,0.8640341476454172,0.2706592876159992,1381695256.100296,318.4249395751953,True,-2.439799311171209,False,-20.409355680843944,False,False,True,True,True,True,False,False,292.185544535319,282.47292808532717,True,2.6810683213271105,3,0.5442824961304151,21.633825433366834,0.6719652540745752,False,359.3387168134344,0.012164130700607144,0.01534267578363301,False,25.642907976725326,48.0,True,False,2,False,True,True,True,False,True,True,False,5,False,False,3.0,Angel One Ltd.,Financial Services,EQ,INE732I01021,AVOID,Stage 1 + RS 48; weak RS in a basing stage is AVOID.
ANTHEM,2026-08-21,871.4500122070312,0.136031860177531,0.2813052663432227,0.3757237012689505,0.03234132812900503,0.19228680321924807,738.9970370588632,2.5502571123883655,Stage 2 — Advancing,799.041140088848,904.0,False,577.6439689831894,1.1033845933084363,1.767827072324889,531761667.078714,799.2889819335937,False,17.92334319435409,False,-3.600662366478846,True,True,True,True,False,False,False,False,734.5338822428386,714.8836224365234,True,2.7933747947955982,3,0.8972616810303101,19.02654867256637,1.034827200622943,False,904.0,0.03703522620932418,0.038108253312598976,False,3.7351526004954394,74.0,True,True,5,True,True,True,True,True,True,True,True,8,True,False,,Anthem Biosciences Ltd.,Healthcare,EQ,INE0CZ201020,HOLD,Stage 2 + RS 74; trend/leadership is adequate without a stronger entry trigger.
ANURAS,2026-08-21,1243.699951171875,-0.09496434626468564,-0.03214011581955256,-0.0024864433227795857,0.09722095383491403,-0.02546685956735788,1279.373613993327,-0.429725799509062,Stage 4 — Declining,1247.6745174632354,1415.0,False,1045.199951171875,1.4060782225981614,1.7555889338750794,327235748.97211915,1247.6220068359376,True,-2.788369435735294,False,-12.106010517888688,False,False,False,False,False,False,False,False,1279.3760026041666,1270.5805041503907,True,1.523105501177601,2,0.5991123715886103,9.254887991966159,1.1856708577643171,False,1313.9000244140625,0.05285525088412431,0.06144606148638546,False,5.6444541286699845,36.0,True,False,0,False,True,True,False,False,False,True,False,3,False,False,,Anupam Rasayan India Ltd.,Chemicals,EQ,INE930P01018,SELL,Stage 4 takes precedence: the guide requires SELL regardless of RS.
APARINDS,2026-08-24,16705.0,0.3069159755906743,0.5431870669745957,0.8785493393308967,1.038562450424065,0.6148261615821813,12542.934931506848,5.233483477238332,Stage 2 — Advancing,15287.098039215687,18465.0,False,6801.0,0.35110423213182623,2.071486644589423,2986852567.85,15273.12,False,33.18254532309162,True,-9.531546168426752,True,True,True,True,False,False,False,False,12398.276666666667,11459.555,True,4.636336426219695,2,1.3691195742253992,28.069320335770374,1.09443069726775,False,18465.0,0.7104958159218263,0.7603775948009182,False,10.535767734211321,95.0,True,True,5,True,True,True,True,True,True,True,True,8,True,False,,Apar Industries Ltd.,Capital Goods,EQ,INE372A01015,WAIT,"Stage 2 + RS 95; wait because price is more than 20% above the 30-week line (currently +33%) — the guide treats that as poor entry timing, not a failed trend."
APOLLOHOSP,2026-08-24,8702.0,0.04180928800923822,0.1284411726845207,0.1861713042416231,0.10112921732671398,0.09987205405426684,8061.622862933433,1.3375257521570427,Stage 2 — Advancing,8756.08189721201,9039.4765625,False,6679.845437739152,0.8869262448088979,0.7991053526918912,3588032749.0780272,8762.03046875,True,7.9435263588298,False,-3.7333639859194023,True,False,True,True,False,False,False,False,8030.647486979166,7828.471567382812,True,2.0306590904133484,2,1.3458539284376063,7.381207684801036,1.7305524170360465,False,9039.4765625,0.3701128159324593,0.3857242529408201,False,3.8781494196736377,61.0,True,True,4,True,True,True,True,False,True,True,False,6,False,False,,Apollo Hospitals Enterprise Ltd.,Healthcare,EQ,INE437A01024,HOLD,Stage 2 + RS 61; trend/leadership is adequate without a stronger entry trigger.
APOLLO,2026-08-24,385.1499938964844,0.08477681210643229,0.6142078124230586,0.48305728068062304,0.6391658260168551,0.3811969086666803,319.96705428868125,3.0809329556015674,Stage 2 — Advancing,401.73039155847886,466.5,False,179.5,0.7519914999840098,1.5015589540062158,1879869001.7757142,401.3319995117188,True,20.371766009694745,True,-17.43837215509445,True,False,True,True,False,False,False,False,317.57793284098307,303.0716998291016,True,2.9441225688193446,2,0.3341980972080175,19.828510182207932,0.29915282730198567,True,466.5,0.016381170856975102,0.01940402589481409,False,21.1216428385508,87.0,True,True,4,True,True,True,True,False,True,True,True,7,False,False,,Apollo Micro Systems Ltd.,Capital Goods,EQ,INE713T01028,WAIT,"Stage 2 + RS 87; wait because price is more than 20% above the 30-week line (currently +20%) — the guide treats that as poor entry timing, not a failed trend."
APOLLOTYRE,2026-08-24,445.8500061035156,0.20602418848354254,-0.013964215874260333,-0.14508522163711446,-0.030545912000434217,0.04449060549105522,429.7862498662243,-0.9422694705902179,Stage 3 — Topping,432.791748046875,533.7088183031568,False,363.2227809620478,5.244523808070117,2.7647320359550225,465584077.9246384,433.20770568847655,False,3.737615208092704,False,-16.46193751847205,True,True,True,False,False,False,False,False,431.6392028808594,450.8676251220703,False,2.4303494066348152,1,1.2085360611645464,12.545494044552354,1.1956883997261412,False,467.3999938964844,0.01896285925562817,0.022283213883416485,False,4.83346136547218,51.0,True,True,4,False,False,False,False,True,False,True,False,2,False,False,,Apollo Tyres Ltd.,Automobile and Auto Components,EQ,INE438A01022,REDUCE,Stage 3 with RS 51; the guide requires REDUCE when RS is 50 or higher.
APTUS,2026-08-24,254.35000610351562,-0.023045899210059506,0.08553440213456343,-0.10360026221270746,-0.2528336064279033,-0.06339825298523327,255.15738322636852,-0.27100250510609936,Stage 4 — Declining,273.3343152812883,347.60280033473435,False,191.24135126964168,0.8074109714134271,0.4798773470209442,272160923.77793884,273.3470013427734,True,-0.31642318660111135,False,-26.827400165193783,False,False,True,False,True,True,False,False,255.3243199666341,261.6017784881592,False,2.519026799779033,1,0.9836974007178776,20.24271943422583,0.748228449417119,False,309.0,0.010817995517284575,0.014940871448353902,False,21.486138228847885,29.0,True,False,1,False,False,False,True,False,True,False,False,2,False,False,,Aptus Value Housing Finance India Ltd.,Financial Services,EQ,INE852O01025,SELL,Stage 4 takes precedence: the guide requires SELL regardless of RS.
ACI,2026-08-24,515.9500122070312,-0.03087006706263462,-0.09806417208611129,-0.03403035196944304,-0.23087886703250304,-0.08494270504266532,556.8617649862211,-0.32301153521224757,Stage 4 — Declining,531.1196109547335,722.5861228075659,False,480.72878574771465,5.102016633746113,0.7715550745736653,139978043.01816863,530.9640026855469,True,-7.346841775032297,False,-28.596744952374976,False,False,False,False,False,False,False,False,556.3636462402344,552.013397064209,False,2.5846934279030527,3,0.7376517062731204,18.30368326082178,0.7538596165665322,False,604.25,0.02194434749463699,0.030708519116068003,False,17.114058669221865,24.0,True,False,0,False,True,False,False,False,False,False,False,1,False,False,,Archean Chemical Industries Ltd.,Chemicals,EQ,INE128X01021,SELL,Stage 4 takes precedence: the guide requires SELL regardless of RS.
ARVINDFASN,2026-08-21,448.3500061035156,0.015269399089573144,-0.0062580944481192,-0.10258973883932676,-0.12654506319372671,-0.04097081966040528,451.0285610856681,-0.18713629955793287,Stage 4 — Declining,460.70021027209714,576.9839137121372,False,364.92489307412075,1.1573982373924343,0.4794762986173365,102952950.83493805,460.94156677246093,True,-0.5938770209374278,False,-22.294193053153,False,False,True,False,True,True,False,False,450.8310996500651,462.3509962463379,False,2.828878741626154,2,0.9659345213516057,13.800857987317954,0.9794590760794463,False,493.2763856796553,0.019054155332378114,0.024084970899559494,False,10.020381167512916,33.0,True,False,1,False,False,False,False,False,False,True,False,1,False,False,,Arvind Fashions Ltd.,Consumer Services,EQ,INE955V01021,SELL,Stage 4 takes precedence: the guide requires SELL regardless of RS.
ARVIND,2026-08-21,536.9500122070312,0.09548101375765938,0.45949992148712093,0.5434033389687198,0.7806335066930197,0.39489975893283585,443.95310163826775,4.021524056908143,Stage 2 — Advancing,535.4127400716146,600.0,False,274.79998779296875,0.7287749104467806,0.8822463083019858,413704301.96468353,536.2309948730468,False,20.947462744507916,True,-10.508331298828121,True,True,True,True,False,False,False,False,439.1186649576823,410.91849853515623,True,4.514919142486481,2,0.7003405925028497,19.941665649414062,1.1410773303620168,False,600.0,0.022819513324491676,0.025530914134322107,False,11.742245341202938,88.0,True,True,5,True,True,True,True,True,True,True,True,8,True,False,,Arvind Ltd.,Textiles,EQ,INE034A01011,WAIT,"Stage 2 + RS 88; wait because price is more than 20% above the 30-week line (currently +21%) — the guide treats that as poor entry timing, not a failed trend."
ASAHIINDIA,2026-08-21,965.75,0.13257885091424249,0.01829394257624206,-0.017897977345705862,0.12576445889824583,0.0782636251914534,883.7610364190464,-0.08755802526742018,Stage 3 — Topping,893.2843137254902,1074.0,False,775.0999755859375,1.3190728065612938,2.043496776540687,232283122.19594726,893.4780004882813,False,9.277277476858291,False,-10.079143389199253,True,True,True,False,False,False,False,False,885.5310013834635,912.5527514648437,False,2.84050182188621,2,1.3737146417674135,14.763859116321226,1.792788321931807,False,974.0,0.04104282427063376,0.04476487420013066,False,0.8542583484338673,57.0,True,True,4,True,False,False,False,True,False,True,False,3,False,False,,Asahi India Glass Ltd.,Automobile and Auto Components,EQ,INE439A01020,REDUCE,Stage 3 with RS 57; the guide requires REDUCE when RS is 50 or higher.
ASHAPURMIN,2026-08-24,585.7999877929688,-0.13259789891200435,0.10278609625607005,-0.1436298541821418,0.20038023465188126,-0.02113186421963984,624.4380123190684,-2.064301415595826,Stage 4 — Declining,671.5647044462316,924.9000244140625,False,455.1000061035156,0.7958604410896905,0.7140787293494257,432182535.27262574,670.8149987792968,True,-6.187647735057622,False,-36.6634260644461,False,False,True,False,False,False,False,False,628.301665242513,663.386749420166,True,4.722479586689906,2,1.3526060817704724,22.734225604343006,0.753709140066805,False,751.9500122070312,0.0249152014542928,0.03766346848122944,False,28.362927257824143,37.0,True,False,1,False,False,True,True,False,False,False,False,2,False,False,,Ashapura Minechem Ltd.,Metals & Mining,EQ,INE348A01023,SELL,Stage 4 takes precedence: the guide requires SELL regardless of RS.
ASHOKLEY,2026-08-24,173.2899932861328,0.114001295987598,-0.16145138995081043,0.21893732398273968,0.3524500857730981,0.12758772235604468,169.2795222034193,-0.2691458282177206,Stage 3 — Topping,163.11529481177237,211.80679384961218,False,122.90559495054103,0.4288436808527166,2.06338700991915,3453719152.703927,163.22360076904297,False,2.3691413057594923,False,-18.184874934100183,True,True,False,False,False,False,False,False,169.6178896077474,167.91250198364258,True,2.476857309479508,2,0.9819200308771041,19.217296768920043,0.7530502980156601,False,182.6999969482422,0.007370357088950538,0.008999157469214435,False,5.430206028441464,65.0,True,True,3,True,True,True,False,True,True,True,False,6,False,False,,Ashok Leyland Ltd.,Capital Goods,EQ,INE208A01029,REDUCE,Stage 3 with RS 65; the guide requires REDUCE when RS is 50 or higher.
ASHOKA,2026-08-21,114.22000122070312,-0.11071318086583049,-0.20075573232255828,-0.36021955972842035,-0.3761537849948321,-0.23171108775549434,128.63124163397427,-1.8547148389869483,Stage 4 — Declining,124.67901970358456,214.5,False,101.0,0.4543907221600955,0.39964022214874934,77084205.2024376,124.71140014648438,True,-11.20353051887577,False,-46.75058218149039,False,False,False,False,True,True,False,False,129.1737336730957,140.3735503768921,False,2.0361701466606377,1,0.8160707177028381,20.787842623122188,0.4359054986798,False,140.1300048828125,0.004854166645915497,0.008886341152521541,False,22.684296432499963,4.0,True,False,0,False,False,False,False,False,False,False,False,0,False,False,,Ashoka Buildcon Ltd.,Construction,EQ,INE442H01029,SELL,Stage 4 takes precedence: the guide requires SELL regardless of RS.
ASIANPAINT,2026-08-21,2640.0,0.02466700388112497,0.09670299645444547,-0.07428752231789726,0.03914145211922704,0.02217818680360504,2518.642379445043,-0.18017431104970782,Stage 3 — Topping,2700.331657858456,2960.0187763517797,False,2096.8080953222207,0.308917797925412,1.198633366904802,2760730755.7927732,2699.862919921875,True,4.818374436377781,False,-10.811376566543352,True,False,True,False,False,False,False,False,2524.2532291666666,2592.1818103027344,True,1.7665040647828731,2,0.936481929310843,9.919696147215433,0.5623114240616666,False,2864.0,0.11219576088477673,0.1234889690980411,False,8.484848484848495,47.0,True,False,2,True,False,True,True,False,False,True,False,4,False,False,,Asian Paints Ltd.,Consumer Durables,EQ,INE021A01026,SELL,Stage 3 + RS 47; RS below 50 in Stage 3 triggers SELL.
ASTERDM,2026-08-24,750.9000244140625,-0.007533639116840796,0.1821145442005434,0.12927920795532732,0.2538525447933113,0.1100358037431001,719.6004705559717,2.01077673696326,Stage 2 — Advancing,802.9764751359528,891.2999877929688,False,516.8361420654307,3.7951275794583683,0.06727005693974983,4379255810.927035,803.3020043945312,True,4.349573845318422,False,-15.752268069313423,True,False,True,True,True,True,False,False,715.4748091634115,694.6149987792969,True,4.340030498649883,1,1.9281178451862238,16.526420936873567,14.275562174914713,False,891.2999877929688,0.03193722391629983,0.036797208555845576,False,18.69755743961552,62.0,True,True,4,True,True,True,True,False,True,True,False,6,False,False,,Aster DM Quality Care Ltd.,Healthcare,EQ,INE914M01019,REDUCE,Stage 2 + RS 62; distribution warning (U/D 0.07) triggers REDUCE.
ASTRAMICRO,2026-08-24,1664.9000244140625,0.4170567621226915,0.8040852451201306,0.7715471866773722,0.6540761434589439,0.6127644199003659,1299.9986250367883,4.010621387068003,Stage 2 — Advancing,1735.674503102022,1960.0,False,851.0,0.34714759802528666,1.1457650621270408,1147749855.6863952,1741.2279931640626,True,28.06936810159688,True,-15.056121203364158,True,False,True,True,False,False,False,False,1289.3299951171875,1206.345496520996,True,4.201883133789544,2,0.44789402994919164,27.94387505978954,0.45710414095782587,True,1960.0,0.07081140384761077,0.07941978387396574,False,17.72478654925804,95.0,True,True,4,True,True,True,True,False,True,True,True,7,False,False,,Astra Microwave Products Ltd.,Capital Goods,EQ,INE386C01029,WAIT,"Stage 2 + RS 95; wait because price is more than 20% above the 30-week line (currently +28%) — the guide treats that as poor entry timing, not a failed trend."
ASTRAL,2026-08-24,1532.800048828125,-0.004209036911290931,-0.07739732942093958,0.04209269395531856,0.07829668135631129,0.006914794413621682,1527.1351686242508,0.39031004732625885,Stage 2 — Advancing,1450.1938715916053,1765.9224658214252,False,1309.540253350694,0.37532205142810765,3.1332126928419974,1492228910.7279541,1448.3502661132814,False,0.3709481858752195,False,-13.20116944573002,True,True,False,True,False,False,False,False,1523.6336873372395,1505.2551263427733,True,2.4187472298770842,2,0.7394970021501829,18.025004587358254,2.594291744502584,False,1597.4874371859296,0.0651929375239242,0.07910053295075928,False,4.220210483895803,43.0,True,False,3,True,True,True,False,True,False,True,False,5,False,False,,Astral Ltd.,Capital Goods,EQ,INE006I01046,WAIT,Stage 2 + RS 43; wait because relative strength is below 50 — the trend has turned up but the stock still lags most of the universe.
ATHERENERG,2026-08-24,1453.0999755859375,0.6441502553248823,1.079273129211478,1.1597800266802016,2.48256435131441,1.201983603571171,968.989038336767,6.226627665262674,Stage 2 — Advancing,1247.49509564568,1580.0,False,413.29998779296875,0.4813446591151044,2.0413060746847114,6266031547.611029,1251.8969970703124,False,49.960414214811834,True,-8.031647114814078,True,True,True,True,False,False,False,False,959.6646643066406,889.2779986572266,True,3.922157957669322,2,0.7178670950772817,39.851267367978636,0.5781692449808843,False,1580.0,0.06180313994432305,0.06629647865802596,False,8.733055298751369,98.0,True,True,5,True,True,True,True,True,True,True,True,8,True,False,,Ather Energy Ltd.,Automobile and Auto Components,EQ,INE0LEZ01016,WAIT,"Stage 2 + RS 98; wait because price is more than 20% above the 30-week line (currently +50%) — the guide treats that as poor entry timing, not a failed trend."
ATLANTAELE,2026-08-21,1846.9000244140625,,,,,,1452.770489162869,4.497511664293752,Stage 2 — Advancing,1713.8431444355085,,False,,3.3372889332154605,1.9559808083509929,253641047.02258912,1711.2460083007813,False,27.129511384713155,True,,True,True,True,True,False,False,False,False,1426.2476692708333,1300.0617517089843,True,4.809604523748229,2,1.2136258009205056,25.773094268758236,2.0411119704188243,False,2011.4000244140625,0.07849028542320018,,False,8.90681671045992,,True,False,4,True,True,True,True,True,False,False,False,5,False,False,,Atlanta Electricals Ltd.,Capital Goods,EQ,INE0Z4F01028,WAIT,"Stage 2 + RS unavailable; wait because price is more than 20% above the 30-week line (currently +27%) — the guide treats that as poor entry timing, not a failed trend."
ATUL,2026-08-21,6509.5,-0.0730341500588938,-0.00598721047320061,0.09556157012245858,0.03098470558547861,-0.005101846976610199,6525.369251751077,0.8367056323162814,Stage 1 — Basing,6512.555778952206,7144.769440445724,False,5533.215936920114,0.5635432278768899,1.8071367632015687,447781553.325,6513.096494140625,True,-0.24319316101258925,False,-8.891391748060284,False,False,False,True,False,False,False,False,6501.412526041667,6358.437341308594,True,2.4310622935709345,2,1.6830002402818995,14.905114930976465,0.7560466341383578,False,7007.0,0.27664329753009625,0.3135730749156398,False,7.642676088793299,40.0,True,False,1,True,True,True,True,False,False,True,False,5,False,False,2.0,Atul Ltd.,Chemicals,EQ,INE100A01010,AVOID,Stage 1 + RS 40; weak RS in a basing stage is AVOID.
AURIONPRO,2026-08-21,695.5499877929688,-0.1512507775558648,-0.26459082599901507,-0.3516499290312729,-0.4882186776820162,-0.28139219756480677,838.5679317079741,-2.249802731989692,Stage 4 — Declining,807.961768056832,1370.2395053355062,False,680.1500244140625,0.38321554824167053,0.721876431516262,175568542.79217833,808.5760034179688,True,-17.055021842262686,False,-49.238802042664666,False,False,False,False,False,False,False,False,842.6783337402344,905.382600402832,False,2.715220524911755,3,0.6652970439786805,27.038187566231358,0.9249314927281939,False,932.2000122070312,0.02955975761887473,0.058861215000986275,False,34.02343879912506,2.0,True,False,0,False,False,False,False,False,False,False,False,0,False,False,,Aurionpro Solution Ltd.,Information Technology,EQ,INE132H01018,SELL,Stage 4 takes precedence: the guide requires SELL regardless of RS.
AUROPHARMA,2026-08-24,1608.0,0.09873590707208746,0.3809687103099826,0.3467336683417086,0.5308453566506528,0.2912039098893038,1413.2315038393622,2.1320892998654806,Stage 2 — Advancing,1566.3745045381434,1682.4000244140625,False,1016.0999755859375,0.8118422614010536,1.1190141277563763,1625725971.2742372,1569.5359936523437,False,13.781782788701303,False,-4.4222553099387945,True,True,True,True,False,False,False,False,1406.0539965820312,1354.4659967041016,True,2.2814503271866116,3,0.3891585685917339,17.302661160345636,0.6410704086115097,True,1682.4000244140625,0.06839133624677023,0.07041941391850726,False,4.626867189929262,83.0,True,True,5,True,True,True,True,True,True,True,True,8,True,False,,Aurobindo Pharma Ltd.,Healthcare,EQ,INE406A01037,HOLD,Stage 2 + RS 83; trend/leadership is adequate without a stronger entry trigger.
AIIL,2026-08-24,554.9000244140625,0.08644155538729814,0.11728587784845335,0.013701132015892847,-0.06992720834797095,0.04678858245819431,501.5476042865074,-0.7438540847296338,Stage 3 — Topping,543.0980398140701,683.0,False,400.0,0.2515468022664956,2.078111148424311,289859290.4041565,542.7860003662109,False,10.637558563050709,False,-18.755486908629205,True,True,True,False,False,False,False,False,503.8970013427734,520.2220509338379,False,4.180933160449372,3,1.106829844186911,17.961168705206028,0.39758748993540866,False,607.7000122070312,0.023600966513086543,0.028784288776744344,False,9.515225350498401,52.0,True,True,4,True,False,False,True,True,True,True,False,5,False,False,,Authum Investment & Infrastructure Ltd.,Financial Services,EQ,INE206F01022,REDUCE,Stage 3 with RS 52; the guide requires REDUCE when RS is 50 or higher.
AVALON,2026-08-24,2119.39990234375,0.43883224870587245,1.1654149704661556,1.193995758119824,1.4814424106379112,0.9437035273271273,1368.6130182971692,6.153933492971597,Stage 2 — Advancing,1818.568634631587,2351.0,False,777.2999877929688,0.776432823220613,2.5128781220266063,1188365191.17984,1819.7400073242188,False,54.85749981983301,True,-9.851131333740959,True,True,True,True,False,False,False,False,1355.0656713867188,1248.2887530517578,True,5.744213257383881,1,3.4485470153550324,31.05061675882603,1.3854693623073968,False,2351.0,0.09014215880756431,0.09602244796819438,False,10.927626136064926,97.0,True,True,5,True,True,True,True,True,True,True,True,8,True,False,,Avalon Technologies Ltd.,Capital Goods,EQ,INE0LCL01028,WAIT,"Stage 2 + RS 97; wait because price is more than 20% above the 30-week line (currently +55%) — the guide treats that as poor entry timing, not a failed trend."
AVANTIFEED,2026-08-24,853.4500122070312,-0.3395107336812505,-0.3532203904436516,0.018679831065654184,0.3428663623280892,-0.13413913288248186,1122.190215228355,0.03933837766729731,Stage 1 — Basing,929.2788935642617,1575.9303166617983,False,607.3630625211847,0.4027474274225852,0.7179110790816927,396115664.33054197,927.3016345214844,True,-23.947829821937784,False,-45.84468594938609,False,False,False,True,False,False,False,False,1112.7116304524739,1035.5837411499024,True,3.504833322127966,3,0.6764733572990538,21.117447561434997,0.7884987993158077,False,1052.0704500027455,0.036298872359863954,0.065011672214492,False,23.27265041359359,15.0,True,False,1,False,True,True,False,False,True,False,False,3,False,False,3.0,Avanti Feeds Ltd.,Fast Moving Consumer Goods,EQ,INE871C01038,AVOID,Stage 1 + RS 15; weak RS in a basing stage is AVOID.
DMART,2026-08-24,3940.0,-0.042992470245324266,0.02356271270655763,-0.011912225705329127,-0.1614880046454682,-0.04716449162697764,4088.822608425193,0.3347899634322804,Stage 1 — Basing,4068.9902008655026,4949.5,False,3600.0,0.35674294448100247,0.8301909840198259,2058398735.1804688,4068.3900048828127,True,-3.639742358069964,False,-20.39599959591878,False,False,False,True,False,False,False,False,4078.5146728515624,4030.6045080566405,False,2.0304564101874094,2,0.7822276009235334,15.223276731701386,0.5427375357902092,False,4429.39990234375,0.1675757865747977,0.21474421533017907,False,12.421317318369285,32.0,True,False,1,False,True,False,False,False,False,True,False,2,False,False,2.0,Avenue Supermarts Ltd.,Consumer Services,EQ,INE192R01011,AVOID,Stage 1 + RS 32; weak RS in a basing stage is AVOID.
CCAVENUE,2026-08-21,15.15999984741211,0.08908044283921446,-0.1787648646113038,-0.24313533061835324,-0.056627247336239805,-0.060073311377493596,15.533310331147293,0.11022959302371405,Stage 1 — Basing,16.273333325105554,20.5,False,12.920000076293945,0.4777262893545926,1.073494397200194,268598051.0347871,16.328799991607667,True,-2.403289934835229,False,-26.048781232136054,False,False,True,True,False,False,False,False,15.52619998296102,16.029500002861024,False,3.778739953572992,3,1.0291193358044304,27.20000203450521,0.5774191545971248,False,18.75,0.0006442756507172351,0.0008419415805485654,False,23.68074003114664,29.0,True,False,2,False,False,False,True,False,False,False,False,1,False,False,2.0,AvenuesAI Ltd.,Financial Services,EQ,INE483S01020,AVOID,Stage 1 + RS 29; weak RS in a basing stage is AVOID.
AWFIS,2026-08-21,268.20001220703125,-0.2138355063596702,-0.10525433792483319,-0.5087012269418716,-0.5331592476814078,-0.31495716505349064,311.52606843093344,-3.6914734871935417,Stage 4 — Declining,288.1745096842448,639.4000244140625,False,229.0500030517578,0.5736770042515439,0.688349185357855,61512473.815769956,287.8770001220703,True,-13.907682410696154,False,-58.054425716857594,False,False,False,False,True,False,False,False,315.19986602783206,365.7471491241455,False,2.95621590891321,2,0.9973403054255155,18.60826189258855,0.923148408923429,False,321.8999938964844,0.011398069863209953,0.02658486128880113,False,20.022363626143537,2.0,True,False,0,False,False,False,False,False,False,False,False,0,False,False,,Awfis Space Solutions Ltd.,Services,EQ,INE108V01019,SELL,Stage 4 takes precedence: the guide requires SELL regardless of RS.
AXISBANK,2026-08-24,1236.0,-0.03769002541560529,-0.10856639972024373,-0.025253577883016076,0.15505954105679498,-0.010828097475535078,1295.722929654056,-0.2963182918318874,Stage 4 — Declining,1290.79556573606,1417.2070248903838,False,1041.6966606316682,0.5808934626107287,1.028380935314833,6757564769.491705,1289.2665649414062,True,-4.609236148194229,False,-12.786207075455302,False,False,False,False,False,False,False,False,1295.6817024739582,1287.0001568603516,True,1.4459088837389475,2,0.9600036558246375,13.611022784736404,0.700638011769795,False,1399.021049380356,0.05256945995087563,0.06098353343007205,False,13.189405289672829,38.0,True,False,0,False,True,True,False,False,False,True,False,3,False,False,,Axis Bank Ltd.,Financial Services,EQ,INE238A01034,SELL,Stage 4 takes precedence: the guide requires SELL regardless of RS.
AZAD,2026-08-24,2796.199951171875,0.37095508170349967,0.6050743300374606,0.7239210549764952,0.7432668024762312,0.5628344701794372,1999.1979520614832,4.22829760709722,Stage 2 — Advancing,2356.964719286152,2986.60009765625,False,1360.0,0.47356120434784565,2.542513230890183,1749943431.9849365,2361.664013671875,False,39.86608721205216,True,-6.375146998548365,True,True,True,True,False,False,False,False,1984.5160066731771,1895.0780065917968,True,4.44097671967789,1,1.399968866867607,34.407020158563064,1.385771741001445,False,2986.60009765625,0.11892776808072028,0.12306249449854861,False,6.809246470538666,94.0,True,True,5,True,True,True,True,True,True,True,True,8,True,False,,Azad Engineering Ltd.,Capital Goods,EQ,INE02IJ01035,WAIT,"Stage 2 + RS 94; wait because price is more than 20% above the 30-week line (currently +40%) — the guide treats that as poor entry timing, not a failed trend."
BEML,2026-08-24,1915.0,0.0476637283444965,0.12935918645317246,0.05296781824953678,-0.047634195680682834,0.046004053142203884,1743.847764942744,0.6836428464377597,Stage 2 — Advancing,1810.6705848843444,2269.4720026583113,False,1353.2059555406986,0.4098169440946169,2.6195908319544796,874809339.5520996,1811.3079956054687,False,9.814631672442765,False,-15.619139704878759,True,True,True,True,False,False,False,False,1742.8652368164062,1763.9752282714844,False,3.468481545482096,1,0.8626131527453346,15.922380262805568,1.2743855738430079,False,1984.0,0.08144863738343594,0.09536294939604584,False,3.603133159268923,52.0,True,True,5,True,False,False,True,True,True,True,False,5,False,False,,BEML Ltd.,Capital Goods,EQ,INE258A01024,HOLD,Stage 2 + RS 52; trend/leadership is adequate without a stronger entry trigger.
BLS,2026-08-24,241.50999450683594,-0.0978334572504268,-0.15600209799688858,-0.22999470401186428,-0.33747239398368833,-0.18382722209865898,263.3516951260501,-0.6176828366886489,Stage 4 — Declining,251.7847059661267,388.98521411171623,False,218.89999389648438,18.66957712538447,0.7718618483812738,834083977.262056,251.54240020751953,True,-8.293738382340743,False,-37.91280857336792,False,False,False,False,False,False,False,False,263.9770498657227,276.91881950378416,False,4.975246538837454,1,1.9165856366864777,19.862046951081414,3.065253288527608,False,282.70001220703125,0.010271885100293936,0.01629650543806712,False,17.055202118779977,8.0,True,False,0,False,False,False,False,False,False,False,False,0,False,False,,BLS International Services Ltd.,Consumer Services,EQ,INE153T01027,SELL,Stage 4 takes precedence: the guide requires SELL regardless of RS.
BSE,2026-08-24,3312.699951171875,-0.20801482874704624,0.20730877772080314,0.18529275697758796,0.42379424980498515,0.08007322540185675,3441.447939520013,1.159556482906754,Stage 1 — Basing,3675.1690889246324,4435.115403617064,False,2016.1882450384737,1.2401008383480447,0.5916173425518391,14939183461.398474,3666.369296875,True,-3.7410994038193923,False,-25.30746892245017,False,False,True,True,True,True,False,False,3420.938250325521,3250.785810546875,True,3.372950144002953,2,1.2802711345013664,23.422565863420964,1.534213967672509,False,4208.811690205819,0.14089550761520836,0.19180203876599947,False,27.050797000704584,57.0,True,True,3,False,True,True,True,False,True,False,False,4,False,False,2.0,BSE Ltd.,Financial Services,EQ,INE118H01025,WATCH,Stage 1 + RS 57; adequate RS in a basing stage remains WATCH.
BAJAJ-AUTO,2026-08-24,11800.0,0.13427796418733617,0.2174245091919924,0.3284557032277102,0.3786583387938314,0.23861889591764127,10056.876036761558,1.6205801167431977,Stage 2 — Advancing,10768.666666666666,11863.0,True,8373.654962449684,0.5752348588575996,1.5003333036078084,2949505913.4,10785.18,False,17.332658341086105,False,-0.5310629688948798,True,True,True,True,False,False,False,False,10032.97810546875,9779.1933984375,True,1.463680387409201,2,0.42165871055099624,19.910646548090703,0.5240262868385868,True,11863.0,0.5018767212138612,0.5018767212138612,True,0.5338983050847457,78.0,True,True,5,True,True,True,True,True,True,True,True,8,True,False,,Bajaj Auto Ltd.,Automobile and Auto Components,EQ,INE917I01010,HOLD,Stage 2 + RS 78; trend/leadership is adequate without a stronger entry trigger.
BAJAJELEC,2026-08-24,344.6499938964844,0.03483379695561517,-0.06011921228215067,-0.2875315236087581,-0.40468054774810036,-0.13653273794555576,355.0261096693065,-1.0907995781365698,Stage 4 — Declining,335.43836346794575,647.9607286405871,False,298.3117066005431,0.4953164665555406,3.1563546799532505,356303192.57041323,335.7953704833984,False,-2.922634558479964,False,-46.810049025724844,False,True,False,False,False,False,False,False,356.25667338053387,386.0271029663086,False,4.616485346673205,2,1.3015135067688217,23.523533990393517,0.5009082472462305,False,407.5,0.014658627873147867,0.02556804620932024,False,18.23589357799107,14.0,True,False,1,False,False,False,False,True,False,False,False,1,False,False,,Bajaj Electricals Ltd,Consumer Durables,EQ,INE193E01025,SELL,Stage 4 takes precedence: the guide requires SELL regardless of RS.
BAJFINANCE,2026-08-24,1077.0,0.18228197934634283,0.058688450527782265,0.09016151787609639,0.21142599163473608,0.14496798374626008,961.925429252729,1.0588916715895902,Stage 2 — Advancing,1042.6354884727327,1176.4000244140625,False,783.0862114062364,0.5002234763478671,1.5812515422176523,9022706336.093145,1044.7573413085938,False,11.962940914938347,False,-8.449508870383726,True,True,True,True,False,False,False,False,961.3317163085937,970.188713684082,True,2.024804674546525,1,0.434800876140248,20.07648600351992,0.4392313417948951,False,1176.4000244140625,0.04580688379214648,0.048821283293898704,False,9.22934302823235,68.0,True,True,5,True,False,True,True,True,True,True,False,6,False,False,,Bajaj Finance Ltd.,Financial Services,EQ,INE296A01032,HOLD,Stage 2 + RS 68; trend/leadership is adequate without a stronger entry trigger.
BAJAJFINSV,2026-08-24,2001.699951171875,0.1344325991934272,-0.01952334077732809,-0.013488283390877154,0.01907932932618772,0.050986580708967374,1855.6763999625427,0.1413963194458301,Stage 2 — Advancing,1905.6687993068322,2193.128599829014,False,1595.6384533474438,0.3515725836544949,1.5903906283497862,2738976452.987854,1908.8080200195313,False,7.869020224230883,False,-8.728564693929197,True,True,True,True,False,False,False,False,1859.0099584960938,1905.5926391601563,False,1.7770605345369375,2,0.9986269631007536,17.7956101014869,0.5667960756404774,False,2118.5,0.08513615324983785,0.09154544130113727,False,5.835042797485479,53.0,True,True,5,True,False,False,True,True,False,True,False,4,False,False,,Bajaj Finserv Ltd.,Financial Services,EQ,INE918I01026,HOLD,Stage 2 + RS 53; trend/leadership is adequate without a stronger entry trigger.
BAJAJHLDNG,2026-08-21,11320.0,0.10177478843096921,0.024370927246535556,-0.0154916562483014,-0.1593174414898304,0.010622281274068432,10430.697501346982,0.5554941433894678,Stage 2 — Advancing,10842.52175245098,13642.165482850582,False,8482.595476264942,0.46960268514180886,1.2852706192173506,478460760.7,10858.64638671875,False,8.52582004739546,False,-17.021971224214738,True,True,True,True,False,False,False,False,10433.57150390625,10639.374594726563,False,1.6771832407874812,2,0.4852101964535043,12.906108796853335,0.7448686553532406,True,11629.0,0.4810818231877548,0.5790410197607009,False,2.7296819787985926,44.0,True,False,4,True,False,False,True,True,True,True,False,5,False,False,,Bajaj Holdings & Investment Ltd.,Financial Services,EQ,INE118A01012,WAIT,Stage 2 + RS 44; wait because relative strength is below 50 — the trend has turned up but the stock still lags most of the universe.
BAJAJHFL,2026-08-21,84.8499984741211,0.025749482857658323,-0.036561839807663365,-0.195963238362444,-0.24924791192403117,-0.08605480487576439,85.97993074614426,-0.5894261374621901,Stage 4 — Declining,86.54372510723039,117.0,False,72.6500015258789,0.42455083280206696,0.9074062421091992,265872065.00485268,86.58279968261719,True,-1.3141814167765387,False,-27.478633782802486,False,False,True,False,False,False,False,False,86.1353330485026,89.45334972381592,False,1.2686253022840157,3,0.5177539311933098,11.11701803004488,0.5261797131942674,False,94.0,0.0036059886893470305,0.0049849499582849625,False,10.783737996966035,24.0,True,False,1,False,False,False,False,False,False,False,False,0,False,False,,Bajaj Housing Finance Ltd.,Financial Services,EQ,INE377Y01014,SELL,Stage 4 takes precedence: the guide requires SELL regardless of RS.
BALAMINES,2026-08-24,2224.5,0.22662317809836874,1.0659096582624237,0.981493480615933,0.45921718245451704,0.5919733355059223,1611.2933036072614,3.794156409881122,Stage 2 — Advancing,2158.808754116881,2443.60009765625,False,963.3273935013657,2.29189713959847,0.7172012178467012,477944707.68684083,2160.030778808594,False,38.05680164001988,True,-8.966282898187695,True,True,True,True,False,False,False,False,1600.900098063151,1490.2260629272462,True,3.871815690674871,2,0.49583043153750544,23.240007669360672,0.3686045562611931,True,2443.60009765625,0.09461226833391814,0.10342892283590426,False,9.849408750561928,95.0,True,True,5,True,True,True,True,True,True,True,True,8,True,False,,Balaji Amines Ltd.,Chemicals,EQ,INE050E01027,WAIT,"Stage 2 + RS 95; wait because price is more than 20% above the 30-week line (currently +38%) — the guide treats that as poor entry timing, not a failed trend."
BALKRISIND,2026-08-21,2350.800048828125,0.06963740617225,-0.05444201398862347,0.018787446524614504,-0.019419090297695507,0.01684023091655911,2263.2194357977974,0.04340886471971839,Stage 2 — Advancing,2245.17624798943,2765.3795041598637,False,1963.1703614270675,0.2542713712152768,6.988181378436678,1332573286.500171,2249.957353515625,False,3.8697358128446435,False,-14.99177435531367,True,True,False,True,False,False,False,False,2269.261631673177,2285.518712768555,True,3.3022186432392004,2,0.8289831288111693,22.638049901706392,0.5538877062019847,False,2558.0,0.09990522733569764,0.11502188493481694,False,8.814018498730425,46.0,True,False,3,True,False,True,False,True,False,True,False,4,False,False,,Balkrishna Industries Ltd.,Automobile and Auto Components,EQ,INE787D01026,WAIT,Stage 2 + RS 46; wait because relative strength is below 50 — the trend has turned up but the stock still lags most of the universe.
BALRAMCHIN,2026-08-21,729.3499755859375,0.3570563941209557,0.5980499240570993,0.6213181409140756,0.2572717291751385,0.438150516477645,530.1551732556574,3.2460262865625644,Stage 2 — Advancing,595.8882338579963,780.9500122070312,False,393.54998779296875,14.703764733493244,1.5800376181550306,2496174118.1173735,597.0069982910156,False,37.572924377410956,True,-6.607341803512834,True,True,True,True,False,False,False,False,526.1420005289714,505.3064723205566,True,4.771373244138601,0,3.6626310020536006,33.030284675717276,8.79877945971737,False,780.9500122070312,0.030996202826574844,0.03262457501393431,False,7.074797881447781,90.0,True,True,5,True,True,True,True,True,True,True,True,8,True,False,,Balrampur Chini Mills Ltd.,Fast Moving Consumer Goods,EQ,INE119A01028,WAIT,"Stage 2 + RS 90; wait because price is more than 20% above the 30-week line (currently +38%) — the guide treats that as poor entry timing, not a failed trend."
BALUFORGE,2026-08-21,555.4000244140625,0.15108813350064776,0.1286324274038546,-0.11687072212865457,-0.10138329715860062,0.042510935023578986,466.0993105132004,0.9358134041717259,Stage 2 — Advancing,461.1107853908165,696.8433940665321,False,341.04998779296875,2.4780198709601735,5.534701855466109,790251541.072435,461.35700134277346,False,19.15916026619675,False,-20.297726986698695,True,True,False,True,False,False,False,False,464.6426666259766,498.08449966430663,False,4.3372848930004055,2,2.453961142027762,24.937831953194383,4.580026604982238,False,563.0,0.023603609217636105,0.029820661520391596,False,1.3683786913684992,51.0,True,True,4,True,False,False,False,True,True,True,False,4,False,False,,Balu Forge Industries Ltd.,Capital Goods,EQ,INE011E01029,HOLD,Stage 2 + RS 51; trend/leadership is adequate without a stronger entry trigger.
BANCOINDIA,2026-08-21,623.7000122070312,0.038375071765716084,-0.027562033631978844,-0.10699085213427917,0.09452441153265534,0.007344333859565897,621.894520441691,0.14161315278540254,Stage 2 — Advancing,654.2509777592678,859.7877679261235,False,502.0,0.6587547095121831,0.8959915139343414,100539836.49222413,653.5449975585938,True,0.29032122104208913,False,-27.458840951942676,True,False,True,True,False,False,False,False,620.7219687906901,642.1005390930176,False,2.9060445158342536,2,1.5700240804990138,17.060442926081905,0.9911702840497713,False,708.9500122070312,0.026506249027807727,0.03698368010977787,False,13.66843006757903,43.0,True,False,3,False,False,False,True,False,False,False,False,1,False,False,,Banco Products (India) Ltd.,Automobile and Auto Components,EQ,INE213C01025,WAIT,Stage 2 + RS 43; wait because the close is below its 50-session average — short-term timing has weakened even though the 30-week trend is intact.
BANDHANBNK,2026-08-24,173.89999389648438,-0.09867245159106508,-0.028483206917286896,0.1700844192678188,0.012569166666444476,-0.008634904833030756,181.33959521986034,1.057625776795068,Stage 1 — Basing,189.8450314390893,218.86288600994448,False,133.09632102479327,1.024028523121423,1.2457353252512848,1477450706.8762374,189.46057586669923,True,-4.102579645860582,False,-20.543863298694287,False,False,True,True,False,False,False,False,180.22144877115886,171.81620414733888,True,2.417492598620753,2,0.7654025722108992,26.6397865028471,0.41944163707400556,False,218.86288600994448,0.0073963015894811905,0.009343615287264306,False,25.855603042875707,39.0,True,False,2,False,True,True,True,False,True,True,False,5,False,False,2.0,Bandhan Bank Ltd.,Financial Services,EQ,INE545U01014,AVOID,Stage 1 + RS 39; weak RS in a basing stage is AVOID.
BANKBARODA,2026-08-24,241.5,-0.060621384504275566,-0.20373338522727258,-0.11560448677945012,0.037801633682726266,-0.08055580146650952,265.55854201643433,-1.1778624977860974,Stage 4 — Declining,254.9211748908548,315.30188105660324,False,223.57857729237878,1.4764698107851537,0.8870714689730839,1971327735.5372772,254.4985986328125,True,-9.059600129505696,False,-23.406736683361007,False,False,False,False,False,False,False,False,266.3138388061523,270.5310637664795,False,1.7577633072165686,3,0.8292533151402075,16.974238574769657,0.6286740906655238,False,287.20001220703125,0.010271460014673514,0.01346161016292559,False,18.923400499805897,25.0,True,False,0,False,False,False,False,False,False,True,False,1,False,False,,Bank of Baroda,Financial Services,EQ,INE028A01039,SELL,Stage 4 takes precedence: the guide requires SELL regardless of RS.
BANKINDIA,2026-08-24,142.0,0.04801721493396416,-0.16445261845241,0.005406615422445027,0.2700378263644725,0.04140525064048717,145.55532805560387,-0.3394534591062315,Stage 4 — Declining,142.82313687193627,172.71800537071604,False,106.3751474041868,0.8711451423796241,1.1498721621696437,871139122.2142105,142.75499969482422,True,-2.442595611646514,False,-17.785062596562508,False,False,False,False,False,False,False,False,145.8488070678711,144.5341759490967,True,1.9899395150198063,3,0.9974582367160696,10.259162349405932,0.5792481020387334,False,149.3300018310547,0.006039533424776973,0.007358837389464185,False,5.16197312046105,51.0,True,True,1,False,True,True,False,False,True,True,False,4,False,False,,Bank of India,Financial Services,EQ,INE084A01016,SELL,Stage 4 takes precedence: the guide requires SELL regardless of RS.
MAHABANK,2026-08-21,80.26000213623047,0.02161218697109879,0.18452955947549765,0.4097257826978973,0.49697274606990605,0.22689049243709972,75.59422483773066,1.5745625085146653,Stage 2 — Advancing,83.33431363573261,94.5,False,50.17055988911408,0.504124328629774,1.2608661898884335,813510040.7480679,83.25499984741211,True,6.172134589005029,False,-15.068780808221726,True,False,True,True,False,False,False,False,75.20791028340658,70.81243213653565,True,2.2507188560585383,2,1.567872917744176,18.306881536251655,0.6743026265076953,False,94.5,0.0034109212152606755,0.004080434716266135,False,17.742334269564395,77.0,True,True,4,True,True,True,True,False,True,True,True,7,False,False,,Bank of Maharashtra,Financial Services,EQ,INE457A01014,HOLD,Stage 2 + RS 77; trend/leadership is adequate without a stronger entry trigger.
BATAINDIA,2026-08-21,701.0499877929688,0.06644153732066238,-0.09525192493255352,-0.2657287652886565,-0.34331759796319883,-0.11428304270861683,694.2378220130657,-1.4705022658406786,Stage 3 — Topping,676.9814333448223,1223.9851643268328,False,577.3964738257137,0.4074766912820998,2.6015651025914983,513841227.6318237,677.7496240234375,False,0.9812438279651614,False,-42.7239799774426,True,True,False,False,False,False,False,False,699.3686295572917,756.6715991210938,False,3.4724314086971555,2,0.5425543800885699,17.228929533506374,1.713604750121954,False,766.6489333975749,0.029793498787384683,0.052089896095068144,False,9.357242243327523,18.0,True,False,2,False,False,False,False,True,False,False,False,1,False,False,,Bata India Ltd.,Consumer Durables,EQ,INE176A01028,SELL,Stage 3 + RS 18; RS below 50 in Stage 3 triggers SELL.
BAYERCROP,2026-08-21,4071.5,-0.04503462629495725,-0.13985467412362407,-0.09151583157022669,-0.2470211558213411,-0.11369218282102128,4385.572306034483,-0.397745999467114,Stage 4 — Declining,4140.38330078125,5431.836678901862,False,3974.169963300558,0.5543630946595549,1.0015852201794486,92716925.23133545,4139.415859375,True,-7.161489632774353,False,-25.0437698943643,False,False,False,False,False,False,False,False,4383.59732421875,4394.598132324219,False,1.6576292144216207,2,1.03392138947497,11.52579314494977,0.49794308836196444,False,4491.896683302911,0.17303221228877594,0.23201028564982035,False,10.32535142583595,18.0,True,False,0,False,False,False,False,False,False,False,False,0,False,False,,Bayer Cropscience Ltd.,Chemicals,EQ,INE462A01022,SELL,Stage 4 takes precedence: the guide requires SELL regardless of RS.
BELRISE,2026-08-21,231.77000427246094,0.09217283323009084,0.2676803694758456,0.4374224533395161,0.6075046195462368,0.29939062176435605,212.41972477353852,2.482298177362452,Stage 2 — Advancing,237.6860788382736,268.20001220703125,False,135.16000366210938,0.7917649130997396,2.129051420163557,1261677433.2283149,237.8752005004883,True,9.109455122188791,False,-13.583149245514925,True,False,True,True,False,False,False,False,210.86413401285807,199.77485046386718,True,3.7179710768364975,1,1.752687083792846,18.042510233401433,1.2898563034406914,False,268.20001220703125,0.009849853022582086,0.011040260502344251,False,15.71817200803276,83.0,True,True,4,True,True,True,True,False,True,True,True,7,False,False,,Belrise Industries Ltd.,Automobile and Auto Components,EQ,INE894V01022,WAIT,Stage 2 + RS 83; wait because the close is below its 50-session average — short-term timing has weakened even though the 30-week trend is intact.
BERGEPAINT,2026-08-24,515.5,0.036400364496937954,0.12252437842816444,-0.10341440122529111,-0.014436383584099599,0.01549486452252993,482.85037294152664,0.3940530420602828,Stage 2 — Advancing,517.2360588522519,590.094751424942,False,388.1693207725482,0.27182640329208224,1.2877359299959317,283985594.44795835,517.2706213378906,True,6.761851887898862,False,-12.641148094405686,True,False,True,True,False,False,False,False,483.58923685709635,498.48493713378906,False,3.2271030125268463,3,0.9176837403915521,15.05203390747292,0.9477089495648725,False,565.9000244140625,0.021925207608961477,0.02445115823283382,False,9.776920351903495,45.0,True,False,3,True,False,False,True,False,True,True,False,4,False,False,,Berger Paints India Ltd.,Consumer Durables,EQ,INE463A01038,WAIT,Stage 2 + RS 45; wait because the close is below its 50-session average — short-term timing has weakened even though the 30-week trend is intact.
BDL,2026-08-24,1368.0,0.04228571428571426,0.10313686552056467,-0.07050055417517476,-0.09500187796710524,0.004441172389942641,1309.9651280233304,-0.5784446237764862,Stage 3 — Topping,1317.8215714996936,1648.1319119869795,False,1086.0,0.6148479604237725,2.4622211809065715,2425460951.4370666,1319.98400390625,False,4.430260831770472,False,-16.99693513301699,True,True,True,False,False,False,False,False,1313.7668147786458,1355.370594482422,False,3.3542190080099337,2,0.5824245714295898,15.744536537877474,2.2908545666163307,False,1440.5,0.058183674120386615,0.06936803427897818,False,5.2997076023391765,42.0,True,False,3,True,False,False,False,True,False,True,False,3,False,False,,Bharat Dynamics Ltd.,Capital Goods,EQ,INE171Z01026,SELL,Stage 3 + RS 42; RS below 50 in Stage 3 triggers SELL.
BEL,2026-08-24,409.0,-0.016792085396491352,-0.054594156436201025,0.018570555105673403,0.09723570467822773,0.005525586510943481,423.26736053048745,-0.038490303905136525,Stage 4 — Declining,408.0678477567785,472.8081629796919,False,359.18122347653144,0.7772290790201566,0.7850176747050669,5370841747.567375,408.0493096923828,False,-3.370767949743625,False,-13.495571349184289,False,True,False,False,False,False,False,False,422.8663787841797,418.37360443115233,False,1.664190856402119,3,0.5697378062032943,12.1379251325342,0.812278113015984,False,434.4102674211774,0.017395557540378748,0.02080906909961456,False,6.212779320581285,42.0,True,False,1,False,True,False,False,True,False,True,False,3,False,False,,Bharat Electronics Ltd.,Capital Goods,EQ,INE263A01024,SELL,Stage 4 takes precedence: the guide requires SELL regardless of RS.
BHARATFORG,2026-08-21,2063.0,0.08977200616020764,0.1625051168850984,0.4690293856362773,0.7950135867948929,0.3212184203273368,1908.4343573208514,2.2407770055519416,Stage 2 — Advancing,2122.807363472733,2295.0,False,1095.9181470372112,0.7196871391261676,0.87132229016648,2632818823.772766,2126.4791821289064,True,8.099080908191937,False,-10.108932461873643,True,False,True,True,False,False,False,False,1891.810751139323,1772.4487512207031,True,3.0752686679582006,3,1.2888712744088686,15.081172701575449,1.6378959531910626,False,2295.0,0.08767418738836909,0.09552928624997374,False,11.245758603974787,86.0,True,True,4,True,True,True,True,False,True,True,True,7,False,False,,Bharat Forge Ltd.,Automobile and Auto Components,EQ,INE465A01025,WAIT,Stage 2 + RS 86; wait because the close is below its 50-session average — short-term timing has weakened even though the 30-week trend is intact.
BHEL,2026-08-24,411.3999938964844,0.010224200258986516,0.5764977234449271,0.4851640094406191,0.8881335143767082,0.39404872955604553,346.03400786935464,3.0689107675241356,Stage 2 — Advancing,406.9567637724035,446.5,False,204.46044916421653,0.34977027900790536,0.9851053831756473,3178025757.7746305,407.46351928710936,False,18.890046799044313,False,-7.861143584214025,True,True,True,True,False,False,False,False,343.56563059488934,327.76686790466306,True,2.655566080259282,2,0.7876869609660547,16.997872888752294,0.6604061024192152,False,446.5,0.01749763390204831,0.018680606504332828,False,8.531844099236285,88.0,True,True,5,True,True,True,True,True,True,True,True,8,True,False,,Bharat Heavy Electricals Ltd.,Capital Goods,EQ,INE257A01026,HOLD,Stage 2 + RS 88; trend/leadership is adequate without a stronger entry trigger.
BPCL,2026-08-24,311.8999938964844,0.055142041462816094,-0.16704504278654775,-0.10830443780067012,0.03451145298792313,-0.02611078893473251,318.2339577870826,-0.6644943756525135,Stage 4 — Declining,313.23725502163757,391.6499938964844,False,266.6000061035156,0.6386843001851586,0.7188674191866476,1589022392.1135802,313.29,True,-1.990348212567572,False,-20.36256893727373,False,False,False,False,False,False,False,False,318.9712030029297,328.00877075195314,False,1.8664421433155425,3,0.682480399401084,9.258983840066623,0.7123294569443637,False,329.95001220703125,0.01326570731215177,0.01663583958953674,False,5.7871172375006275,36.0,True,False,0,False,False,False,False,False,False,True,False,1,False,False,,Bharat Petroleum Corporation Ltd.,Oil Gas & Consumable Fuels,EQ,INE029A01011,SELL,Stage 4 takes precedence: the guide requires SELL regardless of RS.
BHARTIARTL,2026-08-24,1935.0,0.04699818077566742,0.00945517254774475,-0.08956259774058573,0.013475631700805124,0.0054729136118598,1871.5235913420377,-0.12627498342321353,Stage 3 — Topping,1905.0570523131128,2147.4734560986562,False,1718.8676127570984,0.3523746838788086,1.0116954238589506,12823373502.03471,1906.7918725585937,False,3.3916969549095732,False,-9.894113265765792,True,True,True,False,False,False,False,False,1874.315067545573,1922.2073895263673,False,1.8475447690280085,2,1.0655958648191506,10.865745166233284,1.1218029789000477,False,2031.0,0.0822992758939679,0.09024431638129608,False,4.961240310077519,42.0,True,False,3,True,False,False,False,True,False,True,False,3,False,False,,Bharti Airtel Ltd.,Telecommunication,EQ,INE397D01024,SELL,Stage 3 + RS 42; RS below 50 in Stage 3 triggers SELL.
BHARTIHEXA,2026-08-21,1591.199951171875,0.025372625605906807,-0.04703094707071043,-0.08559822696642427,-0.1069684510065172,-0.037770474766367655,1542.626799905711,-0.2597050849915794,Stage 3 — Topping,1539.9688792509191,1934.317756973946,False,1414.4376742506906,0.21436414607842666,1.2096102205224184,299098195.479718,1541.5418188476563,False,3.1487298981926592,False,-17.73844057239312,True,True,False,False,False,False,False,False,1544.4461328125,1594.7351153564452,False,3.4152114667890907,1,1.7144643103732733,14.784579717846599,1.064848502195044,False,1659.8377025747243,0.06762344289452579,0.08000253853656945,False,4.313584308012297,35.0,True,False,2,False,False,False,False,True,False,True,False,2,False,False,,Bharti Hexacom Ltd.,Telecommunication,EQ,INE343G01021,SELL,Stage 3 + RS 35; RS below 50 in Stage 3 triggers SELL.
BIKAJI,2026-08-21,605.75,-0.08656015061814482,-0.04472315994381881,-0.14756305061657027,-0.21914595977636397,-0.11691049431460854,643.7085511949327,-0.8429116681638593,Stage 4 — Declining,639.3879645852481,817.1013753080734,False,591.3929652535255,0.32240923302489344,0.38752101714453313,63652297.51767273,638.7260375976563,True,-5.8968536497564505,False,-25.865991870150406,False,False,False,False,True,True,False,False,645.3948677571615,664.3790859985352,False,1.925005141620851,3,0.6035546304433358,11.351828082372926,0.5604968604931373,False,680.6683221564331,0.025743402331800568,0.03514826341429602,False,12.367861684924986,17.0,True,False,0,False,False,False,False,False,False,False,False,0,False,False,,Bikaji Foods International Ltd.,Fast Moving Consumer Goods,EQ,INE00E101023,SELL,Stage 4 takes precedence: the guide requires SELL regardless of RS.
GROWW,2026-08-24,196.47000122070312,,,,,,187.42856158948925,1.1357625963696716,Stage 2 — Advancing,199.19156751445695,,False,,0.6628336235225132,0.8307179228050714,4816077636.786914,199.02859893798828,True,4.823939080862538,False,,True,False,True,True,False,False,False,False,186.73546661376952,,False,2.4493019638547024,2,0.6892290692685495,14.874647367499774,0.8307518769701829,False,220.97999572753906,0.008356247460129643,,False,12.475184178017496,,True,False,3,False,False,False,False,False,False,False,False,0,False,False,,Billionbrains Garage Ventures Ltd.,Financial Services,EQ,INE0HOQ01053,WAIT,Stage 2 + RS unavailable; wait because the close is below its 50-session average — short-term timing has weakened even though the 30-week trend is intact.
BIOCON,2026-08-24,409.3999938964844,-0.04732227719706694,0.04898167944112353,0.03703880355736766,0.1401657739126001,0.02630834050339148,397.240913286601,0.7193380965832885,Stage 2 — Advancing,422.35240741804535,447.1499938964844,False,336.647387893357,0.36161719076942417,0.6985952229733614,1478535992.2588959,422.48839477539065,True,3.0608832582939005,False,-8.442357266080869,True,False,True,True,True,False,False,False,396.5076975504557,395.3578518676758,True,2.0910392890343426,2,0.8602467373407042,11.696296210858552,0.5807335655746204,False,447.1499938964844,0.017412570050995113,0.01914165505263705,False,9.220811080311098,48.0,True,False,3,True,True,True,True,False,False,True,False,5,False,False,,Biocon Ltd.,Healthcare,EQ,INE376G01013,REDUCE,Stage 2 + RS 48; distribution warning (U/D 0.70) triggers REDUCE.
BIRLACORPN,2026-08-24,889.4000244140625,-0.10450047823296427,-0.09786513947683606,-0.20444853638464344,-0.2992315747802178,-0.1621092414215252,947.7777923165935,-0.9993878368414366,Stage 4 — Declining,945.1004447189032,1328.8254130627743,False,759.7237180556469,0.4289197917353193,0.9576006901559013,65128616.61824036,944.6273278808594,True,-6.1594361437655065,False,-33.06870747120134,False,False,False,False,False,False,False,False,950.6307385253906,985.3847518920899,False,1.6327222465187716,3,0.4388588423525812,16.56517368612766,0.3750531772698799,False,1040.5726847695007,0.037827895601733705,0.05594572292156017,False,16.99715046163068,11.0,True,False,0,False,False,False,False,False,False,False,False,0,False,False,,Birla Corporation Ltd.,Construction Materials,EQ,INE340A01012,SELL,Stage 4 takes precedence: the guide requires SELL regardless of RS.
BSOFT,2026-08-24,299.0,-0.07551577928700137,-0.17178730076881787,-0.20985487816404602,-0.1866171833283301,-0.14385818416703938,340.61542625949807,-1.8991691306626368,Stage 4 — Declining,300.0313529220282,467.1017114386881,False,266.2676853930341,0.49523245986954423,2.2964645462090094,564900436.4754883,299.6482568359375,True,-12.217716242773257,False,-35.98824566943449,False,False,False,False,False,False,False,False,342.39032775878906,359.0304832458496,False,3.0076443835758333,2,0.9260796228808391,19.55659051569966,0.4175213537159986,False,331.0,0.012717045732452923,0.01938549775419441,False,10.702341137123739,13.0,True,False,0,False,False,False,False,False,False,False,False,0,False,False,,Birlasoft Ltd.,Information Technology,EQ,INE836A01035,SELL,Stage 4 takes precedence: the guide requires SELL regardless of RS.
BBOX,2026-08-21,775.6500244140625,-0.18528435023441847,0.5102220819406518,0.5067017148531807,0.5880621761347242,0.246883454491944,723.0413812045393,2.5984541865489597,Stage 2 — Advancing,865.2647094726562,1103.0,False,435.04998779296875,2.6762060450837795,1.5343044930639547,373991917.28085935,862.1980041503906,True,7.276021065610472,False,-29.678148285216455,True,False,True,True,False,False,False,False,715.7040018717448,669.9875006103516,True,4.702968544056026,2,1.2017060160585844,33.50230414746544,1.3088758204044721,False,1085.0,0.0329638805566028,0.047924898483542845,False,39.88267464048945,79.0,True,True,4,True,True,True,True,False,True,False,True,6,False,False,,Black Box Ltd.,Information Technology,EQ,INE676A01027,HOLD,Stage 2 + RS 79; trend/leadership is adequate without a stronger entry trigger.
BLACKBUCK,2026-08-21,634.2999877929688,0.22664865159629777,0.05453032052031381,-0.009911865104354711,0.0254627763492441,0.10467570699155976,568.804480822333,-0.3018386943452689,Stage 3 — Topping,564.2833299823836,748.0,False,496.0,1.8060515497665994,3.998066169151031,383899985.9363769,564.64099609375,False,11.51459054540982,False,-15.200536391314333,True,True,False,False,False,False,False,False,569.3183317057292,592.1022482299804,False,3.0348409287103837,0,1.795148307740171,19.52018134638662,1.6937621153236417,False,641.9000244140625,0.02695673096955936,0.03087225260610405,False,1.1981770088846933,61.0,True,True,3,True,False,False,False,True,False,True,False,3,False,False,,Blackbuck Ltd.,Services,EQ,INE0UIZ01018,REDUCE,Stage 3 with RS 61; the guide requires REDUCE when RS is 50 or higher.
BLUEDART,2026-08-21,5083.0,0.04320164186762443,-0.10003541076487255,-0.1244509516837482,-0.13140806561859197,-0.053898228866392776,5168.7455078125,-0.3575051016453501,Stage 4 — Declining,4991.964680989583,7036.0,False,4628.5,0.15491354072133315,3.1186885163621763,262385997.55407715,4996.63197265625,False,-1.6589229955875529,False,-27.757248436611714,False,True,False,False,False,False,False,False,5174.56732421875,5291.010493164063,False,2.339029257187825,2,0.8835581281444402,17.909484810161008,0.34776409649186996,False,5745.0,0.21601933809746973,0.28077327077994413,False,13.023804839661612,31.0,True,False,1,False,False,False,False,True,False,False,False,1,False,False,,Blue Dart Express Ltd.,Services,EQ,INE233B01017,SELL,Stage 4 takes precedence: the guide requires SELL regardless of RS.
BLUEJET,2026-08-21,596.1500244140625,0.35504036338911793,0.6752845698719601,0.07366055725180098,-0.22512154528216766,0.24678086172396588,468.98172460095634,1.6789911156517068,Stage 2 — Advancing,569.4019625794654,782.6231759316098,False,325.0,0.40543563171441266,0.8704261820544532,687171267.0593506,570.5400018310547,False,27.115832695039476,True,-23.82668406102024,True,True,True,True,False,False,False,False,468.8156669108073,488.4342500305176,False,3.016379515285766,2,0.6697026847219315,22.35257649298468,0.5481268998412836,False,647.7999877929688,0.025335418784323473,0.03366439983754046,False,8.66392036629897,78.0,True,True,5,True,False,False,True,True,True,True,True,6,False,False,,Blue Jet Healthcare Ltd.,Healthcare,EQ,INE0KBH01020,HOLD,Stage 2 + RS 78; trend/leadership is adequate without a stronger entry trigger.
BLUESTARCO,2026-08-24,1504.0,-0.08799419195104374,-0.22869303420508125,-0.15343309236767877,-0.21282499053308557,-0.15418790020158663,1710.2343348672946,-1.0208943664192227,Stage 4 — Declining,1617.8260665594362,2030.0441864390432,False,1442.9235124043978,0.43712661944969006,0.3167767152462391,968882177.3063904,1618.1158520507813,True,-12.058834901317617,False,-25.912942681400054,False,False,False,False,True,True,False,False,1710.6603328450522,1725.7344458007813,False,3.158244101109838,2,0.7372099151012899,16.145888164794385,0.9564112517510049,False,1754.594994363066,0.063968015992004,0.08877571908180158,False,16.66190122094853,12.0,True,False,0,False,False,False,False,False,False,False,False,0,False,False,,Blue Star Ltd.,Consumer Durables,EQ,INE472A01039,SELL,Stage 4 takes precedence: the guide requires SELL regardless of RS.
BLUESTONE,2026-08-24,821.5999755859375,0.731506797862882,1.0364356195987217,0.4880013388712847,0.5037979542413376,0.6982497016874216,552.054484821188,4.925133722762842,Stage 2 — Advancing,683.7656908222274,926.0,False,399.79998779296875,0.10642615001043476,1.468536500795447,4586134891.867007,686.8910046386719,False,48.825885519625125,True,-11.274300692663342,True,True,True,True,False,False,False,False,548.618335164388,544.1430014038086,True,5.141537105803903,2,1.394250007810149,46.409287257019436,0.5289838767171245,False,926.0,0.03494422897427616,0.037786542141634516,False,12.706916688940728,96.0,True,True,5,True,True,True,True,True,True,True,True,8,True,False,,BlueStone Jewellery and Lifestyle Ltd.,Consumer Durables,EQ,INE304W01038,WAIT,"Stage 2 + RS 96; wait because price is more than 20% above the 30-week line (currently +49%) — the guide treats that as poor entry timing, not a failed trend."
BBTC,2026-08-24,1422.199951171875,-0.07270000883471672,-0.19485964022014945,-0.22852193002118104,-0.21356397482548695,-0.15646911254725018,1549.3612152517658,-1.2963568328869135,Stage 4 — Declining,1507.3156762216606,2114.6666501437494,False,1314.5999755859375,0.9308473117672785,0.6613187349893191,52046327.64212646,1506.9919897460939,True,-8.207334921522968,False,-32.74590342287767,False,False,False,False,True,False,False,False,1554.368827311198,1628.387440185547,False,2.0687267139228407,2,0.9536038175255822,12.556193198385715,1.0384719742702146,False,1623.9000244140625,0.06048890240717407,0.08768644936155252,False,14.182258484539334,11.0,True,False,0,False,False,False,False,False,False,False,False,0,False,False,,Bombay Burmah Trading Corporation Ltd.,Fast Moving Consumer Goods,EQ,INE050A01025,SELL,Stage 4 takes precedence: the guide requires SELL regardless of RS.
BORORENEW,2026-08-21,549.4000244140625,0.07325655589900504,0.14613542801420043,-0.0694444415727965,-0.020851811942527942,0.040470457259377215,519.7982775457974,0.6980120236671938,Stage 2 — Advancing,587.6382398418351,721.0,False,374.3999938964844,0.5012830380945418,0.7531330933129234,228590114.8919037,588.4990051269531,True,5.69485282021871,False,-23.800274006371357,True,False,True,True,False,False,False,False,519.6953348795573,532.066501159668,False,2.7289504661115873,2,0.5819803261524849,19.704432779421925,0.4473401619364804,True,669.9000244140625,0.023348618851988884,0.029527944561044284,False,21.93301686298863,51.0,True,True,4,True,False,False,True,False,True,True,False,4,False,False,,Borosil Renewables Ltd.,Capital Goods,EQ,INE666D01022,HOLD,Stage 2 + RS 51; trend/leadership is adequate without a stronger entry trigger.
BOSCHLTD,2026-08-21,48200.0,0.37793763188410456,0.3777419288565653,0.32923792348371683,0.22906103012350965,0.3383832292464002,37538.090928819445,1.9676254740646604,Stage 2 — Advancing,42017.15609681373,49130.0,True,28422.960694251175,0.7267671896459247,3.1935795984657385,2187213462.2984376,42081.406328125,False,28.402907040205918,True,-1.892937105638104,True,True,True,True,False,False,False,False,37475.200234375,37267.26638671875,True,2.497036158861885,1,2.1985440496971265,21.40060090761509,1.6918361693858113,False,49130.0,2.048422604032666,2.076055247398686,False,1.9294605809128562,86.0,True,True,5,True,True,True,True,True,True,True,True,8,True,False,,Bosch Ltd.,Automobile and Auto Components,EQ,INE323A01026,WAIT,"Stage 2 + RS 86; wait because price is more than 20% above the 30-week line (currently +28%) — the guide treats that as poor entry timing, not a failed trend."
FIRSTCRY,2026-08-24,193.77000427246094,-0.17509574581831866,-0.08878434124580326,-0.3765443633108,-0.49512764347198135,-0.2621295679330444,227.64554710910744,-1.8684303271100045,Stage 4 — Declining,213.32784226361443,438.70001220703125,False,193.10000610351562,0.6543940631037745,0.3629135834287673,185273879.1057213,213.2207992553711,True,-14.880828229163834,False,-55.83086417125126,False,False,False,False,True,True,False,False,228.87333251953126,246.510499420166,False,3.2741317064791735,2,1.474443984583738,18.848493977699913,0.7804967344699537,False,237.9499969482422,0.008241411391004963,0.017837301378756092,False,22.800222790757417,3.0,True,False,0,False,False,False,False,False,False,False,False,0,False,False,,Brainbees Solutions Ltd.,Consumer Services,EQ,INE02RE01045,SELL,Stage 4 takes precedence: the guide requires SELL regardless of RS.
BRIGADE,2026-08-21,639.2999877929688,0.27950407829067214,0.15486198382444294,-0.04823810360213787,-0.11601026020764993,0.10992435531919988,541.1487180512527,-0.1911786348861133,Stage 3 — Topping,554.055227840648,799.2478861619728,False,449.19622544946475,1.4381644106839306,4.144374386112471,321064197.0203705,554.9924200439453,False,18.137577798423266,False,-20.01230170743168,True,True,True,False,False,False,False,False,542.975463256836,574.5265431213379,False,3.231363288704528,3,0.6663346189067909,23.525231696563957,0.9160818795291327,False,642.5,0.027169222940932047,0.0327110555428562,False,0.5005493927942251,62.0,True,True,4,True,False,False,False,True,True,True,False,4,False,False,,Brigade Enterprises Ltd.,Realty,EQ,INE791I01019,REDUCE,Stage 3 with RS 62; the guide requires REDUCE when RS is 50 or higher.
BRITANNIA,2026-08-24,5311.0,0.012745293477875341,-0.12382129541587228,-0.07154130200357023,-0.026336444207643694,-0.039241690934267104,5483.9853682844605,-0.3307840058772493,Stage 4 — Declining,5329.464479932598,6232.206543851718,False,4952.518663567504,0.9060755100771375,0.8353147396338808,1977289348.8437011,5333.76728515625,True,-3.1543732644672473,False,-14.78138661435282,False,False,False,False,False,False,False,False,5492.2525423177085,5581.9136254882815,False,2.1195900691287624,1,1.7941228127750863,12.25317738904687,1.0265840875343275,False,5689.5,0.22588705647176413,0.26825009170602976,False,7.126718132178489,34.0,True,False,0,False,False,False,False,False,False,True,False,1,False,False,,Britannia Industries Ltd.,Fast Moving Consumer Goods,EQ,INE216A01030,SELL,Stage 4 takes precedence: the guide requires SELL regardless of RS.
MAPMYINDIA,2026-08-24,961.7000122070312,0.12056069236479416,-0.10310339512216449,-0.4261184912414786,-0.4423435377686469,-0.14608880788054035,997.2393276872306,-2.7805151699011987,Stage 4 — Declining,1008.5458433861826,1992.1530909053106,False,792.673490779813,0.32535325353253536,0.718532620427931,293982785.5373047,1011.493310546875,True,-3.5637699490473462,False,-51.72559696353467,False,False,True,False,False,False,False,False,1010.1312825520833,1175.9685498046874,False,3.8473535957525575,2,0.47592580974769005,34.4129220403113,0.19175694075115685,False,1228.3447538780254,0.04090295329811823,0.08382900244426521,False,27.72639474747056,13.0,True,False,1,False,False,False,False,False,False,False,False,0,False,False,,C.E. Info Systems Ltd.,Information Technology,EQ,INE0BV301023,SELL,Stage 4 takes precedence: the guide requires SELL regardless of RS.
CCL,2026-08-21,1082.300048828125,-0.022842115669448715,0.08883304711078965,0.08696243034162099,0.20139858254186493,0.06630196573107563,1099.2878973599138,1.0886101010125548,Stage 1 — Basing,1162.8862687653186,1242.199951171875,False,813.3032507787244,1.9402784604220167,0.6754729672995726,204231897.022937,1163.5579931640625,True,-1.5453502738079217,False,-12.872315941801682,False,False,True,True,True,False,False,False,1094.4131612141928,1065.5969534301757,True,2.2947190755571394,2,0.6245528405114433,13.451938669639906,0.32638842427752784,False,1242.199951171875,0.04599601419844791,0.053816481978454817,False,14.77408252146748,55.0,True,True,3,False,True,True,True,False,True,True,False,5,False,False,4.0,CCL Products (I) Ltd.,Fast Moving Consumer Goods,EQ,INE421D01022,WATCH,Stage 1 + RS 55; adequate RS in a basing stage remains WATCH.
CESC,2026-08-24,155.27000427246094,-0.09140355539078548,0.03404476630793041,-0.03810351335355666,-0.0022816839927969346,-0.03782950836399883,159.71288644450985,0.4068017303854754,Stage 1 — Basing,159.9181599336512,197.1955548334318,False,133.1865507427978,0.6140533427732664,1.587303366831957,255912534.2552765,159.8570590209961,True,-2.7817931733345347,False,-21.260900427692075,False,False,True,True,False,False,False,False,159.23373087565105,160.19458694458007,False,2.278791707035406,3,0.8571746567544254,10.335690825805969,1.9337397675188388,False,170.91888771731425,0.006603932258230924,0.008393154376327705,False,10.078497465224089,34.0,True,False,2,False,False,False,False,False,False,True,False,1,False,False,1.0,CESC Ltd.,Power,EQ,INE486A01021,AVOID,Stage 1 + RS 34; weak RS in a basing stage is AVOID.
CGPOWER,2026-08-24,877.5,0.013630573670532442,0.21118012422360244,0.2876087220530721,0.29357470290977283,0.16392493930550245,811.131782009177,2.4625180656469015,Stage 2 — Advancing,904.882350547641,980.9000244140625,False,524.3427016609982,0.3170912246147047,1.2524805305133133,2644511470.2076416,904.2699975585938,True,8.182174519956376,False,-10.54134181267129,True,False,True,True,False,False,False,False,804.8896378580729,770.023059387207,True,1.7484736491084147,2,0.7398270201764665,16.92833568103074,0.4038562143868985,False,980.9000244140625,0.0373217646495901,0.04225141794270595,False,11.783478565705119,70.0,True,True,4,True,True,True,True,False,True,True,True,7,False,False,,CG Power and Industrial Solutions Ltd.,Capital Goods,EQ,INE067A01029,HOLD,Stage 2 + RS 70; trend/leadership is adequate without a stronger entry trigger.
CIEINDIA,2026-08-21,401.04998779296875,-0.13342696981146762,-0.13323584197694105,-0.021724807002224678,0.013997317016298583,-0.08156345431716047,450.0287043253581,0.08747323749769276,Stage 1 — Basing,442.0529384239047,518.5450350593709,False,375.6987205418633,0.5710998796836523,1.2444056200925264,189870292.3463211,441.8799969482422,True,-10.883465001596681,False,-22.658600376522653,False,False,False,True,False,False,False,False,447.8789986165365,437.97907470703126,False,1.9805162539277381,2,0.7664144848319889,17.269906928645295,1.529042378588679,False,483.5,0.017043980505023693,0.021752426586580807,False,20.558537518169384,25.0,True,False,1,False,True,False,False,False,False,True,False,2,False,False,1.0,CIE Automotive India Ltd.,Automobile and Auto Components,EQ,INE536H01010,AVOID,Stage 1 + RS 25; weak RS in a basing stage is AVOID.
CMSINFO,2026-08-21,247.0,-0.18481848184818483,-0.21587301587301588,-0.29729674821276686,-0.4425074359241754,-0.2650628327412656,292.40325117440057,-1.6263689578014051,Stage 4 — Declining,275.03823583266313,444.74062115169073,False,240.5,0.9803228171839538,0.46316491526813314,199504617.52209243,274.6040005493164,True,-15.527615028917829,False,-44.46201038250697,False,False,False,False,True,True,False,False,293.52846384684244,306.7235475921631,False,3.8909779731216565,2,2.9014194479546784,21.622944364919615,1.8842342410274646,False,306.8500061035156,0.010497103385810549,0.019146706274808044,False,24.23077170182819,2.0,True,False,0,False,False,False,False,False,False,False,False,0,False,False,,CMS Info Systems Ltd.,Services,EQ,INE925R01014,SELL,Stage 4 takes precedence: the guide requires SELL regardless of RS.
CORONA,2026-08-21,2142.60009765625,,,,,,1755.5458297729492,2.786032347864631,Stage 2 — Advancing,2017.8364186006434,,False,,0.2549357790718909,3.21062877894461,95214671.42495117,2023.8154125976562,False,22.047517149316455,True,,True,True,True,True,False,False,False,False,1743.138047688802,,False,3.1587114209500724,3,0.3390298038092009,24.417276969106293,0.6205200920760396,True,2270.10009765625,0.09105706372285602,,False,5.950713814466346,,True,False,4,False,False,False,False,True,False,False,False,1,False,False,,CORONA Remedies Ltd.,Healthcare,EQ,INE02ZQ01018,WAIT,"Stage 2 + RS unavailable; wait because price is more than 20% above the 30-week line (currently +22%) — the guide treats that as poor entry timing, not a failed trend."
CRISIL,2026-08-21,4514.5,0.08422599830993094,0.00018076541333456042,0.010156305140603727,-0.15144887114025485,0.0054680392067090675,4212.611925848599,-0.2794867698334147,Stage 3 — Topping,4256.507123161765,5339.454823369565,False,3669.9050085491053,0.33555392963609487,2.2720079055805193,197189967.78286132,4263.938413085937,False,7.16629206452688,False,-15.450169552122206,True,True,True,False,False,False,False,False,4226.3868440755205,4285.244871826172,False,2.3244128171328895,2,0.7301738942949649,17.50038284326649,0.49538000007389044,False,4662.0,0.19185900095239566,0.22765327510931868,False,3.267249972311448,42.0,True,False,3,True,False,False,False,True,False,True,False,3,False,False,,CRISIL Ltd.,Financial Services,EQ,INE007A01025,SELL,Stage 3 + RS 42; RS below 50 in Stage 3 triggers SELL.
CSBBANK,2026-08-24,331.8999938964844,-0.08124569163602946,-0.15028164692725265,-0.21712469786554756,-0.17642681415264427,-0.1412649084435007,367.5948626374545,-3.054696051304606,Stage 4 — Declining,342.03039311427693,574.4000244140625,False,312.95001220703125,0.9712238766569565,1.216766633925935,129987355.63704833,341.4150012207031,True,-9.710382915817483,False,-42.217970092349674,False,False,False,False,False,False,False,False,370.84299947102863,387.3520002746582,False,2.588990240666699,3,0.38229811888278115,17.09933451469371,0.85160486985237,False,377.5,0.014116345822683738,0.023170654398313482,False,13.739080127171599,14.0,True,False,0,False,False,False,False,False,False,False,False,0,False,False,,CSB Bank Ltd.,Financial Services,EQ,INE679A01013,SELL,Stage 4 takes precedence: the guide requires SELL regardless of RS.
CAMPUS,2026-08-21,228.14999389648438,-0.030661916455353877,-0.133809520609511,-0.11953340099734144,-0.13219958523052955,-0.08937326794961795,238.98827630404767,-0.8310946789048868,Stage 4 — Declining,226.3615249932981,294.65322031951115,False,213.73506702697122,1.0002323845346972,1.2351669147957642,182623322.04301605,226.153212890625,False,-4.535068654905283,False,-22.56999816628955,False,True,False,False,False,False,False,False,239.32608439127605,245.43262474060057,False,2.546256809367965,3,1.2299855948364256,17.000386237662678,0.37142966813625494,False,257.932151193146,0.009696008394345921,0.012172838168143947,False,13.053762039623074,23.0,True,False,1,False,False,False,False,True,False,True,False,2,False,False,,Campus Activewear Ltd.,Consumer Durables,EQ,INE278Y01022,SELL,Stage 4 takes precedence: the guide requires SELL regardless of RS.
CANFINHOME,2026-08-21,830.4500122070312,-0.008697624387707714,-0.05380262900039656,-0.04576736618234167,0.0797189988218081,-0.007449249027269112,853.6010333883352,-0.6184804874603489,Stage 4 — Declining,853.9366957720588,962.6932158005569,False,696.853694665742,0.7447203961692653,1.0062846396681464,155674720.98049623,853.9257678222656,True,-2.7121594604222587,False,-13.736796044994959,False,False,True,False,False,False,False,False,855.4339375813802,865.0478717041016,True,2.014829994599793,1,1.2841344514513169,15.076790058648504,0.6454557079642412,False,940.8499755859375,0.035292792044068176,0.04003540771606025,False,13.293992625215779,39.0,True,False,1,False,False,True,False,False,False,True,False,2,False,False,,Can Fin Homes Ltd.,Financial Services,EQ,INE477A01020,SELL,Stage 4 takes precedence: the guide requires SELL regardless of RS.
CANBK,2026-08-24,127.30000305175781,0.025496001076786845,-0.16258454974756276,-0.10343391608590757,0.19620977341688195,-0.003763338052602941,132.61745787320072,-0.8700324280134897,Stage 4 — Declining,128.42509894277535,157.68821233301085,False,100.24320213506238,0.5775449026823641,1.5050365761159492,2051115868.8207269,128.349600982666,True,-4.009619025066124,False,-19.27107222008344,False,False,False,False,False,False,False,False,133.05638610839844,135.90389877319336,True,2.01997654725376,2,0.5826266296139437,11.61153203142462,0.4099903408183589,False,136.3300018310547,0.005414314249333113,0.006615632246604448,False,7.0934788396080695,40.0,True,False,0,False,False,True,False,False,False,True,False,2,False,False,,Canara Bank,Financial Services,EQ,INE476A01022,SELL,Stage 4 takes precedence: the guide requires SELL regardless of RS.
CANHLIFE,2026-08-21,155.24000549316406,,,,,,144.03723712789602,0.3716384326810207,Stage 2 — Advancing,145.36265534045648,,False,,0.3825491096564395,2.6393706836259985,92331267.34430695,145.50369354248048,False,7.777689011988409,False,,True,True,True,True,False,False,False,False,143.93279032389322,140.6445568084717,False,2.810024265698546,2,1.02248866127606,19.881211120227253,0.25540597045545516,False,166.24617118007782,0.00659745096062972,,False,7.089774090093304,,True,False,4,True,True,False,True,True,False,False,False,4,False,False,,Canara HSBC Life Insurance Company Ltd.,Financial Services,EQ,INE01TY01017,WAIT,Stage 2 + RS unavailable; wait for a clearer entry trigger; no breakout setup is present.
CRAMC,2026-08-24,259.6000061035156,,,,,,250.0655893822239,-0.471809482697394,Stage 3 — Topping,255.88918528837317,,False,,0.18235119447972312,0.7669365790903852,78474093.78675155,255.91585815429687,False,3.812766380550836,False,,True,True,True,False,False,False,False,False,250.60755055745443,261.7856832122803,False,2.2575937118609,1,1.112333684339469,18.1299030632298,0.2975155776367359,False,294.0,0.011041288126299217,,False,13.251152961362944,,True,False,3,False,False,False,False,True,False,False,False,1,False,False,,Canara Robeco Asset Management Company Ltd.,Financial Services,EQ,INE218I01013,REDUCE,Stage 3 with RS unavailable; the guide requires REDUCE when RS is 50 or higher.
CAPILLARY,2026-08-24,501.95001220703125,,,,,,527.1393831853998,-1.330761951248871,Stage 4 — Declining,510.3480362237668,,False,,0.17062040495821656,2.2847779716337064,689011556.6177124,510.4729968261719,True,-4.7785029504253895,False,,False,False,False,False,False,False,False,False,529.6299997965494,,False,5.026111630104432,1,1.3219503458238357,21.158356084440612,0.3911918197738637,False,597.4000244140625,0.021348900537264612,,False,19.01584020037088,,True,False,0,False,False,False,False,False,False,False,False,0,False,False,,Capillary Technologies India Ltd.,Information Technology,EQ,INE0ILV01024,SELL,Stage 4 takes precedence: the guide requires SELL regardless of RS.
CAPLIPOINT,2026-08-21,2560.800048828125,0.26653470071265106,0.516383614932155,0.3372277984825598,0.1620087514271642,0.30973791325343625,2056.33004421658,2.570378663844175,Stage 2 — Advancing,2542.968625536152,2699.0,False,1497.3339696999908,0.40466214231119985,1.4503140753850603,269365386.00368655,2545.6719970703125,False,24.53254067995383,True,-5.120413159387738,True,True,True,True,False,False,False,False,2045.607147623698,2010.3711309814453,True,3.152474476786708,2,1.0549168296280087,13.842167382595406,0.7470157005966445,False,2699.0,0.10882989013335033,0.11498903289475841,False,5.396749005652279,84.0,True,True,5,True,True,True,True,True,True,True,True,8,True,False,,Caplin Point Laboratories Ltd.,Healthcare,EQ,INE475E01026,WAIT,"Stage 2 + RS 84; wait because price is more than 20% above the 30-week line (currently +25%) — the guide treats that as poor entry timing, not a failed trend."
CGCL,2026-08-24,234.32000732421875,0.2290585618977019,0.3978404849897139,0.2284785602180166,0.24797591101273775,0.26648241600317446,198.39910993184128,1.741729801655434,Stage 2 — Advancing,232.9305892645144,264.5299987792969,False,151.10000610351562,1.981436201498804,0.7300162763475361,1014259764.466526,233.30560119628908,False,18.10537224925952,False,-11.420251613989151,True,True,True,True,False,False,False,False,197.70580037434897,194.90435035705568,True,3.477539354192965,2,1.6983864228458112,18.969490381938687,0.7949487138611786,False,264.5299987792969,0.009966081100905664,0.011143369796194522,False,12.892621419765415,80.0,True,True,5,True,True,True,True,True,True,True,True,8,True,False,,Capri Global Capital Ltd.,Financial Services,EQ,INE180C01042,HOLD,Stage 2 + RS 80; trend/leadership is adequate without a stronger entry trigger.
CARBORUNIV,2026-08-21,1169.800048828125,0.10371726784481705,0.3900649325405967,0.4365464967715562,0.2425254002582813,0.2553142730520137,971.3392119308998,2.375277101021056,Stage 2 — Advancing,1112.5260177313112,1303.7913206843634,False,733.4511840295453,2.610748173402879,3.0774585670461305,267761347.75026855,1113.764638671875,False,20.431671496377678,True,-10.277048921134558,True,True,True,True,False,False,False,False,965.6509847005208,937.7457574462891,True,4.233934955127542,3,0.5130648253583352,20.766699919861882,1.1850671524503502,False,1303.7913206843634,0.049714623697469866,0.05352297248146176,False,11.454202963187377,79.0,True,True,5,True,True,True,True,True,True,True,True,8,True,False,,Carborundum Universal Ltd.,Capital Goods,EQ,INE120A01034,HOLD,Stage 2 + RS 79; trend/leadership is adequate without a stronger entry trigger.
CARTRADE,2026-08-24,3138.60009765625,0.7469665703589008,0.764844835002934,0.024481001961508486,0.33745266244579875,0.5241423280256086,2198.1636912724744,0.7596595169829801,Stage 2 — Advancing,2753.9156709558824,3290.5,False,1600.0,0.5502461481290397,0.8315715443210607,1614022448.3532348,2762.493984375,False,42.78281959244696,True,-4.616316740426985,True,True,True,True,False,False,False,False,2208.059993489583,2380.356492919922,True,2.863650584417534,2,1.04647235222352,26.41390205371248,0.3851988786946982,False,3165.0,0.1334907056112901,0.13642501710188484,False,0.8411362238682107,92.0,True,True,5,True,False,True,True,True,True,True,True,7,False,False,,Cartrade Tech Ltd.,Consumer Services,EQ,INE290S01011,WAIT,"Stage 2 + RS 92; wait because price is more than 20% above the 30-week line (currently +43%) — the guide treats that as poor entry timing, not a failed trend."
CASTROLIND,2026-08-24,186.8699951171875,0.06057583165623548,0.06278677454982806,0.024057342539223647,-0.03666918038968814,0.0342653200023669,177.61070805379788,0.4847174169418933,Stage 2 — Advancing,181.18722803452437,198.22517212749622,False,164.60383017436243,0.5024108169192602,3.144396725073534,597931105.826464,181.22007415771483,False,5.2132482128188995,False,-5.728423332131194,True,True,True,True,False,False,False,False,177.5042223103841,177.62141471862793,False,1.4553501270344997,2,0.9574779074033637,7.286415588483636,1.2411137639710301,False,190.89999389648438,0.007947940715480026,0.008462764561931313,False,2.156578843366286,50.0,True,True,5,True,False,False,True,True,False,True,False,4,False,False,,Castrol India Ltd.,Oil Gas & Consumable Fuels,EQ,INE172A01027,HOLD,Stage 2 + RS 50; trend/leadership is adequate without a stronger entry trigger.
CEATLTD,2026-08-21,3563.39990234375,0.13186134943016037,-0.05114352796534427,-0.0716973999145073,0.13115004381789497,0.05440636295967283,3505.8422295932114,-0.14631992598418408,Stage 3 — Topping,3565.9793820848654,4393.1588210528225,False,2970.1830499993857,0.16618784346812768,2.4614521138774,309553989.8911499,3571.2867578125,True,1.6417644885639016,False,-18.887523818458728,True,False,True,False,False,False,False,False,3512.203084309896,3591.3852685546876,False,2.5050307917793555,2,1.6774506633450532,16.981937295079817,0.33731758280686697,False,3945.7257202072483,0.15143877400765005,0.17929129202358526,False,10.729242530764838,53.0,True,True,3,False,False,False,False,False,False,True,False,1,False,False,,Ceat Ltd.,Automobile and Auto Components,EQ,INE482A01020,REDUCE,Stage 3 with RS 53; the guide requires REDUCE when RS is 50 or higher.
CELLO,2026-08-24,358.70001220703125,-0.05745424930497178,-0.15800857644999267,-0.38658696357394284,-0.33230517674889914,-0.19836184307655563,402.1484393941945,-1.9523764603373461,Stage 4 — Declining,365.4397403492647,670.829945323981,False,335.1163076757402,0.1986152067100136,3.768745184357713,890286260.6020081,365.16510986328126,True,-10.8040770349911,False,-46.52892067395782,False,False,False,False,False,False,False,False,405.5424487304688,445.85373748779296,False,4.715440275087717,2,1.0683964732325666,18.024384128539815,0.43367262297954884,False,408.79998779296875,0.015256202205579392,0.02753179727422853,False,13.96709614746856,7.0,True,False,0,False,False,False,False,False,False,False,False,0,False,False,,Cello World Ltd.,Consumer Durables,EQ,INE0LMW01024,SELL,Stage 4 takes precedence: the guide requires SELL regardless of RS.
CEMPRO,2026-08-24,1261.4000244140625,0.46572560970074384,1.13908674184619,0.6337809157445538,0.6571159570266176,0.6722869668037699,949.0245733391748,4.426871979562996,Stage 2 — Advancing,1365.3529435700061,1649.199951171875,False,502.01526853255285,0.25126097596812225,0.9508275413079856,756382857.1890625,1369.0900024414063,True,32.915422829967845,True,-23.51442749451046,True,False,True,True,False,False,False,False,940.7739343261719,903.0014804077149,True,4.316631815011098,3,0.9386792012315731,30.038801662086684,0.5056089155527191,False,1649.199951171875,0.05364977189762831,0.07021194828567799,False,30.74361180054288,96.0,True,True,4,True,True,True,True,False,True,True,True,7,False,False,,Cemindia Projects Ltd.,Construction,EQ,INE686A01026,WAIT,"Stage 2 + RS 96; wait because price is more than 20% above the 30-week line (currently +33%) — the guide treats that as poor entry timing, not a failed trend."
CENTRALBK,2026-08-21,31.290000915527344,-0.07753530057161984,-0.16986709045939097,-0.15945587368934067,-0.1163371944517193,-0.12014615194873812,33.75133010601175,-1.1380922150196593,Stage 4 — Declining,31.85764705433565,40.260706628503506,False,29.31999969482422,0.4279790272117404,1.4725575231996422,149103151.66615885,31.873999977111815,True,-7.292539828070355,False,-22.281540648929255,False,False,False,False,False,False,False,False,33.851360664367675,34.590086946487425,False,1.1322656152223676,4,0.2558064384475128,11.484916290737909,0.34637242217291775,False,34.47999954223633,0.0013297747957586935,0.0017017594022940917,False,10.194945776195175,17.0,True,False,0,False,False,False,False,False,False,True,False,1,False,False,,Central Bank of India,Financial Services,EQ,INE483A01010,SELL,Stage 4 takes precedence: the guide requires SELL regardless of RS.
CDSL,2026-08-24,1385.0999755859375,0.16081273287506082,0.055053251334770126,-0.11959273612771881,-0.11221126837703133,0.02897494251602832,1283.7136054888163,-0.10345934038311633,Stage 3 — Topping,1342.5712387982537,1658.570789743815,False,1106.2094182590258,1.2743894077985043,1.2268418816607118,1619053213.4473145,1344.3374853515625,False,7.897896358161205,False,-16.488341399049855,True,True,True,False,False,False,False,False,1285.4617032877604,1342.2374487304687,False,1.8549476764079216,2,0.6193699923851985,13.591632938367889,0.716396089468244,False,1439.964864159402,0.058910969008514356,0.06888926562710396,False,3.9610778673398572,49.0,True,False,3,True,False,False,True,True,False,True,False,4,False,False,,Central Depository Services (India) Ltd.,Financial Services,EQ,INE736A01011,SELL,Stage 3 + RS 49; RS below 50 in Stage 3 triggers SELL.
CENTURYPLY,2026-08-21,762.4000244140625,-0.00534895705927918,0.012617877131021915,0.015788470873125293,0.03074018331935613,0.009689723440988996,757.3500004209321,0.09912770965132545,Stage 2 — Advancing,770.0911769492953,859.0,False,618.5,1.378847183172976,0.95701561156859,78962361.0551239,771.0010009765625,True,0.6668018736810666,False,-11.245631616523577,True,False,True,True,False,False,False,False,756.7666670735678,767.3690008544922,True,2.374550902470083,2,0.8858217604132382,12.198067632850242,0.7058741442951958,False,828.0,0.032400776832465186,0.03598662007752038,False,8.604403657562031,44.0,True,False,3,False,False,True,True,False,False,True,False,3,False,False,,Century Plyboards (India) Ltd.,Consumer Durables,EQ,INE348B01021,WAIT,Stage 2 + RS 44; wait because the close is below its 50-session average — short-term timing has weakened even though the 30-week trend is intact.
CERA,2026-08-21,5865.5,0.025089928111271975,0.1644268394629378,0.06244434625131201,-0.0840261222211589,0.038604983943126975,5501.205276804957,1.0225497988758159,Stage 2 — Advancing,6163.22607421875,6663.070811519553,False,4410.181828561342,0.2550949144219049,0.5761744303734972,77154197.1,6165.013125,True,6.622089248896779,False,-11.970018540710392,True,False,True,True,True,True,False,False,5484.883063151042,5455.435725097656,True,2.732077401756031,3,0.8386422782081471,15.204263021910105,0.5301685679383934,False,6663.070811519553,0.24927433161729465,0.283101598001086,False,13.597661094869196,50.0,True,True,4,True,True,True,True,False,True,True,False,6,False,False,,Cera Sanitaryware Ltd,Consumer Durables,EQ,INE739E01017,REDUCE,Stage 2 + RS 50; distribution warning (U/D 0.58) triggers REDUCE.
CHALET,2026-08-21,861.9500122070312,0.0755552607291714,-0.0021994135933355308,-0.038860365812117714,-0.1569900805886879,-0.009387867707159672,801.3431059738685,-0.23919627440888158,Stage 3 — Topping,825.3519658107383,1068.9158300195356,False,691.3499755859375,0.7370209448356708,1.3147602882830103,89697683.46828918,827.2450048828125,False,7.563165613000122,False,-19.362218427312637,True,True,True,False,False,False,False,False,803.156669108073,823.5347937011719,False,2.689085341413532,2,0.577301098629623,14.996000519590616,0.6572446244663972,False,874.9000244140625,0.03663149146371608,0.045505078861975204,False,1.502408727145621,38.0,True,False,3,True,False,False,True,True,False,True,False,4,False,False,,Chalet Hotels Ltd.,Consumer Services,EQ,INE427F01016,SELL,Stage 3 + RS 38; RS below 50 in Stage 3 triggers SELL.
CHAMBLFERT,2026-08-21,431.1499938964844,-0.021265424523240095,-0.03838889785072486,-0.04833697191945574,-0.21502511677731828,-0.06885636711879582,444.5931665880927,0.10793046567276754,Stage 1 — Basing,451.5784241919424,566.8733711713968,False,394.4382907843191,0.8731023624310797,0.8926245821106137,185567520.29823762,451.3309484863281,True,-3.0237020498480094,False,-23.942450673675374,False,False,True,True,False,False,False,False,443.96856872558595,444.92296875,False,1.6238853026925009,2,0.7308405696457363,14.604255180664124,0.44169941728483736,False,491.1854503649876,0.018323182432076857,0.024325063909977712,False,13.92449433338443,27.0,True,False,2,False,False,False,True,False,False,True,False,2,False,False,2.0,Chambal Fertilizers & Chemicals Ltd.,Chemicals,EQ,INE085A01013,AVOID,Stage 1 + RS 27; weak RS in a basing stage is AVOID.
CHENNPETRO,2026-08-24,1412.0999755859375,0.4496155009640359,0.6205036258449634,0.5015704418148614,1.2532666789446623,0.6549143497065117,1035.8148302052118,3.9304786612701426,Stage 2 — Advancing,1187.8999310661766,1489.699951171875,False,608.2468069995422,0.7851361249516305,3.8080984353558684,3786323166.8488464,1188.4576513671875,False,36.32745297788191,True,-5.209101035741681,True,True,True,True,False,False,False,False,1029.1553393554686,989.7820086669922,True,5.247446614694211,1,1.6618014639569259,30.531566093230794,2.5288148895572267,False,1489.699951171875,0.060059330997732516,0.06158760709065359,False,5.495359884397577,96.0,True,True,5,True,True,True,True,True,True,True,True,8,True,False,,Chennai Petroleum Corporation Ltd.,Oil Gas & Consumable Fuels,EQ,INE178A01016,WAIT,"Stage 2 + RS 96; wait because price is more than 20% above the 30-week line (currently +36%) — the guide treats that as poor entry timing, not a failed trend."
CHOICEIN,2026-08-24,797.6500244140625,0.17864798583533426,0.04864260673428822,0.018775160582211292,-0.006971647165810779,0.08354841836427146,727.4796521417026,0.05431730184819461,Stage 2 — Advancing,788.1303902420343,860.5,False,568.7000122070312,0.48376887029088184,1.061923925341467,408622379.9358185,789.847998046875,False,9.645681781721049,False,-7.303890248220513,True,True,True,True,False,False,False,False,729.9389973958333,746.2779977416992,False,1.8930604804155482,1,1.0243837848476673,17.657728870586677,0.4342052916095115,False,854.2999877929688,0.033925591434668306,0.03597957632754474,False,7.102107646836742,58.0,True,True,5,True,False,False,True,True,True,True,False,5,False,False,,Choice International Ltd.,Financial Services,EQ,INE102B01014,HOLD,Stage 2 + RS 58; trend/leadership is adequate without a stronger entry trigger.
CHOLAHLDNG,2026-08-21,1561.800048828125,-0.026814676400548798,-0.07216369842335646,-0.15250611595149843,-0.17115656302862448,-0.08989114604091539,1592.0546075228988,-0.7680360092553129,Stage 4 — Declining,1592.4479023054535,2062.371871375786,False,1303.9706528841405,0.4065715552238691,1.3232626557353102,345121060.2908386,1593.8369067382812,True,-1.9003467941245633,False,-24.27165679939841,False,False,True,False,False,False,False,False,1595.6880249023438,1665.8866790771485,False,3.6998151858111323,2,2.113778373042002,18.600831965522726,0.819924085485303,False,1720.0421200778292,0.06637399425308824,0.08591718907807086,False,10.13203139341934,23.0,True,False,1,False,False,False,False,False,False,True,False,1,False,False,,Cholamandalam Financial Holdings Ltd.,Financial Services,EQ,INE149A01033,SELL,Stage 4 takes precedence: the guide requires SELL regardless of RS.
CHOLAFIN,2026-08-24,1846.699951171875,0.19978253783579936,0.06473710755317397,0.11933581082070943,0.2130483374572354,0.1593372663005435,1658.7330063075235,0.8830601934326943,Stage 2 — Advancing,1806.6006864659926,1952.5,False,1298.889892127893,0.5406571635801128,1.2089748628967478,2656918060.48952,1809.6736840820313,False,11.33195904039923,False,-5.418696482874519,True,True,True,True,False,False,False,False,1658.7303279622395,1671.0545532226563,True,2.1911668416571923,2,0.500469814192796,15.536375235701325,0.4532549786293842,True,1952.5,0.0785437047932151,0.08175495276422576,False,5.729141258761961,69.0,True,True,5,True,False,True,True,True,True,True,False,6,False,False,,Cholamandalam Investment and Finance Company Ltd.,Financial Services,EQ,INE121A01024,HOLD,Stage 2 + RS 69; trend/leadership is adequate without a stronger entry trigger.
CIPLA,2026-08-24,1437.9000244140625,0.03729973074343551,0.09398492399960179,-0.03498026216886341,-0.08878099881921053,0.00896462489967978,1353.930147353917,0.25575719898802696,Stage 2 — Advancing,1436.2235298904718,1657.4505258313652,False,1154.8655900414417,0.9096043264475071,1.159682505042908,1337843725.163672,1437.3219995117188,False,6.2019356924915225,False,-13.246277822209972,True,True,True,True,False,False,False,False,1354.2218888346354,1387.620916748047,False,1.4088016001079087,2,0.4294730465142999,10.065717576504738,0.4740216361892684,True,1491.199951171875,0.061156656753072934,0.07009887918734235,False,3.706789474430394,44.0,True,False,4,True,False,False,True,True,False,True,False,4,False,False,,Cipla Ltd.,Healthcare,EQ,INE059A01026,WAIT,Stage 2 + RS 44; wait because relative strength is below 50 — the trend has turned up but the stock still lags most of the universe.
CUB,2026-08-24,212.1999969482422,0.14900020564573135,-0.011306874649459564,0.052068574945727475,0.3492582821049601,0.13760407873853817,201.63584837194992,0.4075892393705871,Stage 2 — Advancing,213.07245142319624,243.10249441139,False,143.77801388003246,0.4524301407848037,1.0336191025412858,918377885.6238495,213.38390594482422,True,5.239221428922192,False,-12.711715500069321,True,False,True,True,False,False,False,False,201.72864888509113,202.5092481994629,True,3.185336979431339,2,1.581157400349314,20.71480779534799,0.6894265932995035,False,243.10249441139,0.009025274466947045,0.010206822591184038,False,14.562911360778807,67.0,True,True,4,True,False,True,True,False,True,True,False,5,False,False,,City Union Bank Ltd.,Financial Services,EQ,INE491A01021,HOLD,Stage 2 + RS 67; trend/leadership is adequate without a stronger entry trigger.
CLEAN,2026-08-21,825.5,0.0851846808901231,0.1609591648574149,-0.09706036059925582,-0.2773077380963831,-0.008607914411595557,769.3787063072467,-0.3115155232831124,Stage 3 — Topping,777.3117627910539,1214.8916309826711,False,652.0,0.5569613050630414,4.201479812560738,448231971.85087585,777.4659985351562,False,7.294365340849662,False,-32.05155266957512,True,True,True,False,False,False,False,False,772.4140596516927,803.7901620483399,False,2.9021369159721924,2,0.6269054478072542,16.257024864824707,1.1443223990342366,False,854.4000244140625,0.03508242447363,0.051979235772796,False,3.5009114977665012,39.0,True,False,3,True,False,False,False,True,False,False,False,2,False,False,,Clean Science and Technology Ltd.,Chemicals,EQ,INE227W01023,SELL,Stage 3 + RS 39; RS below 50 in Stage 3 triggers SELL.
COALINDIA,2026-08-24,406.8999938964844,-0.09684401715422764,-0.04319326172860305,0.12142470310414799,0.14596516801253467,0.00610171501592487,435.15840232535584,-0.1660731353047784,Stage 4 — Declining,422.30392396216297,484.77379016140435,False,349.5720248388532,1.2663588488718356,1.40378309376771,3040689190.1424117,421.9860821533203,True,-6.493821164400593,False,-16.063945255578293,False,False,False,False,False,False,False,False,434.47985697428385,421.8121510314941,True,1.2902443938078856,2,0.6640007005853831,13.099862192065192,0.892765197190414,False,455.4653166002557,0.017306240237178618,0.02174036718334125,False,11.935444441448272,43.0,True,False,0,False,True,True,False,False,False,True,False,3,False,False,,Coal India Ltd.,Oil Gas & Consumable Fuels,EQ,INE522F01014,SELL,Stage 4 takes precedence: the guide requires SELL regardless of RS.
COCHINSHIP,2026-08-24,1514.0,-0.011813834524091904,0.01617556560240696,-0.08989279352778112,-0.10693522600910832,-0.04085602459653326,1484.575357515518,-0.06975480244767462,Stage 3 — Topping,1451.568625057445,1970.7277578579542,False,1187.0,0.615204342496531,1.533673461285063,1574145117.394568,1452.3639965820312,False,1.982024175163799,False,-23.17558861374064,True,True,False,False,False,False,False,False,1484.2874967447917,1521.0568524169921,False,2.5537845390566027,2,0.8959979725496507,12.533850703679079,0.686080666314544,False,1551.0,0.06439333524726998,0.08330900488476364,False,2.443857331571997,33.0,True,False,2,False,False,False,False,True,False,True,False,2,False,False,,Cochin Shipyard Ltd.,Capital Goods,EQ,INE704P01025,SELL,Stage 3 + RS 33; RS below 50 in Stage 3 triggers SELL.
COFORGE,2026-08-24,1873.0,0.35655111940371076,0.5522784637116995,0.0431191402536113,0.08162207331218263,0.278024383216983,1411.3135635166952,0.8456146614959748,Stage 2 — Advancing,1598.7254758348652,1975.809187899259,False,1003.4540055816377,0.4569989986017228,3.8258732916100557,5715354527.97157,1602.7792602539062,False,32.71324306788917,True,-5.203396589554732,True,True,True,True,False,False,False,False,1418.5537076822916,1508.9822686767577,True,2.232858371101794,2,0.8920418869168648,28.665715862072243,0.5515227025700421,False,1900.800048828125,0.07966229651131881,0.08240280897974114,False,1.4842524734717033,81.0,True,True,5,True,False,True,True,True,True,True,True,7,False,False,,Coforge Ltd.,Information Technology,EQ,INE591G01025,WAIT,"Stage 2 + RS 81; wait because price is more than 20% above the 30-week line (currently +33%) — the guide treats that as poor entry timing, not a failed trend."
COHANCE,2026-08-21,463.0,0.10264350257204535,0.5160445620602543,-0.2143220607656624,-0.48443849864319877,0.004514201559096778,395.2289653909617,0.4326045134921186,Stage 2 — Advancing,440.4156853170956,1038.9000244140625,False,266.70001220703125,1.101201506203922,5.2773132672162255,615269078.7049224,440.68499877929685,False,17.147284370212844,False,-55.43363277316977,True,True,True,True,False,False,False,False,395.47800008138023,434.9747499084473,False,4.4677579009360056,3,0.5351564408577686,17.047089446314605,1.260787153015368,False,486.29998779296875,0.019676756549110462,0.044437472717943474,False,5.032394771699522,42.0,True,False,4,True,False,False,True,True,True,False,False,4,False,False,,Cohance Lifesciences Ltd.,Healthcare,EQ,INE03QK01018,WAIT,Stage 2 + RS 42; wait because relative strength is below 50 — the trend has turned up but the stock still lags most of the universe.
COLPAL,2026-08-24,1879.0,-0.11857273628166887,-0.14986795222840898,-0.11849106394286057,-0.16421843173457185,-0.13394458409383583,2047.3655780112906,-0.5020946117697656,Stage 4 — Declining,2027.3039263556984,2448.345479475883,False,1761.237851420491,0.3328924042100076,0.7399307674319463,865396099.3670044,2026.696005859375,True,-8.223522941849627,False,-23.25429496158209,False,False,False,False,False,False,False,False,2049.398923339844,2063.4823974609376,False,1.5597204015362467,2,1.098928727009222,15.790182224170385,0.8887219959580968,False,2213.39990234375,0.0799174880644784,0.10560290135086939,False,17.796695175292697,15.0,True,False,0,False,False,False,False,False,False,True,False,1,False,False,,Colgate Palmolive (India) Ltd.,Fast Moving Consumer Goods,EQ,INE259A01022,SELL,Stage 4 takes precedence: the guide requires SELL regardless of RS.
CAMS,2026-08-24,752.0,0.0014575501128357704,0.06923813981170257,-0.02468655759880134,-0.020570396327876717,0.005379257222139211,739.2229718770067,0.5219009228115912,Stage 2 — Advancing,780.0585195503983,837.8765073351432,False,606.3175046422562,0.5616886590633157,1.049746051497146,1007426735.6281891,780.2419299316406,True,1.7284403500814394,False,-10.249303636435926,True,False,True,True,False,False,False,False,738.2109171549479,741.0110650634765,True,2.0913906869141012,3,0.8133885864225197,11.144681064780421,0.9341764991507361,False,829.0504862914582,0.031984007996002,0.03587820145273262,False,10.246075304715196,42.0,True,False,3,True,False,True,True,False,False,True,False,4,False,False,,Computer Age Management Services Ltd.,Financial Services,EQ,INE596I01020,WAIT,Stage 2 + RS 42; wait because the close is below its 50-session average — short-term timing has weakened even though the 30-week trend is intact.
CONCORDBIO,2026-08-24,1539.4000244140625,0.3427705244292214,0.43910173090270366,0.09698756434298605,-0.11830003737034434,0.22066606134675765,1213.8589272695044,1.2607277921210969,Stage 2 — Advancing,1355.767396216299,1745.9453623395727,False,981.1254498447715,0.8305675645494968,2.2868820105677803,329902703.8204163,1355.4430419921875,False,26.818692834169887,True,-11.83000008939219,True,True,True,True,False,False,False,False,1215.0113065592448,1255.8924551391601,False,3.5542609825811518,2,1.2781024242303807,23.343653250773993,0.6458578212878701,False,1615.0,0.06547364719402267,0.07430362198447751,False,4.911002623552174,76.0,True,True,5,True,False,False,True,True,True,True,True,6,False,False,,Concord Biotech Ltd.,Healthcare,EQ,INE338H01029,HOLD,Stage 2 + RS 76; trend/leadership is adequate without a stronger entry trigger.
CONCOR,2026-08-24,516.4000244140625,0.023875570898169052,0.02468574354619313,0.012638989991499816,-0.04345444997232917,0.00832428507234038,487.4589049456871,0.222391184256443,Stage 2 — Advancing,492.055981205959,561.4378970396333,False,420.16557890015895,0.7419228249713917,1.6825580483371025,952210967.2435181,492.73809936523435,False,5.937140377320627,False,-8.021879688394362,True,True,True,True,False,False,False,False,487.6854508463542,493.0760052490234,False,2.3507533640503757,1,1.3337650169072817,17.77022425436946,0.722254780340934,False,543.7000122070312,0.021963487380312504,0.02378637062412109,False,5.286596921436026,44.0,True,False,4,True,False,False,False,True,False,True,False,3,False,False,,Container Corporation of India Ltd.,Services,EQ,INE111A01025,WAIT,Stage 2 + RS 44; wait because relative strength is below 50 — the trend has turned up but the stock still lags most of the universe.
COROMANDEL,2026-08-24,1926.5999755859375,0.059951465504295864,-0.15428858611873686,-0.15859308693260088,-0.2009255219192887,-0.07878085279240694,2034.2129098552548,-0.7240182278393958,Stage 4 — Declining,2036.3348795572917,2486.7668094210435,False,1704.8401341065546,1.4596500090755589,1.2525003384072027,223792362.79902953,2037.3742163085938,True,-5.290150984096076,False,-22.525909213237462,False,False,True,False,False,False,False,False,2040.2294474283854,2101.052261352539,False,2.456582927848092,3,1.0439010789326737,10.866623233637338,0.35614266570836756,False,2129.89990234375,0.0819420066811674,0.10366836116236784,False,10.552264576666094,26.0,True,False,1,False,False,False,False,False,False,True,False,1,False,False,,Coromandel International Ltd.,Chemicals,EQ,INE169A01031,SELL,Stage 4 takes precedence: the guide requires SELL regardless of RS.
CRAFTSMAN,2026-08-24,10598.5,0.2194247025304643,0.3472269221344473,0.593308285600529,0.5552445091249056,0.38692582438416206,8496.935860048492,2.338873152508203,Stage 2 — Advancing,9715.745155484068,10960.0,False,6316.2925601072975,0.4309121897527196,2.5076682844255886,666633182.475,9723.54765625,False,24.733199997810917,True,-3.2983576642335755,True,True,True,True,False,False,False,False,8465.384212239584,8133.937570800781,True,3.0732111686963792,3,0.9193508405521196,18.38882281438914,0.45911926041761897,False,10960.0,0.45077461269365315,0.4639704426799793,False,3.4108600273623724,88.0,True,True,5,True,True,True,True,True,True,True,True,8,True,False,,Craftsman Automation Ltd.,Automobile and Auto Components,EQ,INE00LO01017,WAIT,"Stage 2 + RS 88; wait because price is more than 20% above the 30-week line (currently +25%) — the guide treats that as poor entry timing, not a failed trend."
CREDITACC,2026-08-21,1496.0999755859375,0.1605771498877826,0.16346523616224018,0.10072103394061349,0.07185837745314716,0.1314397894663132,1352.7475914264548,1.1442309615118829,Stage 2 — Advancing,1506.4588264016545,1634.0,False,1113.0,0.8880821483907307,2.3987455402504336,664394891.8582032,1510.3800024414063,True,10.597127288788544,False,-8.439413978828792,True,False,True,True,False,False,False,False,1351.8500048828125,1342.7565032958985,True,2.3742686076336614,2,0.5102791864891889,19.082010332198593,0.47871306394445184,True,1634.0,0.06358184663657582,0.06911154603932185,False,9.217300091195767,66.0,True,True,4,True,True,True,True,False,True,True,False,6,False,False,,CreditAccess Grameen Ltd.,Financial Services,EQ,INE741K01010,HOLD,Stage 2 + RS 66; trend/leadership is adequate without a stronger entry trigger.
CRIZAC,2026-08-21,172.83999633789062,-0.1552710237900935,-0.269638703589004,-0.33571903257141555,-0.4805018775738732,-0.27928033226289595,209.62898391197467,-1.892263781779946,Stage 4 — Declining,193.79745094448913,375.5949132544453,False,170.2899932861328,0.46060025484086525,1.4459706291584211,71287677.86913224,193.55419982910155,True,-17.549571098208496,False,-53.982338354832606,False,False,False,False,False,False,False,False,210.10419606526693,225.48172721862792,False,3.4557132265736,3,1.0727453426197324,23.29279581705729,0.6053483865507188,False,222.0,0.007345422310777144,0.01583708833733756,False,28.442492885735106,2.0,True,False,0,False,False,False,False,False,False,False,False,0,False,False,,Crizac Ltd.,Consumer Services,EQ,INE0S4R01014,SELL,Stage 4 takes precedence: the guide requires SELL regardless of RS.
CROMPTON,2026-08-24,246.0,-0.15535701861521323,-0.05133365250044841,-0.06194980263647876,-0.2138980094502766,-0.12757910036352604,257.25312481187797,0.1132042248790599,Stage 1 — Basing,259.2797821643306,333.48929694526095,False,214.8165151621269,1.457919653942436,0.523517521880797,1016460388.4377899,259.2076104736328,True,-4.374339406025507,False,-26.234514194805325,False,False,True,True,True,True,False,False,256.57667419433596,256.8539920806885,False,2.977641478925078,1,0.94675216181437,13.645200760357623,1.0659265532847026,False,278.15477433010466,0.010462853679543208,0.014580160055112338,False,13.071046475652292,16.0,True,False,2,False,False,False,True,False,False,False,False,1,False,False,1.0,Crompton Greaves Consumer Electricals Ltd.,Consumer Durables,EQ,INE299U01018,AVOID,Stage 1 + RS 16; weak RS in a basing stage is AVOID.
CUMMINSIND,2026-08-24,5190.0,-0.02240847357828668,0.06570692297619729,0.22280598881712899,0.34240120646772687,0.11721943422089597,5117.036109401755,1.6620884467112518,Stage 2 — Advancing,5501.683861825981,6049.821052103703,False,3729.269915688774,1.5054959055488317,0.44387210058778065,2594318277.975,5497.584189453125,True,1.4259014210234788,False,-14.212338591481434,True,False,True,True,True,True,False,False,5086.686604817708,4891.0115026855465,True,2.481420313790256,3,1.0748567058318113,13.250513468153521,0.956848903189962,False,5859.400675684677,0.2207406934830457,0.2602783675469366,False,12.897893558471619,63.0,True,True,4,True,True,True,True,False,True,True,False,6,False,False,,Cummins India Ltd.,Capital Goods,EQ,INE298A01020,REDUCE,Stage 2 + RS 63; distribution warning (U/D 0.44) triggers REDUCE.
CUPID,2026-08-24,286.4100036621094,1.3806001951136362,2.434996559086222,3.247011901710035,7.328777468748502,3.1543972639544062,144.25979394782078,10.139201413415066,Stage 2 — Advancing,223.18882212919348,299.0,False,32.86800003051758,0.4177136513623294,2.903573518360202,9219823068.161955,224.35599853515626,False,98.53764921202146,True,-4.210701116351379,True,True,True,True,False,False,False,False,142.56646611531576,126.43162961959838,True,6.038298451154576,1,1.0910303946893307,48.98996512626724,1.101524517614328,False,299.0,0.012181568945829611,0.012463384220206692,False,4.395794901334393,99.0,True,True,5,True,True,True,True,True,True,True,True,8,True,False,,Cupid Ltd.,Fast Moving Consumer Goods,EQ,INE509F01029,WAIT,"Stage 2 + RS 99; wait because price is more than 20% above the 30-week line (currently +99%) — the guide treats that as poor entry timing, not a failed trend."
CYIENT,2026-08-24,909.0499877929688,0.008151242637723266,-0.04320596658015152,-0.18696895837370586,-0.2511062290644622,-0.09299573374857462,903.0184940703928,-1.9771253738498307,Stage 3 — Topping,864.4186317593444,1267.736092444419,False,750.2999877929688,2.93471555798442,2.139037028622376,557814364.4347961,863.7670043945312,False,0.6679258245740671,False,-28.29343636969742,True,True,False,False,False,False,False,False,909.7640002441407,968.5604995727539,False,2.721050959346903,2,1.6303071636031645,12.87906792781836,1.5359095910336684,False,934.8499755859375,0.038663646380765734,0.053720097781193646,False,2.838126411024655,22.0,True,False,2,False,False,False,False,True,False,False,False,1,False,False,,Cyient Ltd.,Information Technology,EQ,INE136B01020,SELL,Stage 3 + RS 22; RS below 50 in Stage 3 triggers SELL.
DCBBANK,2026-08-24,199.74000549316406,0.11070259517687786,0.07449878818712685,0.08908180218274597,0.6486437112541219,0.2067258983955501,183.50222004929634,0.18198862026748142,Stage 2 — Advancing,188.12548947801778,206.0,False,118.51625759687853,1.7526555527879386,1.4531486762906647,321547774.1216965,188.1957992553711,False,8.848822340953454,False,-3.0388322848718174,True,True,True,True,False,False,False,False,183.50973409016927,181.48549751281737,True,3.377962381713367,1,2.880642611138439,13.446600460311743,1.790736561519752,False,206.0,0.00849532703831761,0.008675137385504768,False,3.1340714602364317,75.0,True,True,5,True,True,True,True,True,True,True,True,8,True,False,,DCB Bank Ltd.,Financial Services,EQ,INE503A01015,HOLD,Stage 2 + RS 75; trend/leadership is adequate without a stronger entry trigger.
DCMSHRIRAM,2026-08-21,1082.0999755859375,-0.020369040146404838,-0.005206734179033501,-0.14088511706102125,-0.13512349318450545,-0.06439068494347398,1081.7045730064656,-0.6552382868708739,Stage 3 — Topping,1029.0847347483916,1400.4767744012483,False,941.5197177909594,1.5896190971445083,6.445641435475891,255133886.3456421,1029.188299560547,False,0.03655365700940827,False,-22.73345796480115,True,True,False,False,False,False,False,False,1082.7468676757812,1116.3599029541015,False,2.4621445765894734,1,2.2967896787508395,18.081254691695754,1.2048368761592176,False,1183.0014875578156,0.04598751140691764,0.058268572315660974,False,9.32460163093911,28.0,True,False,2,False,False,False,False,True,False,True,False,2,False,False,,DCM Shriram Ltd.,Diversified,EQ,INE499A01024,SELL,Stage 3 + RS 28; RS below 50 in Stage 3 triggers SELL.
DLF,2026-08-24,689.0,0.1891091669339604,0.14060376569993105,-0.02793602719435817,-0.08510867467717642,0.08115547953926347,605.0342467843669,0.4664399163850197,Stage 2 — Advancing,647.3982292624081,784.9450504063134,False,483.3317854758361,1.176078277466121,1.8978568923720827,2294641136.753812,648.2095678710938,False,13.877851321953072,False,-12.223155029342381,True,True,True,True,False,False,False,False,605.2658616129557,628.5295545959473,False,2.2776287916461486,2,1.196906419139893,12.757154669372877,0.71943330567694,False,689.0,0.0293044966878263,0.033248528927758286,False,0.0,57.0,True,True,5,True,False,False,True,True,True,True,False,5,False,False,,DLF Ltd.,Realty,EQ,INE271C01023,HOLD,Stage 2 + RS 57; trend/leadership is adequate without a stronger entry trigger.
DOMS,2026-08-21,2206.300048828125,-0.014780680074596209,-0.04613054525372895,-0.12420606081633023,-0.1176434404681086,-0.06350828133747205,2282.652082655165,-0.7834648958113144,Stage 4 — Declining,2271.38236730239,2766.640003932077,False,2023.9000244140625,0.05752433239302234,0.692239802332134,109847003.74094239,2270.9900146484374,True,-3.3448826655277153,False,-20.253446574457502,False,False,False,False,True,False,False,False,2290.581331380208,2356.5264978027344,False,1.7961537035776787,3,0.4535043910963166,9.488139825218477,0.11411958073018243,False,2403.0,0.0937642093630271,0.11783415960117295,False,8.915376277870823,29.0,True,False,0,False,False,False,False,False,False,True,False,1,False,False,,DOMS Industries Ltd.,Fast Moving Consumer Goods,EQ,INE321T01012,SELL,Stage 4 takes precedence: the guide requires SELL regardless of RS.
DABUR,2026-08-24,398.45001220703125,-0.10515638127996041,-0.22088755402177918,-0.21229669057353995,-0.21358695481953183,-0.17141679239495436,444.8189651280233,-1.5036607090147203,Stage 4 — Declining,421.3841911764706,566.6192163890048,False,395.6499938964844,0.42538755147206125,0.36565512473566497,878568412.3457505,421.33879821777344,True,-10.424230205123253,False,-29.679403613187606,False,False,False,False,True,True,False,False,446.51062662760415,460.7814125061035,False,1.2441075740903182,2,0.9648125833779944,12.109023080837078,0.546245439976243,False,450.15996836669655,0.016946846245261677,0.02378460666138807,False,12.977777531801715,9.0,True,False,0,False,False,False,False,False,False,False,False,0,False,False,,Dabur India Ltd.,Fast Moving Consumer Goods,EQ,INE016A01026,SELL,Stage 4 takes precedence: the guide requires SELL regardless of RS.
DALBHARAT,2026-08-24,1853.0,0.03499140767181319,-0.10194707609649556,-0.08125838712106193,-0.19965573089223676,-0.06257567575323358,1865.512414129849,-0.9913487625258344,Stage 4 — Declining,1792.1565324371936,2484.339731207416,False,1600.3099946947705,1.4041800260531836,1.2438085596888815,337996165.1741455,1793.7121484375,False,-0.6707226408721234,False,-25.41277761961236,False,True,False,False,False,False,False,False,1875.6965771484374,1918.8905755615235,False,2.059209287033334,1,1.1075090261956737,13.189611657873376,0.8315476571993266,False,1925.0,0.07881165800078684,0.10639715529826459,False,3.8855909336211525,29.0,True,False,1,False,False,False,False,True,False,False,False,1,False,False,,Dalmia Bharat Ltd.,Construction Materials,EQ,INE00R701025,SELL,Stage 4 takes precedence: the guide requires SELL regardless of RS.
DATAPATTNS,2026-08-24,4736.2001953125,0.19568845286308556,0.5322737558410628,0.6138054302026521,0.832210334360973,0.47393328522617184,3822.682715847068,3.791352731992803,Stage 2 — Advancing,4490.101825788909,5000.0,False,2126.3648658097904,0.7172796423828365,1.3922342797480718,4040865125.1352053,4491.586381835938,False,23.897287516916133,True,-5.275996093750002,True,True,True,True,False,False,False,False,3782.2417903645833,3521.055518798828,True,3.525731460846821,2,1.0927783607276176,22.189615223228838,0.806225793015394,False,5000.0,0.20143971398609206,0.20948688998766382,False,5.569861783895602,91.0,True,True,5,True,True,True,True,True,True,True,True,8,True,False,,Data Patterns (India) Ltd.,Capital Goods,EQ,INE0IX101010,WAIT,"Stage 2 + RS 91; wait because price is more than 20% above the 30-week line (currently +24%) — the guide treats that as poor entry timing, not a failed trend."
DATAMATICS,2026-08-24,812.1500244140625,0.034783779929079994,0.017987010329232556,-0.045483871754505634,-0.1669464533701558,-0.02497515098745378,772.8178071322507,1.2139616986745372,Stage 2 — Advancing,834.6294112859988,1048.3088482473406,False,632.0,0.24006047600183444,1.1301370262220745,93668645.25400086,835.4709997558593,True,5.08945535659493,False,-22.527599974769863,True,False,True,True,False,False,False,False,770.2163321940104,783.8007485961914,False,3.1692780786779053,2,1.8700628453004062,15.626362985515389,0.7233666041816118,False,918.0,0.03454230435480398,0.04473564541610621,False,13.033303257277428,36.0,True,False,3,True,False,False,True,False,False,True,False,3,False,False,,Datamatics Global Services Ltd.,Information Technology,EQ,INE365B01017,WAIT,Stage 2 + RS 36; wait because the close is below its 50-session average — short-term timing has weakened even though the 30-week trend is intact.
DEEPAKFERT,2026-08-24,1466.0999755859375,0.001492613107761498,0.48471124425800904,0.08210539270959738,-0.027747857170958956,0.10841080120243408,1286.6547926811322,1.466305526697953,Stage 2 — Advancing,1544.368116191789,1669.6119086916185,False,860.5304973022847,0.671493947848882,1.1654526252779394,748793676.631897,1545.2938403320313,True,13.946645512498135,False,-12.18917594239981,True,False,True,True,False,False,False,False,1283.2823071289063,1284.1704162597657,True,2.976957017104356,2,0.9872825102071328,14.51517006271781,0.6219379016172998,False,1669.6119086916185,0.06235605497616883,0.07105261893092586,False,13.881177033943137,62.0,True,True,4,True,False,True,True,False,True,True,False,5,False,False,,Deepak Fertilisers & Petrochemicals Corp. Ltd.,Chemicals,EQ,INE501A01019,HOLD,Stage 2 + RS 62; trend/leadership is adequate without a stronger entry trigger.
DEEPAKNTR,2026-08-21,1747.0999755859375,-0.016927355310916492,0.09418927471130845,0.037403667411943564,-0.030771205075227015,0.013393405285238403,1624.765283372667,0.7974433371984446,Stage 2 — Advancing,1669.3481564989277,1895.7415042243763,False,1274.1803312746065,0.9427130986190742,2.774817009139491,912286230.6065369,1669.48896484375,False,7.529376302239155,False,-7.840812067848568,True,True,True,True,False,False,False,False,1622.4245288085938,1625.0662860107423,False,3.1975446276510064,1,1.2542955357647534,17.5026719824831,1.414647651366783,False,1851.0,0.0742489435994845,0.08258170646011946,False,5.9469993627134565,45.0,True,False,4,True,False,False,True,True,True,True,False,5,False,False,,Deepak Nitrite Ltd.,Chemicals,EQ,INE288B01029,WAIT,Stage 2 + RS 45; wait because relative strength is below 50 — the trend has turned up but the stock still lags most of the universe.
DELHIVERY,2026-08-24,444.75,-0.006367305774469756,0.01831711505437883,0.09584820330534272,-0.060916397237566366,0.008102861914643135,453.8174660042541,0.8648660426275656,Stage 1 — Basing,477.1647057626762,524.0,False,374.45001220703125,0.3992084104210456,0.9959873154067643,1706213040.9828842,477.63700012207033,True,-1.9980425354913622,False,-15.12404580152672,False,False,True,True,False,False,False,False,452.08033365885416,442.3097505187988,False,2.558419951988226,1,1.0926981380311773,15.801524387971137,0.5001121270348826,False,524.0,0.018916073877954638,0.022340741933881553,False,17.81899943788645,44.0,True,False,2,False,True,False,True,False,False,True,False,3,False,False,2.0,Delhivery Ltd.,Services,EQ,INE148O01028,AVOID,Stage 1 + RS 44; weak RS in a basing stage is AVOID.
DEVYANI,2026-08-24,149.1199951171875,0.3034964434284071,0.1516836579990033,0.07411937729897122,-0.12932801192692567,0.1406935820455726,117.45328762106699,0.8614412304931873,Stage 2 — Advancing,120.78588164086436,191.0,False,91.55000305175781,1.0413153166762934,4.269953351751302,1136926023.2736344,120.97359924316406,False,26.961107805074857,True,-21.92670412712696,True,True,True,True,False,False,False,False,117.65413324991862,122.89759986877442,False,4.059529963676176,2,1.1616660676832404,28.428093645484946,1.569085300588938,False,149.5,0.006342360526850936,0.008176550772423043,False,0.2548316089427738,67.0,True,True,5,True,False,False,False,True,True,True,False,4,False,False,,Devyani International Ltd.,Consumer Services,EQ,INE872J01023,HOLD,Stage 2 + RS 67; trend/leadership is adequate without a stronger entry trigger.
DIACABS,2026-08-24,353.20001220703125,0.8253230605014534,1.6660629800549605,1.509413941080151,1.4110860738790354,1.2474418232034108,195.27082218535958,8.620168777111692,Stage 2 — Advancing,274.54196137072995,379.0,False,115.56999969482422,0.12461443845437288,0.8982358649852533,1030164189.856601,275.7260006713867,False,80.87700366814576,True,-6.8073846419442585,True,True,True,True,False,False,False,False,193.5077335611979,180.6583000946045,True,5.274227659298136,2,1.0131832656243929,47.88918205804749,0.15430015234671535,False,379.0,0.0150222766151831,0.015675857862155095,False,7.30463955302636,98.0,True,True,5,True,True,True,True,True,True,True,True,8,True,False,,Diamond Power Infrastructure Ltd.,Capital Goods,BE,INE989C01038,WAIT,"Stage 2 + RS 98; wait because price is more than 20% above the 30-week line (currently +81%) — the guide treats that as poor entry timing, not a failed trend."
DBL,2026-08-21,414.6000061035156,-0.04216241132646659,-0.07445028506462481,-0.035813939294149666,-0.1431367562671183,-0.0675451606557652,437.6041673024495,-0.6429643889343417,Stage 4 — Declining,430.5058839087393,585.0,False,381.54998779296875,0.1058931639793093,1.0527173704563428,247241855.5265274,430.50600158691407,True,-5.25684235155709,False,-29.128204084869125,False,False,False,False,False,False,False,False,438.66633382161456,444.6127505493164,False,3.6903040633604722,1,1.0721589004164307,19.62292437722477,0.6125778559821844,False,474.70001220703125,0.017619834525612502,0.024544470995444663,False,14.49590092106996,27.0,True,False,0,False,False,False,False,False,False,False,False,0,False,False,,Dilip Buildcon Ltd.,Construction,EQ,INE917M01012,SELL,Stage 4 takes precedence: the guide requires SELL regardless of RS.
DIVISLAB,2026-08-24,8496.0,0.23871567402680727,0.36376549527062063,0.3415685993614834,0.386821890412125,0.31391746661956876,6724.297891971983,2.416960898862741,Stage 2 — Advancing,7457.5101007199755,8674.0,True,5613.352076705792,0.572845359480871,2.8874993818029773,4306164736.8,7475.033095703125,False,26.34776353592574,True,-2.0521097532856802,True,True,True,True,False,False,False,False,6702.453743489584,6635.51662109375,True,1.6154661016949152,1,0.8674562127326982,25.020973689570987,0.7365471858524285,False,8674.0,0.36135123927398005,0.3660278406051112,False,2.0951035781544336,85.0,True,True,5,True,True,True,True,True,True,True,True,8,True,False,,Divi's Laboratories Ltd.,Healthcare,EQ,INE361B01024,WAIT,"Stage 2 + RS 85; wait because price is more than 20% above the 30-week line (currently +26%) — the guide treats that as poor entry timing, not a failed trend."
DIXON,2026-08-24,14570.0,0.24296195188534386,0.3843230403800475,-0.006748926307178382,-0.13712879114818577,0.14527384533907423,11809.246575342466,1.9245594916605935,Stage 2 — Advancing,13471.70588235294,18471.0,False,9600.0,1.3413839853635032,1.2007161151587917,5630058742.4,13502.0,False,23.377896354725515,True,-21.119592875318062,True,True,True,True,False,False,False,False,11779.233333333334,12188.235,False,2.4306304539660752,2,0.9563408530347365,21.893333333333334,0.7402653105090111,False,15000.0,0.6196901549225388,0.7906212945289612,False,2.951269732326689,68.0,True,True,5,True,False,False,True,True,True,True,False,5,False,False,,Dixon Technologies (India) Ltd.,Consumer Durables,EQ,INE935N01020,HOLD,Stage 2 + RS 68; trend/leadership is adequate without a stronger entry trigger.
AGARWALEYE,2026-08-21,500.20001220703125,0.0397006981109993,0.12177622573180069,0.013063315862341662,0.09873698452944812,0.06259558446911782,461.4940986633301,0.4616443077741117,Stage 2 — Advancing,487.2637263279335,568.0,False,401.0,0.40556140302553456,0.04930424646727862,1376695943.580342,488.2140008544922,False,8.387087430978823,False,-11.936617569184637,True,True,True,True,True,True,False,False,462.1600012207031,473.16375061035154,False,4.490347654770285,2,1.2414618743697863,23.029502421840597,54.72604417061791,False,567.75,0.021257697334902452,0.023615183743404156,False,13.50459539073543,54.0,True,True,5,True,False,False,True,True,False,True,False,4,False,False,,Dr. Agarwal's Health Care Ltd.,Healthcare,EQ,INE943P01029,REDUCE,Stage 2 + RS 54; distribution warning (U/D 0.05) triggers REDUCE.
LALPATHLAB,2026-08-21,1894.199951171875,0.1326938382138323,0.35764960249431255,0.2148050828443122,0.13074936688457073,0.19371834573017205,1556.753947501347,2.3958518000390283,Stage 2 — Advancing,1760.5915934244792,1988.9000244140625,False,1266.16157090969,0.1812237428513939,2.3382171640653033,827290766.9968323,1763.9354736328125,False,21.676258101811307,True,-4.761429537921924,True,True,True,True,False,False,False,False,1551.010467936198,1532.2865106201173,True,2.5250011042984117,2,0.4590556711226043,21.001039165406393,0.4012185111839351,True,1988.9000244140625,0.0805004563597104,0.0832019501530057,False,4.999476068173259,74.0,True,True,5,True,True,True,True,True,True,True,True,8,True,False,,Dr. Lal Path Labs Ltd.,Healthcare,EQ,INE600L01024,HOLD,Stage 2 + RS 74; trend/leadership is adequate without a stronger entry trigger.
DRREDDY,2026-08-21,1174.699951171875,-0.10341331467948733,-0.07673421831733052,-0.04964262626194793,-0.0739859222533017,-0.08143787923831097,1257.0950776198815,0.03629081805838208,Stage 1 — Basing,1235.440487132353,1405.9838095385528,False,1101.0,0.5589304065123984,0.8489693913670924,1998687911.5546875,1234.802041015625,True,-6.554406895300968,False,-16.44996598094438,False,False,False,True,False,False,False,False,1254.1720418294271,1250.7448822021483,False,1.7396553017715006,3,0.5681468977636948,21.69184363784738,0.8803827559186703,False,1405.9838095385528,0.04992286167918128,0.060745760945246224,False,19.688760362673907,25.0,True,False,1,False,True,False,False,False,False,True,False,2,False,False,3.0,Dr. Reddy's Laboratories Ltd.,Healthcare,EQ,INE089A01031,AVOID,Stage 1 + RS 25; weak RS in a basing stage is AVOID.
DYNAMATECH,2026-08-21,11588.0,0.06020459629110597,0.16471227971676528,0.2578300399966249,0.7704286303627286,0.26267602853166616,10354.919389512805,1.7050785435164695,Stage 2 — Advancing,10670.35560278799,12871.42671066004,False,6314.990438468805,0.8265777623299819,0.9283776801859984,231603444.85219726,10680.39916015625,False,11.908162334281691,False,-9.971130159154107,True,True,True,True,False,False,False,False,10283.031064453126,10009.978049316407,True,4.942101814062057,1,1.7007354588332126,20.382894288906055,2.2169105954594386,False,12271.593489303015,0.4924713928533306,0.5439435572953258,False,5.899149890429878,80.0,True,True,5,True,True,True,True,True,True,True,True,8,True,False,,Dynamatic Technologies Ltd.,Capital Goods,EQ,INE221B01012,HOLD,Stage 2 + RS 80; trend/leadership is adequate without a stronger entry trigger.
EIDPARRY,2026-08-24,823.9500122070312,0.057770074195774956,-0.04965396515913356,-0.189822996846577,-0.3005517723200074,-0.08489771718683362,805.6889665274784,-1.0737594709878229,Stage 3 — Topping,760.524512197457,1196.4000244140625,False,698.2000122070312,12.916498601872659,1.8828984378946283,655923851.4342254,761.222001953125,False,2.266513063751874,False,-31.130893063082212,True,True,False,False,False,False,False,False,809.4526676432291,861.9220013427735,False,3.520497685967959,1,2.1135955528599735,19.320546278033397,3.607198953181726,False,865.4000244140625,0.0350441805568293,0.050989069252735664,False,5.03064647040945,24.0,True,False,2,False,False,False,False,True,False,False,False,1,False,False,,E.I.D. Parry (India) Ltd.,Fast Moving Consumer Goods,EQ,INE126A01031,SELL,Stage 3 + RS 24; RS below 50 in Stage 3 triggers SELL.
EIHOTEL,2026-08-21,302.75,-0.04812570079567591,-0.06881863588219816,-0.1879202827725197,-0.24403713628308743,-0.11940549130583143,317.1362393083244,-0.8261273808931269,Stage 4 — Declining,320.1906983618643,432.8358310681578,False,269.9251049923642,0.2811908735261369,0.3964715361499104,60534741.540519714,320.7122052001953,True,-4.536296242807458,False,-30.054311988711824,False,False,True,False,True,True,False,False,317.63811665852865,330.33561767578124,False,2.144626492780096,3,0.5353110998261332,16.262410593012397,0.6500657027340673,False,351.15649957846927,0.012866388866615968,0.018194300811286177,False,15.988934625423369,17.0,True,False,1,False,False,False,False,False,False,False,False,0,False,False,,EIH Ltd.,Consumer Services,EQ,INE230A01023,SELL,Stage 4 takes precedence: the guide requires SELL regardless of RS.
EPL,2026-08-21,265.6099853515625,0.2374097037228602,0.24875406282302515,0.3352603448446472,0.14594682988027774,0.2409561289987341,221.44330991547685,1.2431838788898197,Stage 2 — Advancing,235.44352961521523,274.0299987792969,False,176.39999389648438,3.6502204335801856,3.4316970962187776,523653400.0802269,235.65640014648437,False,19.944912967993346,False,-3.072661192293702,True,True,True,True,False,False,False,False,220.957199605306,217.10251251220703,True,3.6280358776845247,2,3.259941698211549,19.264311761957767,8.157824505973773,False,274.0299987792969,0.011287997880724604,0.011487287434284467,False,3.1700665984336407,78.0,True,True,5,True,True,True,True,True,True,True,True,8,True,False,,EPL Ltd.,Capital Goods,EQ,INE255A01020,HOLD,Stage 2 + RS 78; trend/leadership is adequate without a stronger entry trigger.
EDELWEISS,2026-08-21,128.67999267578125,0.1759114714147998,0.06259285133913517,0.1521173772315756,0.3455124214844578,0.18240911857695363,115.68565515978582,1.0131776786895808,Stage 2 — Advancing,120.49921536913105,133.89999389648438,False,92.28075643341008,2.6902285594671085,3.788976571362959,511801921.5847843,120.71059967041016,False,11.232453581256507,False,-3.898432754775638,True,True,True,True,False,False,False,False,115.35313329060872,113.8460498046875,True,3.6941027138339613,2,0.696721555352083,16.35548535828527,1.2341766212606033,False,133.89999389648438,0.005468693063979838,0.005600586409379561,False,4.056575627770909,72.0,True,True,5,True,True,True,True,True,True,True,True,8,True,False,,Edelweiss Financial Services Ltd.,Financial Services,EQ,INE532F01054,HOLD,Stage 2 + RS 72; trend/leadership is adequate without a stronger entry trigger.
EICHERMOT,2026-08-24,8047.0,0.16468767067215007,0.02550978182991659,0.12024067398831373,0.3724815396605192,0.16952146736460993,7328.307914838399,0.7745916286075571,Stage 2 — Advancing,7632.478620940564,8165.0,True,5819.063605265629,0.3593864040783539,1.7558115646490453,3820008540.1007323,7634.21849609375,False,9.807067245446799,False,-1.4451928965094951,True,True,True,True,False,False,False,False,7322.144485677083,7268.038349609375,True,1.4473006799339594,2,0.5590960181336296,15.853613920013121,0.5574292842858485,True,8165.0,0.3422544047125374,0.3456563969310404,False,1.466384988194358,71.0,True,True,5,True,True,True,True,True,True,True,True,8,True,False,,Eicher Motors Ltd.,Automobile and Auto Components,EQ,INE066A01021,HOLD,Stage 2 + RS 71; trend/leadership is adequate without a stronger entry trigger.
ELECON,2026-08-21,451.54998779296875,-0.10178276488211302,0.07485457229020076,-0.1195951672546588,-0.19650033967003944,-0.08896129287974472,460.93524590853986,0.7085490454466825,Stage 1 — Basing,479.3803902420343,632.5129117162858,False,351.0001816860465,0.7721750292107294,2.1821967217253158,202742026.62312317,478.23099853515623,True,-2.0361337517316613,False,-28.61015491878024,False,False,True,True,False,False,False,False,458.2715596516927,465.6557907104492,False,3.2617806486196006,2,0.6636936255633452,28.32465171813965,0.6386183199326273,False,576.0,0.019190149415887793,0.026697904217631175,False,27.56062796398311,23.0,True,False,2,False,False,False,True,False,False,False,False,1,False,False,3.0,Elecon Engineering Co. Ltd.,Capital Goods,EQ,INE205B01031,AVOID,Stage 1 + RS 23; weak RS in a basing stage is AVOID.
EMIL,2026-08-21,186.7100067138672,0.6102631447003046,0.8491631618954931,0.4939190406375433,0.41693861015445344,0.5961094204176198,116.72668988458041,5.9810185263357685,Stage 2 — Advancing,140.55254962397558,196.74000549316406,False,84.9000015258789,0.317211745034217,10.5958320161,2625378606.568991,141.2536006164551,False,59.95485428267213,True,-5.098098251118211,True,True,True,True,False,False,False,False,115.87666687011719,115.47480018615722,True,5.560953785602608,2,0.8890062228182584,45.60841763321561,6.53984665592532,False,196.74000549316406,0.00793487548032731,0.008178705921861302,False,5.371966374929138,95.0,True,True,5,True,True,True,True,True,True,True,True,8,True,False,,Electronics Mart India Ltd.,Consumer Services,EQ,INE02YR01019,WAIT,"Stage 2 + RS 95; wait because price is more than 20% above the 30-week line (currently +60%) — the guide treats that as poor entry timing, not a failed trend."
ELECTCAST,2026-08-24,74.52999877929688,-0.03414476820127388,0.08719583978923828,0.042872687982821844,-0.2692013518374109,-0.04148447209357971,75.13725110929306,-0.023272869054302703,Stage 4 — Declining,74.31084756290211,103.1102280319285,False,59.40690087106614,1.1142386934032094,1.495075464864642,85824047.36240348,74.25258392333984,False,-0.8081907722614079,False,-27.718132136980277,False,True,False,False,False,False,False,False,75.09077593485515,74.88389848709106,False,3.215289371017331,3,0.6572194524133855,18.90820900252027,0.6147026547761794,False,84.67088669674023,0.0031699043575785244,0.004376969609681712,False,13.606451205605419,33.0,True,False,1,False,True,False,False,True,False,False,False,2,False,False,,Electrosteel Castings Ltd.,Capital Goods,EQ,INE086A01029,SELL,Stage 4 takes precedence: the guide requires SELL regardless of RS.
ELGIEQUIP,2026-08-21,634.3499755859375,0.12320864572779477,0.19738577663501,0.2933710996265806,0.260998424842416,0.19963451851191924,545.864584666285,2.240008842092256,Stage 2 — Advancing,592.1211499980851,644.0,True,406.3547440834414,1.4107434655298108,3.536134523055316,453019173.7416687,591.9426391601562,False,16.210135884479126,False,-1.4984509959724335,True,True,True,True,False,False,False,False,541.8758382161458,526.0958966064453,True,2.9608495013149403,2,2.221136431260073,12.612539019061908,3.432807742342814,False,644.0,0.02695885537049386,0.027525560447934694,False,1.5212461236636665,74.0,True,True,5,True,True,True,True,True,True,True,True,8,True,False,,Elgi Equipments Ltd.,Capital Goods,EQ,INE285A01027,HOLD,Stage 2 + RS 74; trend/leadership is adequate without a stronger entry trigger.
ELLEN,2026-08-24,321.3999938964844,0.13749781554399498,0.3490031223357162,-0.17915973971010835,-0.390595413313533,0.010848720080012947,261.3633109257139,1.5230945408057917,Stage 2 — Advancing,286.7117659624885,559.7999877929688,False,175.0,0.9668996850461623,3.215180882584572,261641409.12866515,286.85900115966797,False,22.970585564641244,True,-42.58663792337416,True,True,True,True,False,False,False,False,261.3522004191081,287.58314994812014,False,5.067117173300116,2,1.3441253227674772,26.73353945156556,2.0397643235941922,False,343.95001220703125,0.013669760604654455,0.024094627746578088,False,7.01618504629149,45.0,True,False,4,True,False,False,False,True,True,False,False,3,False,False,,Ellenbarrie Industrial Gases Ltd.,Chemicals,EQ,INE236E01022,WAIT,"Stage 2 + RS 45; wait because price is more than 20% above the 30-week line (currently +23%) — the guide treats that as poor entry timing, not a failed trend."
EMAMILTD,2026-08-21,402.6000061035156,-0.0313965788153453,-0.16055045667238899,-0.20626725558676695,-0.3369916469090226,-0.15332050335977382,428.8773557465652,-1.4859133972464966,Stage 4 — Declining,406.8794112859988,613.1157264739375,False,376.3999938964844,0.6932181406501884,2.0003640918889976,255194690.2126297,407.20099975585936,True,-6.127007940838336,False,-34.33539726359809,False,False,False,False,False,False,False,False,431.000087483724,452.07440841674804,False,2.4040183361457577,3,0.7470735725384599,10.448278668283045,0.8292008859688031,False,435.0,0.017109853794318064,0.026448912288708135,False,8.047688376873442,12.0,True,False,0,False,False,False,False,False,False,False,False,0,False,False,,Emami Ltd.,Fast Moving Consumer Goods,EQ,INE548C01032,SELL,Stage 4 takes precedence: the guide requires SELL regardless of RS.
EMBDL,2026-08-21,64.87000274658203,0.0041796327993584015,0.06466440869312717,-0.18052046809552358,-0.34804017340118565,-0.09110739344097304,58.955379144076645,-0.4275942384220355,Stage 3 — Topping,62.79588243073108,105.69999694824219,False,39.459999084472656,1.8326267744880056,0.6749283766094963,153904335.94813555,62.87060005187988,False,10.032373107212278,False,-38.628188628665015,True,True,True,False,True,False,False,False,59.1301331837972,62.437049884796146,False,3.591797872818911,2,1.1706181118767167,14.080458982631178,1.273501472617539,False,69.5999984741211,0.002756870953314518,0.004430904394068202,False,7.291499194191542,22.0,True,False,3,True,False,False,True,True,True,False,False,4,False,False,,Embassy Developments Ltd.,Realty,EQ,INE069I01010,SELL,Stage 3 + RS 22; RS below 50 in Stage 3 triggers SELL.
EMCURE,2026-08-21,1863.0,0.06365972023979438,0.29563945223463195,0.37531377054259285,0.2673469387755103,0.2131239204064648,1683.6841333849677,1.5970263356715364,Stage 2 — Advancing,1864.9274399701287,2048.0,False,1260.0,0.6856848014176306,1.3484972192071618,312882286.94264525,1867.5019897460938,True,10.650208258156258,False,-9.033203125,True,False,True,True,False,False,False,False,1679.2953295898437,1613.999496459961,True,2.776628308076451,2,0.7110614009092565,17.919921875,0.7651469381162324,False,2048.0,0.07917450853346175,0.08494342355332686,False,9.930220075147611,76.0,True,True,4,True,True,True,True,False,True,True,True,7,False,False,,Emcure Pharmaceuticals Ltd.,Healthcare,EQ,INE168P01015,HOLD,Stage 2 + RS 76; trend/leadership is adequate without a stronger entry trigger.
EMMVEE,2026-08-24,325.25,,,,,,273.9510962081282,2.701001188890384,Stage 2 — Advancing,331.07843316770067,,False,,0.4141885242576404,1.2933823462940652,607574710.9607742,330.9650018310547,True,18.725569819548603,False,,True,False,True,True,False,False,False,False,272.09753367106117,,False,2.997693411275324,2,1.2524723497236443,17.64230653924657,0.5922098072492589,False,371.54998779296875,0.01383350877752613,,False,14.235199936347032,,True,False,3,False,False,False,False,False,False,False,False,0,False,False,,Emmvee Photovoltaic Power Ltd.,Capital Goods,EQ,INE1C6T01020,WAIT,Stage 2 + RS unavailable; wait because the close is below its 50-session average — short-term timing has weakened even though the 30-week trend is intact.
ENDURANCE,2026-08-21,3029.5,0.15973113014146412,0.23396669328745445,0.1231630234049923,0.061215672406693455,0.1475615298764137,2561.249542025862,1.2970454259999098,Stage 2 — Advancing,2753.5622223498776,3072.0,True,2134.0128277243602,1.8989286440185424,2.751455307835097,471919939.1763428,2758.78671875,False,18.282109973703207,False,-1.383463541666663,True,True,True,True,False,False,True,True,2558.145784505208,2577.839793701172,False,2.7623614028643932,2,0.6681345234362729,17.948541758985556,1.4546606915616338,False,3072.0,0.12874888545470875,0.13126067327946206,False,1.4028717610166774,68.0,True,True,5,True,False,False,True,True,True,True,False,5,False,False,,Endurance Technologies Ltd.,Automobile and Auto Components,EQ,INE913H01037,WAIT,"Stage 2 + RS 68; wait because a breakout without leadership is not an entry: RS needs 80, short by 12."
ENGINERSIN,2026-08-24,254.8300018310547,0.1797685269956235,0.18979257882637945,0.294841471549917,0.3608309275107946,0.2410004063756676,223.59503152925674,1.6417912931118828,Stage 2 — Advancing,238.01509842218138,267.0,False,162.352472800208,2.0868244684488473,3.889532397094431,609538795.5394623,238.05400024414064,False,13.969438447790793,False,-4.558051748668657,True,True,True,True,False,False,False,False,222.40489583333334,215.81106773376465,True,3.6898552453050426,2,0.64150150763661,17.1924519089033,0.9853594100971569,False,265.0,0.010838410659821352,0.011462611268006143,False,3.9908951441627094,78.0,True,True,5,True,True,True,True,True,True,True,True,8,True,False,,Engineers India Ltd.,Construction,EQ,INE510A01028,HOLD,Stage 2 + RS 78; trend/leadership is adequate without a stronger entry trigger.
ENTERO,2026-08-24,1529.800048828125,0.12950385502978978,0.48769811940738617,0.43764691657450117,0.2442456680179952,0.2857196828118924,1189.9055201037177,1.4109614039652607,Stage 2 — Advancing,1243.694118125766,1575.0,True,944.0,8.86990288181112,4.788989226645563,341588025.8548584,1246.12,False,28.564833340279037,True,-2.8698381696428577,True,True,True,True,False,False,True,True,1189.0500040690104,1159.3240029907226,True,4.49405250648807,2,1.4902558399916932,31.301587301587304,2.2427269656921314,False,1575.0,0.06506534174734441,0.06506534174734441,True,2.9546313066534102,83.0,True,True,5,True,True,True,True,True,True,True,True,8,True,False,,Entero Healthcare Solutions Ltd.,Consumer Services,EQ,INE010601016,WAIT,"Stage 2 + RS 83; wait because price is more than 20% above the 30-week line (currently +29%) — the guide treats that as poor entry timing, not a failed trend."
EIEL,2026-08-21,194.72999572753906,0.04039107566678424,0.21002923376659344,-0.08491544673438611,-0.25031762953786696,-0.008884338234418233,192.3332410088901,0.7031954357053172,Stage 2 — Advancing,216.2703914268344,276.1000061035156,False,134.7100067138672,0.4921688001471584,0.35989108736188224,191837149.7653328,216.88499938964844,True,1.2461468990366376,False,-29.4712091913063,True,False,True,True,True,True,False,False,191.83633290608725,195.9704997253418,False,3.6438737070464904,3,0.5751189861721049,23.965236357661585,0.3573895610223159,True,247.39999389648438,0.00827571213550779,0.011667456424160429,False,27.047706734734266,39.0,True,False,3,False,False,False,True,False,True,False,False,2,False,False,,Enviro Infra Engineers Ltd.,Utilities,EQ,INE0LLY01014,REDUCE,Stage 2 + RS 39; distribution warning (U/D 0.36) triggers REDUCE.
EQUITASBNK,2026-08-21,76.5999984741211,0.11078885572909902,0.13582437279229498,0.19724912507312053,0.3947560274580417,0.18988144735633106,69.40972403164568,0.7159103775832287,Stage 2 — Advancing,76.972744511623,83.9000015258789,False,50.0,0.30292803136412977,0.6831493217022908,239458088.73070678,77.00139938354492,True,10.35917451450632,False,-8.700837805713423,True,False,True,True,True,False,False,False,69.38386655171712,67.68244995117188,True,2.7014175492156074,2,1.0356860042961114,15.840286857954409,0.45630617127110956,False,83.9000015258789,0.003255376936582103,0.0035580510991794164,False,9.530030283517664,73.0,True,True,4,True,True,True,True,False,True,True,True,7,False,False,,Equitas Small Finance Bank Ltd.,Financial Services,EQ,INE063P01018,REDUCE,Stage 2 + RS 73; distribution warning (U/D 0.68) triggers REDUCE.
ERIS,2026-08-24,1325.5999755859375,-0.008250216536562105,-0.03747404849504543,-0.20860245098017782,-0.24650112653799616,-0.10181561181726873,1377.06087772764,-0.36056385592541096,Stage 4 — Declining,1409.515682444853,1809.092076644826,False,1193.5948944523013,0.5460519142460708,0.6643509081053893,146822972.22785035,1410.0179956054687,True,-3.737009958965709,False,-26.725676780121745,False,False,True,False,True,False,False,False,1378.1241552734375,1423.5718969726563,False,2.238878392816279,2,0.9545925413178059,13.008672448298867,1.2215337060835845,False,1499.0,0.056380319439681754,0.07971309417504345,False,13.08087112308649,20.0,True,False,1,False,False,False,False,False,False,False,False,0,False,False,,Eris Lifesciences Ltd.,Healthcare,EQ,INE406M01024,SELL,Stage 4 takes precedence: the guide requires SELL regardless of RS.
ESCORTS,2026-08-21,3086.60009765625,0.07486859066517182,-0.0866855637863031,-0.13275161507486433,-0.12263803305473353,-0.03846760611711146,3087.8582098599136,-1.1080424812831113,Stage 4 — Declining,2969.4542451746324,4112.487734005053,False,2669.79033448854,0.3928016392666975,3.168470149876633,385637583.76240236,2974.23326171875,False,-0.04074384632190009,False,-24.945670423914336,False,True,False,False,False,False,False,False,3102.245693359375,3238.3214782714845,False,1.7724082028589747,3,0.4550860027285298,13.244132748624097,0.4882049763830389,False,3173.10009765625,0.1311755479180186,0.16221991854271206,False,2.8024362490522314,34.0,True,False,1,False,False,False,False,True,False,True,False,2,False,False,,Escorts Kubota Ltd.,Capital Goods,EQ,INE042A01014,SELL,Stage 4 takes precedence: the guide requires SELL regardless of RS.
ETERNAL,2026-08-24,327.1499938964844,0.3521388634961138,0.28799210195466296,0.08687705613449959,0.025227162767139877,0.22087480956970604,265.4302060898036,0.9541850170396993,Stage 2 — Advancing,291.3019612630208,368.45001220703125,False,212.60000610351562,0.6952273578854298,1.930116644354726,8771787148.317577,292.08800048828124,False,23.25273702488817,True,-11.209123881733108,True,True,True,True,False,False,False,False,265.7544006347656,272.62780044555666,False,2.165892547659388,2,1.2269624622160873,24.40458523604338,0.7823311414582118,False,331.70001220703125,0.013914319176432396,0.015157834913903625,False,1.3908049504615327,76.0,True,True,5,True,False,False,True,True,True,True,True,6,False,False,,Eternal Ltd.,Consumer Services,EQ,INE758T01015,HOLD,Stage 2 + RS 76; trend/leadership is adequate without a stronger entry trigger.
ETHOSLTD,2026-08-21,2840.5,0.2060547125039871,0.1536898937228266,-0.021091068064139074,0.1066308033213701,0.13026781079760638,2466.856250339084,0.6054271895343355,Stage 2 — Advancing,2609.109810623468,3245.89990234375,False,1919.4000244140625,0.18706410174453783,3.3497632318541837,509069579.59924316,2613.456005859375,False,15.146555443170096,False,-12.489599634635217,True,True,True,True,False,False,False,False,2469.9093326822917,2589.2649951171875,False,4.2253610189510145,2,1.7570263141165199,24.216927452533433,1.487877334738134,False,3090.39990234375,0.12071668893682132,0.1334739130959589,False,8.797743437555017,66.0,True,True,5,True,False,False,True,True,True,True,False,5,False,False,,Ethos Ltd.,Consumer Durables,EQ,INE04TZ01018,HOLD,Stage 2 + RS 66; trend/leadership is adequate without a stronger entry trigger.
EUREKAFORB,2026-08-21,415.0,-0.11551579453735361,-0.19347000321574803,-0.29307553252798046,-0.23902077825507606,-0.19131958061470233,472.8465525660022,-1.7318773588598901,Stage 4 — Declining,453.6078431372549,668.2999877929688,False,403.20001220703125,1.16397321540951,0.7191217423356596,86888639.31314544,453.915,True,-12.233683898525971,False,-37.90213862332704,False,False,False,False,False,False,False,False,475.1703336588542,508.539001159668,False,3.7409655362521512,1,1.9347590264752874,15.408449250020187,1.5338495998038795,False,484.1499938964844,0.017636833623932705,0.027660536994216084,False,16.662649131682983,7.0,True,False,0,False,False,False,False,False,False,False,False,0,False,False,,Eureka Forbes Ltd.,Consumer Durables,EQ,INE0KCE01017,SELL,Stage 4 takes precedence: the guide requires SELL regardless of RS.
EXIDEIND,2026-08-21,459.6000061035156,0.35505423123869795,0.3725737576755248,0.23032487229194798,0.15320876269319084,0.2932431710276119,369.6556362809806,2.586600997719457,Stage 2 — Advancing,430.19288066789215,496.3999938964844,False,285.6312149356571,0.49326929211050063,1.4159665623372053,2681789590.681044,430.99512451171876,False,24.33193518363317,True,-7.413373941467604,True,True,True,True,False,False,False,False,368.4611250813802,368.0506341552734,True,3.1145093751579083,2,0.9963706682398588,24.2750497602407,0.5396257405959681,False,496.3999938964844,0.019532262267966654,0.020726625680449667,False,8.006959813808256,83.0,True,True,5,True,True,True,True,True,True,True,True,8,True,False,,Exide Industries Ltd.,Automobile and Auto Components,EQ,INE302A01020,WAIT,"Stage 2 + RS 83; wait because price is more than 20% above the 30-week line (currently +24%) — the guide treats that as poor entry timing, not a failed trend."
NYKAA,2026-08-21,334.0,0.21675774134790537,0.2576248847317302,0.2438552572076642,0.48477441445286473,0.283954007817614,280.33737856108564,1.9566668319604297,Stage 2 — Advancing,318.3235294117647,348.0,False,224.38999938964844,0.8231640413070949,0.9955939185525416,2274382830.1379194,319.22,False,19.14215710882139,False,-4.0229885057471275,True,True,True,True,False,False,False,False,279.1734659830729,274.05689964294436,True,2.4604360092593827,3,0.33749160217968166,22.341954022988507,0.6595178840966245,True,348.0,0.014194463687695237,0.014489861489552155,False,4.191616766467066,83.0,True,True,5,True,True,True,True,True,True,True,True,8,True,False,,FSN E-Commerce Ventures Ltd.,Consumer Services,EQ,INE388Y01029,HOLD,Stage 2 + RS 83; trend/leadership is adequate without a stronger entry trigger.
FEDFINA,2026-08-24,159.0500030517578,0.026062890704403596,0.16341156638700216,0.10959960314799022,0.11983386903289817,0.08899416399533955,147.22102706073082,-0.23727197547146472,Stage 3 — Topping,153.65058809168198,178.47999572753906,False,119.06999969482422,0.7057540917345184,1.8171214435714858,146804898.10629195,153.4797998046875,False,8.034841372317935,False,-10.886369980332333,True,True,True,False,False,False,False,False,147.27953303019206,147.52309993743896,True,2.580950762814035,1,0.7937685420243134,17.24196853084629,0.610417984635436,False,174.39999389648438,0.006764702884802612,0.007513679049946192,False,9.651047186545103,59.0,True,True,4,True,False,True,True,True,True,True,False,6,False,False,,Fedbank Financial Services Ltd.,Financial Services,EQ,INE007N01010,REDUCE,Stage 3 with RS 59; the guide requires REDUCE when RS is 50 or higher.
FEDERALBNK,2026-08-24,357.75,0.24990318722992644,0.21417969825395966,0.4464770573125756,0.8283193205489161,0.39775649011506087,304.83478682008507,2.0363796765203057,Stage 2 — Advancing,341.1145755543428,370.4344787597656,False,187.75854034199187,0.7491098798543236,1.2604792041530204,1501709919.3143845,341.6164599609375,False,17.35865310252329,False,-3.424216558413773,True,True,True,True,False,False,False,False,304.08896931966143,291.7314751434326,True,1.6653419255119348,2,1.2579370548676565,14.850688929435751,0.46852539871574567,False,370.4344787597656,0.01521579635714058,0.015562610562975037,False,3.545626487705267,88.0,True,True,5,True,True,True,True,True,True,True,True,8,True,False,,Federal Bank Ltd.,Financial Services,EQ,INE171A01029,HOLD,Stage 2 + RS 88; trend/leadership is adequate without a stronger entry trigger.
FACT,2026-08-21,783.2999877929688,-0.0976326262217666,0.0028807375138151237,-0.11275980126396734,-0.22491691474874642,-0.10601224618848637,839.5986206054688,-0.2590161818638137,Stage 4 — Declining,851.8235258214614,1058.5999755859375,False,652.0999755859375,0.8748612267209218,0.741328215452398,83110715.57269287,850.8129968261719,True,-6.705422261401617,False,-26.006045167400426,False,False,True,False,False,False,False,False,838.6229996744792,847.3119998168945,False,2.42563628436183,2,0.4140224866243346,27.167956000258762,0.2676819448931671,False,1058.5999755859375,0.03328899171646532,0.044052550305762515,False,35.146175422350744,20.0,True,False,1,False,False,False,True,False,False,False,False,1,False,False,,Fertilisers and Chemicals Travancore Ltd.,Chemicals,EQ,INE188A01015,SELL,Stage 4 takes precedence: the guide requires SELL regardless of RS.
FIEMIND,2026-08-21,2198.800048828125,0.00788849788966739,-0.020061767014490584,-0.00824367230262868,0.09293805484783269,0.01608192226200964,2204.66472420528,0.6224398689165245,Stage 1 — Basing,2294.3645929074755,2674.800048828125,False,1836.7512219513533,1.1088472611303952,0.7167424487185806,340182965.53005373,2294.8624560546873,True,-0.2660121202451293,False,-17.79572271985502,False,False,True,True,False,False,False,False,2202.325390625,2209.2144842529297,True,4.845823143028928,1,2.3944252000391257,20.98594685221596,2.9547581887523533,False,2674.800048828125,0.09344547140596807,0.11177127799045139,False,21.648171249299786,46.0,True,False,2,False,False,True,True,False,False,True,False,3,False,False,1.0,Fiem Industries Ltd,Automobile and Auto Components,EQ,INE737H01014,AVOID,Stage 1 + RS 46; weak RS in a basing stage is AVOID.
FINCABLES,2026-08-24,1291.5999755859375,0.25252137000020114,0.5899550863583436,0.7270843320867584,0.534753043531236,0.47136704039534805,982.5308219178082,3.6618348690189872,Stage 2 — Advancing,1103.446076037837,1374.0,False,700.7999877929688,0.7505396108345737,6.413850601124333,2520725734.36593,1104.632998046875,False,31.456433403774064,True,-5.997090568709062,True,True,True,True,False,False,False,False,975.822333577474,923.0040014648438,True,5.121001396209942,2,1.799308741037553,30.407568252763372,10.194389569852401,False,1374.0,0.05493423397177741,0.0566345986547199,False,6.379686123536943,91.0,True,True,5,True,True,True,True,True,True,True,True,8,True,False,,Finolex Cables Ltd.,Capital Goods,EQ,INE235A01022,WAIT,"Stage 2 + RS 91; wait because price is more than 20% above the 30-week line (currently +31%) — the guide treats that as poor entry timing, not a failed trend."
FINPIPE,2026-08-21,160.44000244140625,-0.051548835610816135,-0.15508977325241702,-0.11715178444208019,-0.21608209542485246,-0.11828426486819639,172.72548611958823,-0.5869274764510601,Stage 4 — Declining,167.93333315381815,222.5,False,147.5399932861328,0.7691799443160919,0.9529418225482207,77638229.521566,167.83159973144532,True,-7.112722015832684,False,-27.892133734199444,False,False,False,False,False,False,False,False,172.83933339436848,173.7037496948242,False,2.0897881926636623,4,0.5496743049011682,15.862810897816978,0.49743371993485563,False,186.60000610351562,0.006818442481162504,0.009561934263370018,False,16.305162842205245,17.0,True,False,0,False,False,False,False,False,False,False,False,0,False,False,,Finolex Industries Ltd.,Capital Goods,EQ,INE183A01024,SELL,Stage 4 takes precedence: the guide requires SELL regardless of RS.
FSL,2026-08-24,272.5,0.014519708890033955,0.1956999003860158,-0.18558814397992573,-0.24365766829063273,-0.040901298820894945,250.64338088362183,-0.9030674788681248,Stage 3 — Topping,263.8772559072457,373.2535995633734,False,202.0,0.14711921802452296,1.9801329143862532,1932195074.3418548,264.22380096435546,False,8.720205991207308,False,-26.993336348593424,True,True,True,False,False,False,False,False,252.18405466715495,273.19056312561037,False,4.5137617878645155,2,1.1597804540779082,33.54782070659218,0.36440295173121273,False,341.8999938964844,0.011589949705998064,0.01579486821108594,False,25.467887668434642,33.0,True,False,3,False,False,False,False,True,True,False,False,2,False,False,,Firstsource Solutions Ltd.,Services,EQ,INE684F01012,SELL,Stage 3 + RS 33; RS below 50 in Stage 3 triggers SELL.
FIVESTAR,2026-08-24,500.0,0.12615546237981579,0.1775545905511018,-0.1846375035893567,-0.14766053000282797,0.019513496343709736,467.54704505657327,0.40645486775821027,Stage 2 — Advancing,531.5079770555683,663.5913003653413,False,336.9270432139827,0.4497679743120646,1.6531819022549072,316116684.004599,532.8359014892578,True,6.941110052251509,False,-24.652417877581556,True,False,True,True,False,False,False,False,468.9880104573568,495.22968063354494,False,2.869287545340402,2,0.8731157791624525,20.03127040536446,0.26672130537264377,False,573.5182373501902,0.0212659627632992,0.027618384116646615,False,14.70364747003805,47.0,True,False,3,True,False,False,True,False,True,True,False,4,False,False,,Five-Star Business Finance Ltd.,Financial Services,EQ,INE128S01021,WAIT,Stage 2 + RS 47; wait because the close is below its 50-session average — short-term timing has weakened even though the 30-week trend is intact.
FORCEMOT,2026-08-24,17600.0,-0.11459905423080796,-0.29706845594696063,0.051939513477974986,-0.1273940571344241,-0.12034422161300515,19987.37671232877,-0.7459160846017387,Stage 4 — Declining,18201.803921568626,26450.0,False,14911.0,0.4932900306497865,1.6607541558536851,1620185687.85,18195.04,True,-11.944422455680082,False,-33.459357277882795,False,False,False,False,False,False,False,False,20005.213333333333,19590.83,True,3.004464285714286,2,1.4840144287981964,13.272801469087941,0.7364680566579372,False,19604.0,0.7485618892681319,1.0949848935980617,False,11.386363636363628,17.0,True,False,0,False,True,True,False,False,False,False,False,2,False,False,,Force Motors Ltd.,Automobile and Auto Components,EQ,INE451A01017,SELL,Stage 4 takes precedence: the guide requires SELL regardless of RS.
FORTIS,2026-08-24,918.0,-0.043134280017093185,-0.0006265140840087113,-0.0034983041827860717,-0.01650920124368116,-0.021380515908932463,918.2310013444456,0.21635861747666407,Stage 1 — Basing,947.7092141544117,1103.1298326042547,False,765.9873728160577,0.27613542271032226,0.49962587708405426,1400458066.8136597,947.081171875,True,-0.025157214699500496,False,-16.782234251357576,False,False,True,True,True,True,False,False,916.6145804850261,914.8504614257813,False,2.769998787275327,1,1.4089524610876047,11.69208338263211,1.0459383960554633,False,995.4939593864693,0.03904430763341733,0.04696281853733121,False,8.44160777630385,37.0,True,False,2,True,True,False,True,False,False,True,False,4,False,False,1.0,Fortis Healthcare Ltd.,Healthcare,EQ,INE061F01013,AVOID,Stage 1 + RS 37; weak RS in a basing stage is AVOID.
UTLSOLAR,2026-08-24,459.8500061035156,,,,,,287.27178004016616,5.637499081813746,Stage 2 — Advancing,372.9078422995175,,False,,0.7619203520719379,2.652883821031978,205856913.21268615,374.1789990234375,False,60.07489703277491,True,,True,True,True,True,False,False,False,False,285.23979939778644,,False,5.198900857145796,1,3.1457523364397706,38.67475850207069,1.4933207810075944,False,494.25,0.01955830621300055,,False,7.480698801761165,,True,False,4,False,False,False,False,True,False,False,False,1,False,False,,Fujiyama Power Systems Ltd.,Capital Goods,EQ,INE12UR01024,WAIT,"Stage 2 + RS unavailable; wait because price is more than 20% above the 30-week line (currently +60%) — the guide treats that as poor entry timing, not a failed trend."
GAIL,2026-08-24,173.75,0.08073642708587325,0.03508876068290223,-0.010625612337707646,0.013323921700123975,0.03985198484341302,164.31462285290024,0.6006300127780584,Stage 2 — Advancing,173.94097960229013,182.3800048828125,False,134.36000061035156,0.4980086577160086,1.0627954823613837,2125270224.9040046,173.91159912109376,True,5.742262607720927,False,-4.731881046037733,True,False,True,True,False,False,False,False,164.1493392944336,165.20375038146972,True,1.7693721696749745,1,0.8594401883292099,8.28489977290023,0.7746198594444359,False,182.3800048828125,0.007389922060246473,0.0077337849460342506,False,4.966909285071952,50.0,True,True,4,True,False,True,True,False,False,True,False,4,False,False,,GAIL (India) Ltd.,Oil Gas & Consumable Fuels,EQ,INE129A01019,HOLD,Stage 2 + RS 50; trend/leadership is adequate without a stronger entry trigger.
GVT&D,2026-08-21,4127.2001953125,-0.13706756932244457,0.1339734515571649,0.4257118623612588,0.5160923605859673,0.1603285071719004,4234.280899784483,2.594731446254128,Stage 1 — Basing,4563.299474379595,5636.049839022599,False,2516.9699521199827,1.2248645908580411,0.7689953039912935,4543935871.563916,4555.959526367187,True,-2.528899404794649,False,-26.7714034972367,False,False,True,True,False,False,False,False,4180.106274414063,3878.127037353516,True,3.759551138275879,3,0.6851544136713468,29.872571228282823,0.9036036838966003,False,5636.049839022599,0.17539938115033524,0.2384976619917754,False,36.55867349065809,70.0,True,True,3,False,True,True,True,False,True,False,True,5,False,False,3.0,GE Vernova T&D India Ltd.,Capital Goods,EQ,INE200A01026,WATCH,Stage 1 + RS 70; adequate RS in a basing stage remains WATCH.
GHCL,2026-08-21,442.3999938964844,0.0003931442054601053,-0.08585808775446757,-0.23706379700959146,-0.2237680634514978,-0.10918073196092734,455.76606003333785,-1.400286696135511,Stage 4 — Declining,435.1535883884804,649.6824619687275,False,405.6620460266574,0.3866508239134601,0.9397334114471843,67898615.77374268,435.47369201660155,False,-2.932659385798886,False,-31.90519680092898,False,True,False,False,False,False,False,False,458.0382944742839,484.8663035583496,False,1.9084213271794148,2,1.2850323760534557,7.709251101321586,0.6079891757213628,False,454.0,0.018801289367665397,0.02690798064647657,False,2.622062898633293,19.0,True,False,1,False,False,False,False,True,False,False,False,1,False,False,,GHCL Ltd.,Chemicals,EQ,INE539A01019,SELL,Stage 4 takes precedence: the guide requires SELL regardless of RS.
GMMPFAUDLR,2026-08-21,1022.3499755859375,0.19717201738374945,0.04988162164896304,-0.13963009735377752,-0.16747779128243911,0.02742355355604907,876.6911692652209,0.16030935205739727,Stage 2 — Advancing,849.0692820829504,1304.8598500690166,False,734.1152411860135,0.5758013428231332,12.947932403725378,472241028.89193726,850.8669665527344,False,16.61460859047974,False,-21.65059140015202,True,True,False,True,False,False,False,False,880.9963899739583,940.7289166259766,False,4.215078294159942,1,1.4982467937648076,30.69775361098702,0.8351195220239604,False,1079.4000244140625,0.04344823234901408,0.05439136016223634,False,5.580285635105331,49.0,True,False,3,True,False,False,False,True,True,True,False,4,False,False,,GMM Pfaudler Ltd.,Capital Goods,EQ,INE541A01023,WAIT,Stage 2 + RS 49; wait because relative strength is below 50 — the trend has turned up but the stock still lags most of the universe.
GMRAIRPORT,2026-08-24,98.81999969482422,0.03098592872179351,-0.028318557913857956,-0.0476098914774532,0.10351754692524762,0.017912190995504697,100.22910962039477,0.23761261106751697,Stage 1 — Basing,107.96353014777688,115.63999938964844,False,84.11000061035156,0.74118309540892,0.46632076418384083,1006167396.4163204,107.98960067749023,True,-1.4058888988512153,False,-14.545139902802406,False,False,True,True,True,True,False,False,100.12366668701172,100.59954986572265,True,2.3636046093348853,1,1.8186789322267338,15.254236840844786,0.5730112596216757,False,115.63999938964844,0.004203004867558741,0.004920225226269011,False,17.020845726338507,46.0,True,False,2,False,False,True,True,False,False,True,False,3,False,False,2.0,GMR Airports Ltd.,Services,EQ,INE776C01039,AVOID,Stage 1 + RS 46; weak RS in a basing stage is AVOID.
GMRP&UI,2026-08-24,96.0999984741211,-0.1115015234805613,-0.18765852920497328,-0.21927044168301135,-0.19236910497178905,-0.16446022456417925,104.17589020402464,-0.5042523058375381,Stage 4 — Declining,98.90294093711704,136.9499969482422,False,89.0,0.6257126609824324,0.7329717479401541,77060182.23239784,98.7545997619629,True,-7.752169637415351,False,-29.828404077701165,False,False,False,False,False,False,False,False,104.1437998453776,106.78019973754883,False,2.7263279430928593,3,0.5349345908169759,12.838709958687355,0.9247078820118474,False,108.5,0.0040873179782075384,0.005633887162244271,False,12.903227599132716,10.0,True,False,0,False,False,False,False,False,False,False,False,0,False,False,,GMR Power and Urban Infra Ltd.,Power,EQ,INE0CU601026,SELL,Stage 4 takes precedence: the guide requires SELL regardless of RS.
GABRIEL,2026-08-24,1358.9000244140625,0.21581392331404126,0.40993129311990795,0.29170143330809606,0.1463259644613597,0.25591730750348923,1107.435327399267,3.238069182225667,Stage 2 — Advancing,1345.3476371017157,1596.6964052725275,False,794.0570601010174,0.5988955649032254,1.1931872309623968,478423034.15123904,1349.3759252929688,False,22.70694195798706,True,-14.893024126141086,True,True,True,True,False,False,False,False,1102.0065157063802,1084.820763244629,True,3.807401616803933,3,0.7836124419294626,30.243749559241,0.3070882910695701,False,1596.6964052725275,0.05779663463647166,0.06675310665979187,False,17.49918143985605,79.0,True,True,5,True,True,True,True,True,True,True,True,8,True,False,,Gabriel India Ltd.,Automobile and Auto Components,EQ,INE524A01029,HOLD,Stage 2 + RS 79; trend/leadership is adequate without a stronger entry trigger.
GALLANTT,2026-08-21,584.4000244140625,-0.12285174571998125,0.026794341291120682,-0.01624436255736339,-0.06786124281922512,-0.06060295110508607,648.8244822535022,0.1765654706741282,Stage 1 — Basing,639.9294098498774,948.0,False,496.25,0.41214820357493065,1.265041848613747,71562210.19536743,639.6409985351562,True,-9.929412283531624,False,-38.354427804423786,False,False,False,True,False,False,False,False,645.6279992675782,627.8829989624023,False,3.4357578449523882,3,0.7899921728763745,31.495330362358143,0.39809373725184066,False,749.0,0.024836062651597667,0.04092018306683106,False,28.165634618337076,29.0,True,False,1,False,True,False,False,False,False,False,False,1,False,False,2.0,Gallantt Ispat Ltd.,Capital Goods,EQ,INE297H01019,AVOID,Stage 1 + RS 29; weak RS in a basing stage is AVOID.
GRSE,2026-08-24,2596.10009765625,-0.03633997859827398,0.07441130869294388,-0.04004387390315245,0.0241043779546124,-0.0028416288904288284,2592.2053640705267,0.5755015500054972,Stage 2 — Advancing,2652.7254949831495,3339.0,False,1963.699951171875,0.8087533903464614,0.9992635763102733,1378083936.1424317,2652.396005859375,True,0.1502478792655415,False,-22.249173475404316,True,False,True,True,False,False,False,False,2584.4695182291666,2574.0665368652344,True,2.7246921363283927,3,0.5781544775509697,15.776740644818435,0.804216306280451,False,2934.699951171875,0.11041713601311047,0.1343491736772277,False,13.042634751306847,40.0,True,False,3,True,True,True,True,False,True,True,False,6,False,False,,Garden Reach Shipbuilders & Engineers Ltd.,Capital Goods,EQ,INE382Z01011,WAIT,Stage 2 + RS 40; wait because the close is below its 50-session average — short-term timing has weakened even though the 30-week trend is intact.
GRWRHITECH,2026-08-24,7234.5,0.351384191723225,0.825603086418498,0.9146486701071854,1.4357200324976254,0.7757480344939518,5291.922605749679,5.471063575815971,Stage 2 — Advancing,6941.519607843137,7990.0,False,2671.6173087131406,0.8761546203294919,0.6383483297103554,577392393.55,6953.94,False,36.70834853366354,True,-9.455569461827285,True,True,True,True,True,False,False,False,5226.679337565104,4790.279499511718,True,3.6955856362864448,3,0.5273239819179075,22.7909887359199,0.5717115136878851,True,7990.0,0.30769721522217613,0.31216886721049536,False,10.443016103393465,97.0,True,True,5,True,True,True,True,True,True,True,True,8,True,False,,Garware Hi-Tech Films Ltd.,Capital Goods,EQ,INE291A01017,REDUCE,Stage 2 + RS 97; distribution warning (U/D 0.64) triggers REDUCE.
GICRE,2026-08-24,356.95001220703125,-0.06422859933401359,-0.07549855849696385,-0.055812660407999926,-0.036772816897337246,-0.05930824689406564,375.18082208502784,-0.21887304051527723,Stage 4 — Declining,360.40392408183976,417.95001220703125,False,346.70001220703125,0.30471917786508784,0.9560694312750353,189138007.69612122,359.86700256347655,True,-4.859206229327173,False,-14.595046828179948,False,False,False,False,False,False,False,False,375.0340002441406,375.85599990844725,False,1.4978101090376366,2,0.5734427990453528,7.595948580159964,0.4744402547511579,False,375.20001220703125,0.015181771335907843,0.01818670796750341,False,5.112760716034104,30.0,True,False,0,False,False,False,False,False,False,True,False,1,False,False,,General Insurance Corporation of India,Financial Services,EQ,INE481Y01014,SELL,Stage 4 takes precedence: the guide requires SELL regardless of RS.
GILLETTE,2026-08-21,7438.5,-0.02044412951521657,-0.11202559764382669,-0.07519249005731854,-0.2622897091627262,-0.09807921117886093,7855.407761988146,-0.23487650722578968,Stage 4 — Declining,7667.028971354167,10437.38206257999,False,7148.3405248597655,0.7310987142198699,0.4193744753896295,142810956.4540039,7667.085966796875,True,-5.307270795101671,False,-28.73212884801406,False,False,False,False,True,True,False,False,7853.342158203125,7901.1730444335935,False,1.1154611460307449,2,0.7753792887201935,7.95061724065425,0.5292040042360483,False,8035.186627298344,0.3161243058111408,0.44920898509465484,False,8.021598807533037,21.0,True,False,0,False,False,False,False,False,False,False,False,0,False,False,,Gillette India Ltd.,Fast Moving Consumer Goods,EQ,INE322A01010,SELL,Stage 4 takes precedence: the guide requires SELL regardless of RS.
GLAND,2026-08-21,2819.300048828125,0.21861835749302072,0.559312419268637,0.5696521269240564,0.4606126024848185,0.4053627727327107,2080.6146947400325,3.9403603942820498,Stage 2 — Advancing,2493.445661956189,3039.800048828125,False,1561.8007505195303,0.31968330614196083,3.2938731379144643,2583808839.6121826,2498.40982421875,False,35.50322680867104,True,-7.253766578660493,True,True,True,True,False,False,False,False,2067.303478190104,1983.1036846923828,True,3.626159349788369,1,1.7439386445107923,29.220822639311105,2.2456193238159745,False,3039.800048828125,0.11981572505331806,0.12588313160889755,False,7.82109020611883,88.0,True,True,5,True,True,True,True,True,True,True,True,8,True,False,,Gland Pharma Ltd.,Healthcare,EQ,INE068V01023,WAIT,"Stage 2 + RS 88; wait because price is more than 20% above the 30-week line (currently +36%) — the guide treats that as poor entry timing, not a failed trend."
GLAXO,2026-08-21,2902.199951171875,0.2824048742430114,0.14601137815853216,0.19143159081838612,0.07037728166526103,0.19452599982564045,2408.6905290274785,1.3770633104962071,Stage 2 — Advancing,2509.192148246017,3054.89990234375,False,2088.10009765625,0.6356499595349989,3.991578098275437,480102984.4994141,2516.9459912109373,False,20.4887018982739,True,-4.99852551812654,True,True,True,True,False,False,False,False,2403.8554443359376,2412.6376940917967,True,3.0732824353908033,2,1.3510515918908939,30.89789952265148,2.579504940630987,False,3054.89990234375,0.12333883778844333,0.12966621356378888,False,5.2615241451650085,74.0,True,True,5,True,False,True,True,True,True,True,True,7,False,False,,Glaxosmithkline Pharmaceuticals Ltd.,Healthcare,EQ,INE159A01016,HOLD,Stage 2 + RS 74; trend/leadership is adequate without a stronger entry trigger.
GLENMARK,2026-08-24,2390.699951171875,0.05825321934701155,0.1613231505690329,0.2976009115784657,0.23706388453927074,0.1624988770761585,2200.177392410905,0.9537053018059849,Stage 2 — Advancing,2238.425479664522,2474.0,False,1792.5999755859375,1.3411236620269322,1.0090642457184527,1148908090.8245971,2240.0619873046876,False,8.659418073203607,False,-3.367018950207157,True,True,True,True,False,False,False,False,2193.928662109375,2135.2319970703124,True,2.2100526756069114,2,1.209273750086495,12.275574112734864,0.8350971182878747,False,2395.0,0.10168107227968462,0.10682561978282105,False,0.1798656843581492,70.0,True,True,5,True,True,True,True,True,True,True,True,8,True,False,,Glenmark Pharmaceuticals Ltd.,Healthcare,EQ,INE935A01035,HOLD,Stage 2 + RS 70; trend/leadership is adequate without a stronger entry trigger.
MEDANTA,2026-08-21,1409.699951171875,0.1370746454648608,0.2479645390730043,0.1494007983516208,0.015189699381265243,0.1373408655471224,1208.9855986701118,1.7109662591885622,Stage 2 — Advancing,1356.7251072303923,1490.4714379274674,False,955.6610489257978,0.476318169960053,1.5334876941919426,366958337.6647705,1359.1663671875,False,16.601881173981692,False,-5.419190512493611,True,True,True,True,False,False,False,False,1204.6725533040365,1202.2524642944336,True,2.836274492971944,2,0.7819054739572902,18.94031271127573,0.7982406933452085,False,1490.4714379274674,0.05990998433369739,0.06239736647412452,False,5.729693520131529,67.0,True,True,5,True,True,True,True,True,True,True,False,7,False,False,,Global Health Ltd.,Healthcare,EQ,INE474Q01031,HOLD,Stage 2 + RS 67; trend/leadership is adequate without a stronger entry trigger.
GODIGIT,2026-08-24,260.3999938964844,-0.15864299225691636,-0.22901556211255547,-0.26585851442121144,-0.29258356539321617,-0.22094872528816314,307.42157525885597,-1.433767928966001,Stage 4 — Declining,284.912743063534,381.3999938964844,False,244.1999969482422,0.42967154311555034,3.2247439866017493,219493053.0425331,284.63399780273437,True,-15.2954721290392,False,-31.72522337083219,False,False,False,False,False,False,False,False,307.851333211263,317.66175003051757,False,3.0584802731259684,3,0.50967697415567,26.65565760772627,0.23578346313309065,False,332.95001220703125,0.011075313147531952,0.016292138789208606,False,27.860990787652383,5.0,True,False,0,False,False,False,False,False,False,False,False,0,False,False,,Go Digit General Insurance Ltd.,Financial Services,EQ,INE03JT01014,SELL,Stage 4 takes precedence: the guide requires SELL regardless of RS.
GPIL,2026-08-24,245.27000427246094,-0.15483103471846127,-0.08312339422679715,0.030469533767783163,0.03215380194596196,-0.06603242558999492,266.32119813683914,-0.29392449069917115,Stage 4 — Declining,250.87723975088082,318.68479368531104,False,220.30083502168418,0.7280955029847438,1.4512858035187628,480490379.90055925,250.2829443359375,True,-7.904437953738041,False,-23.036803408117546,False,False,False,False,False,False,False,False,265.74271118164063,262.2148168182373,False,3.7371801181013695,2,1.4101648669213682,19.196600658647505,1.9095575386780248,False,281.38871308363963,0.010431805555624781,0.013490607125614824,False,14.726101105725032,27.0,True,False,0,False,True,False,False,False,False,True,False,2,False,False,,Godawari Power & Ispat Ltd.,Capital Goods,EQ,INE177H01039,SELL,Stage 4 takes precedence: the guide requires SELL regardless of RS.
GODFRYPHLP,2026-08-21,2117.0,-0.07098886523538572,-0.1365999536797422,-0.256295715877057,-0.41508749236753784,-0.18999217847902172,2128.8528076171874,0.09737164010874544,Stage 1 — Basing,2149.479185814951,3868.278555207404,False,1805.6870625140934,0.4652990952208264,1.5164608934241046,1404519742.791211,2147.1122265625,True,-0.5567697106524827,False,-45.2728139975821,False,False,True,True,False,False,False,False,2128.1348811848957,2264.935909423828,False,2.6595937584308107,2,1.6506511854770496,16.473032726348436,0.5247561747091662,False,2375.255706731194,0.08996910067919406,0.16002705844606963,False,12.199135887160795,7.0,True,False,2,False,False,False,False,False,False,False,False,0,False,False,2.0,Godfrey Phillips India Ltd.,Fast Moving Consumer Goods,EQ,INE260B01028,AVOID,Stage 1 + RS 7; weak RS in a basing stage is AVOID.
GODREJAGRO,2026-08-24,572.75,0.008427042965259979,-0.08533054745835367,0.03359743264278037,-0.2173725137917768,-0.05045030853536603,568.9772299152531,0.4885484193523526,Stage 2 — Advancing,559.5121196672028,745.5137325439529,False,496.4533186222811,1.9034045416646461,1.3458203882762634,119619655.31813964,559.5029797363281,False,0.6630792738944624,False,-23.17378272220725,True,True,False,True,False,False,False,False,567.5817948404948,566.7130261230469,False,2.886450236416178,1,1.7499615546520828,11.12774834592395,2.551594654137644,False,601.2000122070312,0.024360160345359236,0.03232831374668182,False,4.967265335142956,31.0,True,False,3,True,True,False,False,True,False,True,False,4,False,False,,Godrej Agrovet Ltd.,Fast Moving Consumer Goods,EQ,INE850D01014,WAIT,Stage 2 + RS 31; wait because relative strength is below 50 — the trend has turned up but the stock still lags most of the universe.
GODREJCP,2026-08-24,928.9000244140625,-0.09096633377656826,-0.23969310956271972,-0.15174110718949263,-0.24682927012737954,-0.1640392308865457,1061.0641178496896,-1.665439860386353,Stage 4 — Declining,1027.777826047411,1284.1352183767522,False,902.8120757721283,1.3618336786605463,0.34559858586993963,2400034603.3458586,1027.7113171386718,True,-12.45580650710022,False,-27.663379126984378,False,False,False,False,True,True,False,False,1065.18556640625,1088.1206420898438,False,3.031179368188699,1,2.3431559783389284,18.801433064737292,4.6249274641354905,False,1111.8571544395784,0.03950790666003434,0.05542122841181264,False,19.696105632134397,11.0,True,False,0,False,False,False,False,False,False,False,False,0,False,False,,Godrej Consumer Products Ltd.,Fast Moving Consumer Goods,EQ,INE102D01028,SELL,Stage 4 takes precedence: the guide requires SELL regardless of RS.
GODREJIND,2026-08-21,1230.0,0.10666251656507786,0.18915263598593013,0.17209831464105063,-0.04332266725304468,0.10625066330081837,1076.0727572737069,1.545731035396125,Stage 2 — Advancing,1245.7941152535234,1443.0,False,744.2000122070312,0.1485390491459145,1.6816360871890719,141447695.14765626,1249.9519970703125,True,14.304538581227245,False,-14.760914760914757,True,False,True,True,False,False,False,False,1073.74033203125,1062.5017477416993,True,3.5400702535206157,1,0.8482200384589721,27.64379933569387,0.6935224799482775,False,1443.0,0.05227302495768007,0.06071936096063862,False,17.3170731707317,62.0,True,True,4,True,True,True,True,False,True,True,False,6,False,False,,Godrej Industries Ltd.,Diversified,EQ,INE233A01035,HOLD,Stage 2 + RS 62; trend/leadership is adequate without a stronger entry trigger.
GODREJPROP,2026-08-24,2039.9000244140625,0.18284973245331781,0.15759886049927552,0.0016420448844383095,-0.0015293559443315674,0.10468220286920359,1806.074272260274,0.8851301646499277,Stage 2 — Advancing,1998.452371036305,2340.6858887816,False,1427.1018020889294,0.36810198575259256,1.1184867412168407,1233020262.4296997,2003.26734375,False,12.94662992243165,False,-12.850330145071542,True,True,True,True,False,False,False,False,1802.7442553710937,1864.4285467529296,False,2.6366834120635674,3,0.8484515093027529,20.603963028499656,0.6230565728303805,False,2180.0,0.08676087592008518,0.09685617530797627,False,6.86798244566813,62.0,True,True,5,True,False,False,True,True,True,True,False,5,False,False,,Godrej Properties Ltd.,Realty,EQ,INE484J01027,HOLD,Stage 2 + RS 62; trend/leadership is adequate without a stronger entry trigger.
GOKEX,2026-08-21,797.5999755859375,0.16158151493047956,0.010643643245031642,-0.14949884200465802,0.014500080389090897,0.039761582298084734,726.323794450431,1.8787461580435094,Stage 2 — Advancing,813.8549038756128,954.9000244140625,False,531.0,0.26942184900949123,0.917162366332662,222689315.81222838,816.642001953125,True,9.813279102254558,False,-16.472933794786115,True,False,True,True,False,False,False,False,721.5623343912761,744.2420007324218,False,2.99828217819953,3,0.44491294382428936,23.767745782131033,0.539176697875671,True,894.7000122070312,0.033896718235811966,0.039596754451778876,False,12.17402703024928,50.0,True,True,4,True,False,False,True,False,True,True,False,4,False,False,,Gokaldas Exports Ltd.,Textiles,EQ,INE887G01027,HOLD,Stage 2 + RS 50; trend/leadership is adequate without a stronger entry trigger.
GOKULAGRO,2026-08-24,244.0500030517578,0.10235332998139435,0.4088206954389493,0.24916829170912802,0.48810977470584027,0.27016108436334124,206.3424654398879,2.4177209846513614,Stage 2 — Advancing,221.0837252747779,257.989990234375,False,151.0,0.6524892319219678,2.931893227944595,188160780.55098647,221.04299987792967,False,18.274249816431976,False,-5.403305442181372,True,True,True,True,False,False,False,False,205.09393310546875,200.86399963378906,True,3.456550885624715,2,1.3644244199120736,22.477612477016294,1.9341544811451632,False,257.989990234375,0.010379916554563476,0.01073846602304717,False,5.711938950339124,80.0,True,True,5,True,True,True,True,True,True,True,True,8,True,False,,Gokul Agro Resources Ltd.,Fast Moving Consumer Goods,EQ,INE314T01033,HOLD,Stage 2 + RS 80; trend/leadership is adequate without a stronger entry trigger.
GRANULES,2026-08-21,858.1500244140625,0.125278269655952,0.4355023343875377,0.5801867866505694,0.8613368622125952,0.42551650451252127,715.9831597689924,2.627603226849229,Stage 2 — Advancing,834.1412401386336,908.1083439738012,False,455.05207197382765,0.39491206662374134,1.1035877163308154,523063884.1309875,835.5269299316407,False,19.8561743674166,False,-5.5013611416811266,True,True,True,True,False,False,False,False,710.8693241373697,676.5290740966797,True,2.887856787744625,3,0.7242766288476493,19.065936111997146,0.40848904523682317,False,908.1083439738012,0.03646999808425207,0.03879765589947539,False,5.821630034194758,90.0,True,True,5,True,True,True,True,True,True,True,True,8,True,False,,Granules India Ltd.,Healthcare,EQ,INE101D01020,HOLD,Stage 2 + RS 90; trend/leadership is adequate without a stronger entry trigger.
GRAPHITE,2026-08-24,718.75,-0.018849160722772207,0.06288341786337326,0.31198037733696515,0.35276974896218927,0.13798704454339666,666.5475146149936,1.0419153512566615,Stage 2 — Advancing,656.3312365962009,793.687103271785,False,500.30771094013573,0.4262457813261838,1.2978403209116183,978886458.3628143,656.3824011230469,False,7.83177256540506,False,-9.44164305591898,True,True,False,True,False,False,False,False,665.3829064941406,642.200562133789,True,3.1925465838509317,2,0.5186345442412735,24.67460080944529,0.6104691569331381,True,748.5,0.030569821472242603,0.033999177809298564,False,4.139130434782601,67.0,True,True,4,True,True,True,False,True,True,True,False,6,False,False,,Graphite India Ltd.,Capital Goods,EQ,INE371A01025,HOLD,Stage 2 + RS 67; trend/leadership is adequate without a stronger entry trigger.
GRASIM,2026-08-21,3308.0,0.051927514837114996,0.17138708929470226,0.21336303645228916,0.15170945056607676,0.12806292119745966,2953.1609476023705,1.237393718545654,Stage 2 — Advancing,3169.301633348652,3411.10009765625,False,2494.7282248871606,2.086102432547868,1.425302104535164,3022641069.144873,3170.7705517578124,False,12.01556768132528,False,-3.0224881916273705,True,True,True,True,False,False,False,False,2946.6119921875,2903.0588146972655,True,2.6887382491950627,2,1.9485490649774864,10.571464871263933,2.3268021454667114,False,3411.10009765625,0.1405846882601672,0.14237761174704797,False,3.116689771954362,65.0,True,True,5,True,True,True,True,True,True,True,False,7,False,False,,Grasim Industries Ltd.,Construction Materials,EQ,INE047A01021,HOLD,Stage 2 + RS 65; trend/leadership is adequate without a stronger entry trigger.
GRAVITA,2026-08-21,1821.699951171875,0.10822478224804533,0.14868524063799837,0.06894730862960197,0.0505766731095012,0.09693175737463844,1638.5862068965516,0.8886968644104432,Stage 2 — Advancing,1738.4176408356311,1913.5999755859375,False,1266.9000244140625,1.2818538175646512,1.197396159404357,446926511.66588134,1741.1279931640624,False,11.175105923913332,False,-4.802467892273199,True,True,True,True,False,False,False,False,1635.9493334960937,1671.940501098633,True,2.674112337850398,2,0.6618289523611378,15.775401069518717,0.772833622748893,False,1870.0,0.07741932277480648,0.07943156467072615,False,2.651372351251058,60.0,True,True,5,True,False,True,True,True,True,True,False,6,False,False,,Gravita India Ltd.,Metals & Mining,EQ,INE024L01027,HOLD,Stage 2 + RS 60; trend/leadership is adequate without a stronger entry trigger.
GESHIP,2026-08-24,1333.0,-0.19132053760911039,0.025234915837766048,0.2559622325802653,0.42083498876109027,0.06387821239218018,1389.9498416430329,0.9367351511469613,Stage 1 — Basing,1379.900452856924,1766.7330608502607,False,894.2208429182053,0.8745849624244919,1.808673329527827,1540471809.2137635,1380.1091259765626,True,-4.097258759763123,False,-24.55000534384757,False,False,False,True,False,False,False,False,1381.539296061198,1305.7826373291016,True,2.9947322222078907,2,0.6180137938495673,20.28481247624001,1.0500999098008204,False,1581.8817457139457,0.05669505672695567,0.07526913218474682,False,18.670798628202977,54.0,True,True,2,False,True,True,False,False,True,True,False,4,False,False,3.0,Great Eastern Shipping Co. Ltd.,Services,EQ,INE017A01032,WATCH,Stage 1 + RS 54; adequate RS in a basing stage remains WATCH.
GREAVESCOT,2026-08-21,192.47999572753906,0.14657465615128307,0.20070397230637416,-0.05222091938343121,-0.10062675512217434,0.06820112202066694,179.65866078343885,1.0239967500688119,Stage 2 — Advancing,217.8722007601869,269.68934059737177,False,119.01442505726769,0.229902316624376,0.36738996370633575,407816844.0064697,218.5589340209961,True,7.136497003924069,False,-28.62899390046755,True,False,True,True,True,True,False,False,179.20791107177735,182.00570434570312,False,4.586376287005941,2,0.3724764710306362,30.584772406505646,0.3908758946185501,True,269.68934059737177,0.008180090748390084,0.011229769838117453,False,40.11291904802654,55.0,True,True,4,True,False,False,True,False,True,False,False,3,False,False,,Greaves Cotton Ltd.,Capital Goods,EQ,INE224A01026,REDUCE,Stage 2 + RS 55; distribution warning (U/D 0.37) triggers REDUCE.
GRINDWELL,2026-08-21,2059.800048828125,0.05954217838095621,0.243333870489153,0.3677244598731284,0.35674770008992507,0.2173780774428238,1791.4554027981228,2.1637429394093077,Stage 2 — Advancing,2087.1265653722426,2455.0,False,1316.5038257707065,0.23687740322255038,1.9147454853980101,80678425.12977906,2090.8103491210936,True,14.97914185364968,False,-16.09775768520876,True,False,True,True,False,False,False,False,1782.0073575846354,1727.2580181884766,True,2.597337792724367,3,0.44891186060611005,21.26062672671848,0.24758025637406722,True,2455.0,0.08753819460180748,0.10254103637652325,False,19.186325944438877,76.0,True,True,4,True,True,True,True,False,True,True,True,7,False,False,,Grindwell Norton Ltd.,Capital Goods,EQ,INE536A01023,HOLD,Stage 2 + RS 76; trend/leadership is adequate without a stronger entry trigger.
GAEL,2026-08-21,177.4600067138672,0.07343333445322187,0.20630824537825476,0.6159170206429241,0.6931591532063404,0.3324502176267926,152.10393092714506,1.626198175657323,Stage 2 — Advancing,162.0668628169041,184.99000549316406,False,101.19999694824219,1.0331113356811283,2.040154079657412,371392906.4734398,162.1516000366211,False,16.670230435311506,False,-4.070489516026921,True,True,True,True,False,False,False,False,151.64979995727538,143.74194999694825,True,4.176392882198092,1,1.948783804952921,25.56354783538259,0.8027520054327796,False,184.99000549316406,0.007541765333287847,0.007798256139818235,False,4.243208888996652,86.0,True,True,5,True,True,True,True,True,True,True,True,8,True,False,,Gujarat Ambuja Exports Ltd.,Fast Moving Consumer Goods,EQ,INE036B01030,HOLD,Stage 2 + RS 86; trend/leadership is adequate without a stronger entry trigger.
FLUOROCHEM,2026-08-21,4621.89990234375,0.20758217596062511,0.34918409908102865,0.32771243936811123,0.3649120881870116,0.29139459571148035,3701.317933391703,2.4093012050655283,Stage 2 — Advancing,4222.1470636106005,4958.89990234375,False,2916.60009765625,0.43121890073069397,2.1483385594050755,1100813775.5154786,4233.48400390625,False,24.871734488057662,True,-6.795862119352758,True,True,True,True,False,False,False,False,3688.0426708984373,3645.7635021972656,True,3.5796956807302527,2,1.4312908649444582,26.8587777243547,2.6705705251451,False,4958.89990234375,0.19642332434724707,0.20079761839426868,False,7.291373831551584,83.0,True,True,5,True,True,True,True,True,True,True,True,8,True,False,,Gujarat Fluorochemicals Ltd.,Chemicals,EQ,INE09N301011,WAIT,"Stage 2 + RS 83; wait because price is more than 20% above the 30-week line (currently +25%) — the guide treats that as poor entry timing, not a failed trend."
GMDCLTD,2026-08-24,570.8499755859375,-0.12379128843294318,0.017830080120004865,0.2156089611721661,0.3610453126310842,0.06938035541147375,606.4458868993472,0.2143721469761939,Stage 1 — Basing,585.4147051642923,771.9000244140625,False,392.62370084930075,0.5562544732737983,1.9349690561563786,862167068.9368042,584.9789990234375,True,-5.8695939872567156,False,-26.046125465631253,False,False,False,True,False,False,False,False,604.6453299967447,590.7589978027344,False,3.168834343099051,1,1.1512405257724028,13.261599238871637,0.8707085190237647,False,631.9000244140625,0.02427934864848161,0.03295992612430351,False,10.69458727145629,56.0,True,True,2,False,True,False,False,False,True,False,False,2,False,False,3.0,Gujarat Mineral Development Corporation Ltd.,Metals & Mining,EQ,INE131A01031,WATCH,Stage 1 + RS 56; adequate RS in a basing stage remains WATCH.
GNFC,2026-08-21,582.7999877929688,0.11604744191754635,0.25549326253150206,0.18383100191759238,0.1322790165771066,0.16073963297225877,488.8231039113012,1.5169678585644553,Stage 2 — Advancing,534.8284313725491,619.0,False,365.0,0.8550164352975278,4.291406193762484,369735287.5531952,535.4479998779296,False,19.2251313675059,False,-5.848144136838651,True,True,True,True,False,False,False,False,487.86500040690106,489.05700042724607,True,2.764365557745107,2,0.7755643164435281,20.500806768414275,1.5637223950111407,False,619.0,0.024768063664420727,0.02597731760930328,False,6.21139549850005,70.0,True,True,5,True,False,True,True,True,True,True,True,7,False,False,,Gujarat Narmada Valley Fertilizers and Chemicals Ltd.,Chemicals,EQ,INE113A01013,HOLD,Stage 2 + RS 70; trend/leadership is adequate without a stronger entry trigger.
GPPL,2026-08-21,163.5399932861328,0.06422851067087532,-0.06867888609453388,-0.08097782472174253,0.105215201663037,0.016803102437702243,157.52400018100082,-0.9559680852487373,Stage 3 — Topping,153.27960773542816,200.08999633789062,False,141.5500030517578,0.5972640376175969,3.482080082226737,316758047.4577118,153.26759979248047,False,3.819096200083427,False,-18.26678180853982,True,True,False,False,False,False,False,False,158.09106689453125,164.23853660583495,False,2.2847197812538043,1,3.040965543707687,12.878111142053275,2.5687879696049505,False,168.27000427246094,0.006950187114329147,0.008176943738778475,False,2.8922656111721956,46.0,True,False,2,False,False,False,False,True,False,True,False,2,False,False,,Gujarat Pipavav Port Ltd.,Services,EQ,INE517F01014,SELL,Stage 3 + RS 46; RS below 50 in Stage 3 triggers SELL.
GSFC,2026-08-24,159.64999389648438,-0.05577246174856809,-0.06795492933556424,-0.12940348104741628,-0.2222227591022411,-0.10622521859647158,165.17842405136318,-0.48057794542963883,Stage 4 — Declining,161.01705663344438,215.43096043485255,False,138.8300018310547,1.4650656119407055,0.6805051394484984,112042849.37869263,160.9391976928711,True,-3.3469444854127617,False,-25.892734463873236,False,False,False,False,True,False,False,False,165.31346608479816,169.2315993499756,False,2.1341326460490295,2,0.7894786795931676,10.70216146245811,1.932051088097424,False,170.89999389648438,0.006790221650727163,0.009298569949381982,False,7.046664848164297,19.0,True,False,0,False,False,False,False,False,False,False,False,0,False,False,,Gujarat State Fertilizers & Chemicals Ltd.,Chemicals,EQ,INE026A01025,SELL,Stage 4 takes precedence: the guide requires SELL regardless of RS.
HEG,2026-08-24,722.75,0.23674494190977113,0.2870031714426695,0.4627390547052119,0.49339435277571364,0.3433252925486275,576.4522732251311,1.7261332678508934,Stage 2 — Advancing,605.9773481780408,749.0,False,457.2157644322142,0.4573126626843363,1.675542396457804,1208419229.4054565,607.2999200439453,False,25.37898340765723,True,-3.5046728971962593,True,True,True,True,False,False,False,False,575.9150319417317,568.1894120788575,True,3.292485511532095,1,1.4025660641554123,32.411385549728685,1.0757539766547803,False,749.0,0.030739949174348996,0.03149443549434596,False,3.6319612590798966,86.0,True,True,5,True,True,True,True,True,True,True,True,8,True,False,,H.E.G. Ltd.,Capital Goods,EQ,INE545A01024,WAIT,"Stage 2 + RS 86; wait because price is more than 20% above the 30-week line (currently +25%) — the guide treats that as poor entry timing, not a failed trend."
HGINFRA,2026-08-21,511.8999938964844,-0.14846142248173577,-0.13000461813941266,-0.4050766855890847,-0.4896943064900935,-0.2643396910364125,566.5723281334186,-1.8740322310014546,Stage 4 — Declining,551.2354574764477,1046.1165979979082,False,427.93192345187117,0.35112436665191105,6.243472761449677,161357002.36564636,551.0432684326172,True,-9.649665457021717,False,-51.06664067120481,False,False,False,False,False,False,False,False,569.9802252197265,627.9162208557129,False,3.2109027472091802,1,3.046405125748602,14.158613397173275,3.117221242935298,False,588.2943181434706,0.02175492776974569,0.04392482590302419,False,14.923681413919798,3.0,True,False,0,False,False,False,False,False,False,False,False,0,False,False,,H.G. Infra Engineering Ltd.,Construction,EQ,INE926X01010,SELL,Stage 4 takes precedence: the guide requires SELL regardless of RS.
HBLENGINE,2026-08-21,702.5499877929688,-0.10423307570110474,-0.024710194205934566,-0.2146692808472248,-0.1127458325817875,-0.11211829180743127,747.2122979525863,-1.0283734259507904,Stage 4 — Declining,750.0078424191943,1119.1117883166673,False,613.0,1.008697037450348,1.2636359213452093,705026263.5631835,749.5219995117187,True,-5.977191526691328,False,-37.22253709348177,False,False,True,False,False,False,False,False,746.8372424316407,783.4932232666016,False,2.934207616439501,1,1.4432551567099023,21.736302415356615,1.2012670518375048,False,844.9000244140625,0.029857246378796488,0.04644557291315324,False,20.261908632050574,19.0,True,False,1,False,False,False,False,False,False,False,False,0,False,False,,HBL Engineering Ltd.,Capital Goods,EQ,INE292B01021,SELL,Stage 4 takes precedence: the guide requires SELL regardless of RS.
HCLTECH,2026-08-24,1322.0,0.14733383041346437,0.016326618711787422,-0.14870575624966642,-0.057580422416201205,0.020941620174569707,1283.0878199747165,-1.382025084092453,Stage 3 — Topping,1225.9482290230546,1729.0085007948294,False,1019.5907239069678,0.2959766733785563,1.059372632940973,3061369179.6232176,1228.3074279785155,False,3.0326981068256265,False,-23.539994199434332,True,True,False,False,False,False,False,False,1292.8376493326823,1364.5548617553711,False,2.1234074137703964,2,0.8417316230599647,26.105907535449486,0.3752323439777127,False,1379.800048828125,0.05622720554616309,0.07322009964346166,False,4.372167082309009,47.0,True,False,2,False,False,False,False,True,False,True,False,2,False,False,,HCL Technologies Ltd.,Information Technology,EQ,INE860A01027,SELL,Stage 3 + RS 47; RS below 50 in Stage 3 triggers SELL.
HDBFS,2026-08-24,688.9000244140625,0.05588780192644682,-0.03644720159236792,-0.06822124133722507,-0.12897049102194924,-0.02437266601972972,681.6665432028575,-0.5156939733687249,Stage 3 — Topping,711.1794158337163,798.3617498932989,False,553.7186859929476,0.27132979171364396,1.217634748291374,348873449.35548097,711.5405920410157,True,1.061146580147243,False,-13.71079281965425,True,False,True,False,False,False,False,False,682.8541333007812,699.7767581176757,False,2.3759423756659497,2,0.6336780570218765,16.470661725706893,0.734746353063414,False,786.5499877929688,0.029300244533650727,0.03451444356780323,False,14.174765556433467,36.0,True,False,2,False,False,False,True,False,False,True,False,2,False,False,,HDB Financial Services Ltd.,Financial Services,EQ,INE756I01012,SELL,Stage 3 + RS 36; RS below 50 in Stage 3 triggers SELL.
HDFCAMC,2026-08-24,2618.0,-0.023163783085409007,-0.002289370217569253,-0.003812578685529866,-0.08192822906863817,-0.02687154882851106,2582.4929416604236,0.15690933415448693,Stage 2 — Advancing,2623.1803864123776,2903.739155124938,False,2158.391558795009,0.7766261541237406,1.1094203623837278,1805255675.6181884,2623.18599609375,True,1.3749140517203884,False,-9.840386476196539,True,False,True,True,False,False,False,False,2579.397249348958,2580.9764233398437,False,1.6301975335588783,1,1.186123035820676,13.031986861270422,1.011399807742193,False,2838.39990234375,0.11134858102863462,0.12506263437689788,False,8.418636453160811,36.0,True,False,3,True,False,False,True,False,False,True,False,3,False,False,,HDFC Asset Management Company Ltd.,Financial Services,EQ,INE127D01025,WAIT,Stage 2 + RS 36; wait because the close is below its 50-session average — short-term timing has weakened even though the 30-week trend is intact.
HDFCBANK,2026-08-24,729.0,-0.03357167009889195,-0.18609856532749047,-0.2583123149069777,-0.24558966982875607,-0.15142877805220162,794.3044843281785,-1.4965491965930444,Stage 4 — Declining,768.4936343922335,1003.8961237048558,False,714.8271607333363,0.37256398617286257,0.5278182161221032,19015909158.089634,768.569462890625,True,-8.221593307938202,False,-27.382925106868417,False,False,False,False,True,True,False,False,797.37623046875,840.1275500488281,False,1.0498734611916396,2,0.5336074452177811,15.172007641051305,0.6272447013190579,False,843.0,0.031005773708890235,0.04205618179258779,False,15.637860082304522,12.0,True,False,0,False,False,False,False,False,False,False,False,0,False,False,,HDFC Bank Ltd.,Financial Services,EQ,INE040A01034,SELL,Stage 4 takes precedence: the guide requires SELL regardless of RS.
HDFCLIFE,2026-08-24,552.9500122070312,-0.10003113297814847,-0.24474883728258634,-0.2714228213233204,-0.29645542027112715,-0.20253786896666617,609.161050456844,-2.0100110924698322,Stage 4 — Declining,560.702543370864,800.1481539505304,False,530.5,0.6369883380292835,1.2078810389927335,1894709984.636847,560.333876953125,True,-9.227615292812462,False,-30.894046374164642,False,False,False,False,False,False,False,False,612.3033251953125,648.876558227539,False,1.48618351204511,3,0.7762242611528426,12.314049586776859,0.6523828968418098,False,605.0,0.023518028739121132,0.03432302192207526,False,9.41314524711152,6.0,True,False,0,False,False,False,False,False,False,False,False,0,False,False,,HDFC Life Insurance Company Ltd.,Financial Services,EQ,INE795G01014,SELL,Stage 4 takes precedence: the guide requires SELL regardless of RS.
HFCL,2026-08-24,238.4199981689453,0.6086632978111706,2.4354465839606605,2.350477598357643,2.2431654974908426,1.6492832550862975,140.79410947512275,8.132214785604353,Stage 2 — Advancing,210.81548952588847,239.41000366210938,True,59.81999969482422,1.2263514716845558,2.6275010020077367,5126984065.537613,211.4227993774414,False,69.33946956855628,True,-0.4135188496806941,True,True,True,True,False,False,False,False,138.7313998667399,121.23830003738404,True,3.913861961836461,3,0.7097932953740749,24.3765923385214,0.6756539885052619,False,239.41000366210938,0.01014046160617331,0.01014046160617331,True,0.41523592851575586,99.0,True,True,5,True,True,True,True,True,True,True,True,8,True,False,,HFCL Ltd.,Telecommunication,EQ,INE548A01028,WAIT,"Stage 2 + RS 99; wait because price is more than 20% above the 30-week line (currently +69%) — the guide treats that as poor entry timing, not a failed trend."
HAPPSTMNDS,2026-08-24,436.25,0.1920574754386397,0.21407181305979206,-0.13106082617982706,-0.2517010078844686,0.04308498597455517,374.7846345248288,0.025173059241412332,Stage 2 — Advancing,375.9472895603554,595.0073081354498,False,327.0399977629436,0.9723308823964233,2.6720945464256016,923133600.1465057,376.50054138183594,False,16.400182881856985,False,-26.681572808398112,True,True,True,True,False,False,False,False,375.7131697591146,401.06830444335935,False,4.395417171670333,2,2.038036990642078,26.772446876484057,2.021752505340194,False,453.1000061035156,0.018554552510978553,0.025461104560307944,False,3.8624655824677667,51.0,True,True,5,True,False,False,False,True,True,False,False,3,False,False,,Happiest Minds Technologies Ltd.,Information Technology,EQ,INE419U01012,HOLD,Stage 2 + RS 51; trend/leadership is adequate without a stronger entry trigger.
HAVELLS,2026-08-24,1268.5,0.05629109352289374,-0.09187712337056053,-0.10239922480988428,-0.1781991964320666,-0.05197867151334479,1254.7633658631207,-0.5194413039356971,Stage 3 — Topping,1223.6549096200981,1608.1409386787757,False,1123.5999755859375,0.29001485967833024,1.4202099066725506,1096628277.1192322,1224.7060083007811,False,1.0947589410557956,False,-21.12009777935382,True,True,False,False,False,False,False,False,1257.155428059896,1298.9481127929687,False,1.6977321028246242,2,0.981357186107983,13.285167389496197,0.557305106739419,False,1315.0,0.05395174753049008,0.06909520998603082,False,3.665746945210868,31.0,True,False,2,False,False,False,False,True,False,True,False,2,False,False,,Havells India Ltd.,Consumer Durables,EQ,INE176B01034,SELL,Stage 3 + RS 31; RS below 50 in Stage 3 triggers SELL.
HCG,2026-08-21,725.9500122070312,0.15781501149446764,0.23335039469610064,0.0027626216814373716,0.07064379511306473,0.12447736689590759,614.4413035425647,0.9220092612208131,Stage 2 — Advancing,663.3254897173713,804.6500244140625,False,513.2999877929688,0.45578921318112525,1.5452594043929682,133043106.41168824,663.9819995117188,False,18.14798387113017,False,-9.780651192341638,True,True,True,True,False,False,False,False,615.245926920573,637.3491949462891,False,3.501815536582748,2,1.413377727648405,21.774837670736755,1.3149075028081212,False,755.0,0.0308517098423791,0.0324101123533662,False,4.001651257591554,65.0,True,True,5,True,False,False,True,True,True,True,False,5,False,False,,Healthcare Global Enterprises Ltd.,Healthcare,EQ,INE075I01017,HOLD,Stage 2 + RS 65; trend/leadership is adequate without a stronger entry trigger.
HEMIPROP,2026-08-24,128.89999389648438,-0.10336673051030865,-0.08833726251560114,-0.057679653314584134,-0.056438084177001024,-0.08183769220556072,136.04972578074833,-0.14208730696509964,Stage 4 — Declining,136.73549008836935,190.69000244140625,False,111.19999694824219,0.8552228146079367,1.0686608409323306,50134067.95457687,136.64879974365235,True,-5.255234322034685,False,-32.40338127527595,False,False,True,False,False,False,False,False,135.96646647135415,136.02544986724854,False,2.1539380716021626,2,1.4084797054564453,11.58662223902945,0.8514848247295816,False,145.33999633789062,0.005482364940784262,0.007990377078148581,False,12.75407542269451,25.0,True,False,1,False,False,False,True,False,False,False,False,1,False,False,,Hemisphere Properties India Ltd.,Services,EQ,INE0AJG01018,SELL,Stage 4 takes precedence: the guide requires SELL regardless of RS.
HERITGFOOD,2026-08-21,380.8500061035156,0.17473425219642125,0.12612453926341516,-0.17121609166044238,-0.1898512743277807,0.022905135533606902,335.9837675949623,-1.349602623251267,Stage 3 — Topping,337.59703692267925,535.9513958603458,False,290.35662689794395,1.2825446439295456,4.697265794603374,121979618.509581,337.9969610595703,False,13.353692301778363,False,-28.939450658179698,True,True,True,False,False,False,False,False,338.85534932454425,369.8425054931641,False,2.9276613043056656,2,0.876349058679536,18.76377023493277,0.6916082659769285,False,387.04998779296875,0.016185513718846894,0.022698601795197802,False,1.6279326743053657,48.0,True,False,3,True,False,False,False,True,True,False,False,3,False,False,,Heritage Foods Ltd.,Fast Moving Consumer Goods,EQ,INE978A01027,SELL,Stage 3 + RS 48; RS below 50 in Stage 3 triggers SELL.
HEROMOTOCO,2026-08-24,5685.0,0.16162358398541277,0.046746999910185494,-0.016873754666478002,0.1767064896087347,0.10596538056465354,5177.821362639127,0.4606218239659343,Stage 2 — Advancing,5174.564740349265,6175.521739453033,False,4603.781580166306,0.3878720646591708,2.8913236031276774,4073655302.703809,5179.03259765625,False,9.79521311840632,False,-7.94300077221457,True,True,False,True,False,False,False,False,5183.907692057292,5304.506657714844,True,2.21510239979897,2,0.9505092976261837,22.456096005283705,0.6988367542368699,False,5937.0,0.24179399661871193,0.2581446846486796,False,4.432717678100273,62.0,True,True,4,True,False,True,False,True,False,True,False,4,False,False,,Hero MotoCorp Ltd.,Automobile and Auto Components,EQ,INE158A01026,HOLD,Stage 2 + RS 62; trend/leadership is adequate without a stronger entry trigger.
HEXT,2026-08-24,562.5,0.0942515579370935,0.20102626756261444,-0.21397554215303494,-0.27726705311757793,-0.020342642366762288,515.1317774106378,-1.4958389764383129,Stage 3 — Topping,544.8872566971124,807.5037961542022,False,392.77756486306447,2.4096381892842453,3.132064546234917,615071105.8044678,545.8300018310547,False,9.195360229466587,False,-30.34088475138461,True,True,True,False,False,False,False,False,520.1750366210938,570.9335998535156,False,3.6704752604166666,3,0.7235335500088446,24.21322908617296,0.3516270865897975,False,622.7999877929688,0.0239242081087116,0.03485860961935244,False,10.719997829861105,37.0,True,False,3,False,False,False,False,True,True,False,False,2,False,False,,Hexaware Technologies Ltd.,Information Technology,EQ,INE093A01041,SELL,Stage 3 + RS 37; RS below 50 in Stage 3 triggers SELL.
HSCL,2026-08-24,662.2000122070312,0.12782080332511914,0.35825135553034215,0.5713230219236036,0.41250033605433734,0.3195432640317043,588.6665517728622,3.2102043644602896,Stage 2 — Advancing,716.0451025869332,819.5,False,417.9330556788151,1.1193470045579539,0.3846942575569243,5137914223.106494,716.9880041503907,True,12.491530258125149,False,-19.1946293829126,True,False,True,True,True,True,False,False,585.0929970296224,554.7544789123535,True,4.846937764458734,2,1.4930863878899414,23.117756218063608,0.8235856838346298,False,819.5,0.028164641602902007,0.034458151417409884,False,23.75415054262944,85.0,True,True,4,True,True,True,True,False,True,True,True,7,False,False,,Himadri Speciality Chemical Ltd.,Chemicals,EQ,INE019C01026,REDUCE,Stage 2 + RS 85; distribution warning (U/D 0.38) triggers REDUCE.
HINDALCO,2026-08-24,1058.5,-0.04073031315096898,0.15297383433721112,0.37355171867574843,0.5109654455403534,0.191206074450275,989.6455537978917,0.74197016275106,Stage 2 — Advancing,988.5109839345895,1169.8969824893504,False,693.3828089038235,0.7421308091805393,1.4945695916958277,5063605212.874344,988.1084387207031,False,6.95748552983142,False,-9.52194801394528,True,True,False,True,False,False,False,False,988.1365388997395,952.0780523681641,True,2.5885681527146316,2,1.0405363987139686,14.275954763152487,0.7032623814995743,False,1087.949951171875,0.04502004316990441,0.050634792086899756,False,2.782234404522921,73.0,True,True,4,True,True,True,False,True,True,True,True,7,False,False,,Hindalco Industries Ltd.,Metals & Mining,EQ,INE038A01020,HOLD,Stage 2 + RS 73; trend/leadership is adequate without a stronger entry trigger.
HAL,2026-08-24,4906.0,0.12534139689894852,0.24372341340747194,0.115112115098575,0.10815678261693407,0.14353502098417562,4324.37908015839,1.0013895122952476,Stage 2 — Advancing,4597.997357536765,5149.89990234375,False,3472.0644756594256,0.7192692040843208,2.010874835302042,5648788134.214087,4604.4366015625,False,13.449813465944027,False,-4.73601248507276,True,True,True,True,False,False,False,False,4324.349563802083,4353.0535546875,True,2.601062289037477,2,1.0659544321235395,17.8251116425436,1.516824436598641,False,5149.89990234375,0.20866162663349178,0.2172338540218736,False,4.971461523517129,68.0,True,True,5,True,False,True,True,True,True,True,False,6,False,False,,Hindustan Aeronautics Ltd.,Capital Goods,EQ,INE066F01020,HOLD,Stage 2 + RS 68; trend/leadership is adequate without a stronger entry trigger.
HCC,2026-08-24,22.520000457763672,0.07906083144129283,0.23940563363811362,-0.037195337947285134,-0.1747893110201274,0.03710852951065735,20.687534293083296,0.27955681370972485,Stage 2 — Advancing,23.085294237323836,30.0,False,13.649999618530273,2.5955978856050077,1.1736940323503948,499737189.57164,23.069600105285645,True,8.8578278045105,False,-24.93333180745443,True,False,True,True,False,False,False,False,20.646866709391276,20.69761445045471,False,3.584114181891799,3,0.9283082086566814,31.122809962222455,0.859434246860723,False,28.5,0.0009578189823285664,0.0012630089317144577,False,26.554171495030985,50.0,True,True,4,True,False,False,True,False,True,True,False,4,False,False,,Hindustan Construction Co. Ltd.,Construction,EQ,INE549A01026,HOLD,Stage 2 + RS 50; trend/leadership is adequate without a stronger entry trigger.
HINDCOPPER,2026-08-24,574.1500244140625,0.05203852389200647,0.018990171222322605,0.8355270064333089,1.4289272664422628,0.4775042983763815,536.2249293915213,0.08459200446513382,Stage 2 — Advancing,509.6078431372549,758.8333740234375,False,225.17591695325885,1.7644181053931907,2.134733622639639,6479083831.91128,509.4780004882812,False,7.072609448720812,False,-24.337800093076932,True,True,False,True,False,False,False,False,536.3631166585286,505.098475189209,True,4.692653099060477,2,1.7428441733092126,20.068172134639966,3.5278552286708305,False,586.75,0.024419706079473563,0.03280051473961458,False,2.1945441174188174,91.0,True,True,4,True,True,True,False,True,True,True,True,7,False,False,,Hindustan Copper Ltd.,Metals & Mining,EQ,INE531E01026,HOLD,Stage 2 + RS 91; trend/leadership is adequate without a stronger entry trigger.
HINDPETRO,2026-08-24,371.95001220703125,0.003753185612335619,-0.12512592226348684,-0.15535590719631542,0.011357050821196868,-0.052323681482786835,373.73616675808006,-0.8661249974271645,Stage 4 — Declining,375.39870976466756,483.5386775606495,False,300.70788795552824,0.7195566183833678,0.8819416024172987,2201017210.5217514,375.26725830078124,True,-0.47791857195479404,False,-23.077505592015825,False,False,True,False,False,False,False,False,374.8557385253906,392.1909352111816,False,1.6124445376950747,3,0.4422175193571745,11.416673941689716,0.9762994549649033,False,399.4222517252405,0.01581975021880682,0.019881373313176624,False,7.386003123161067,31.0,True,False,1,False,False,False,False,False,False,True,False,1,False,False,,Hindustan Petroleum Corporation Ltd.,Oil Gas & Consumable Fuels,EQ,INE094A01015,SELL,Stage 4 takes precedence: the guide requires SELL regardless of RS.
HINDUNILVR,2026-08-24,2030.0,-0.06941003102048637,-0.13056553267353654,-0.15409274960041364,-0.21412660655065885,-0.12752099017311636,2184.0873697359266,-0.908198722626441,Stage 4 — Declining,2123.8642243030026,2701.0768426775303,False,2002.13518292342,0.5331886194461007,0.3864466922669657,3875639807.9821167,2123.6537060546875,True,-7.055000265605537,False,-24.844789014306734,False,False,False,False,True,True,False,False,2188.8811971028645,2227.999428100586,False,1.2248420044203026,2,1.42392627309784,10.409507103714681,0.6282635076244323,False,2239.300048828125,0.08633980881899475,0.11630180079523313,False,10.310347232912553,16.0,True,False,0,False,False,False,False,False,False,True,False,1,False,False,,Hindustan Unilever Ltd.,Fast Moving Consumer Goods,EQ,INE030A01027,SELL,Stage 4 takes precedence: the guide requires SELL regardless of RS.
HINDZINC,2026-08-24,604.0,-0.04468169236852515,0.029606904237303056,0.35470400942823144,0.44748330304193606,0.14848616639408407,576.2135661922089,-0.7301665074908481,Stage 3 — Topping,550.2647106694241,719.8477125036038,False,410.49978483014684,3.022181179877876,1.6642268212810352,3397526398.342279,549.9930053710938,False,4.822245680783288,False,-16.093363983986244,True,True,False,False,False,False,False,False,578.5703975423177,568.8179806518555,True,3.2320244535592333,3,1.050962627134242,16.15923119951768,1.6240814279542828,False,614.2000122070312,0.025689283018065435,0.03129602394616798,False,1.6887437428859675,68.0,True,True,3,True,True,True,False,True,True,True,False,6,False,False,,Hindustan Zinc Ltd.,Metals & Mining,EQ,INE267A01025,REDUCE,Stage 3 with RS 68; the guide requires REDUCE when RS is 50 or higher.
POWERINDIA,2026-08-24,33840.0,-0.0480078532670718,0.35919691805914544,0.5712598796158948,0.7030480251231352,0.3074978232528064,29993.01811322774,3.972143743915213,Stage 2 — Advancing,33521.333984375,38775.74235339215,False,16107.154467866794,0.5494309462748899,1.4021305249036649,4727258627.461426,33498.0262890625,False,12.82625800527768,False,-12.728943545191374,True,True,True,True,False,False,False,False,29640.630794270834,27170.963432617187,True,3.7089453848958143,2,0.8033249762523018,18.57506034443493,0.6893546879938095,False,37326.085544602036,1.43928035982009,1.6964216012159596,False,10.30167123109349,84.0,True,True,5,True,True,True,True,True,True,True,True,8,True,False,,Hitachi Energy India Ltd.,Capital Goods,EQ,INE07Y701011,HOLD,Stage 2 + RS 84; trend/leadership is adequate without a stronger entry trigger.
HOMEFIRST,2026-08-21,1193.699951171875,0.1183126804903254,0.03386080502894906,0.024586518230623966,-0.06262425599774235,0.046489685648496294,1126.599144829644,0.7684334974890739,Stage 2 — Advancing,1187.4156805300245,1368.6040625997546,False,889.5428439967044,1.125264688781514,1.1901398553811924,175103191.85688478,1188.9779931640626,False,5.956049820397968,False,-12.779745158408895,True,True,True,True,False,False,False,False,1123.7565307617188,1124.362140197754,False,1.7813758143901242,3,0.5981666138393433,14.554897233662897,0.5239794073775996,True,1289.5999755859375,0.05073033117039748,0.05744454051065254,False,8.03384672336762,52.0,True,True,5,True,False,False,True,True,True,True,False,5,False,False,,Home First Finance Company India Ltd.,Financial Services,EQ,INE481N01025,HOLD,Stage 2 + RS 52; trend/leadership is adequate without a stronger entry trigger.
HONASA,2026-08-21,481.8999938964844,0.3367544906975988,0.6020612149364883,0.6808509709741335,0.6060657007224748,0.5124973736056588,371.93793187634697,3.6160066307668215,Stage 2 — Advancing,454.06666774375765,509.79998779296875,False,248.39999389648438,0.6216111730996019,3.4917058335782194,1043075820.1392472,454.8750012207031,False,29.56462694337263,True,-5.472733339455205,True,True,True,True,False,False,False,False,368.8480008951823,346.73425094604494,True,3.3765154400464654,2,1.128375243355392,21.890933357820828,2.2511063913924256,False,509.79998779296875,0.020479975941509593,0.02130968893569676,False,5.789581707792579,92.0,True,True,5,True,True,True,True,True,True,True,True,8,True,False,,Honasa Consumer Ltd.,Fast Moving Consumer Goods,EQ,INE0J5401028,WAIT,"Stage 2 + RS 92; wait because price is more than 20% above the 30-week line (currently +30%) — the guide treats that as poor entry timing, not a failed trend."
HONAUT,2026-08-21,36700.0,0.052588769884345465,0.19125310438768683,0.0781827057896547,-0.029820383767831027,0.06895859323564028,33558.04162597656,0.7805955660731501,Stage 2 — Advancing,38002.96185661765,41495.0,False,26146.075333867524,0.4227042387940643,1.8184281236005373,251105876.75,38041.860078125,True,9.362758438178087,False,-11.555609109531273,True,False,True,True,False,False,False,False,33548.784205729164,33764.7885546875,True,2.0046710782405603,3,0.696968767193186,14.039883962120278,0.4428075866108032,False,41495.0,1.5596910698754947,1.7259162184584527,False,13.065395095367837,56.0,True,True,4,True,False,True,True,False,True,True,False,5,False,False,,Honeywell Automation India Ltd.,Capital Goods,EQ,INE671A01010,HOLD,Stage 2 + RS 56; trend/leadership is adequate without a stronger entry trigger.
HUDCO,2026-08-21,186.08999633789062,-0.08409512329754754,-0.0272722972906686,-0.16859737653607698,-0.09341254120702058,-0.09149449232577225,194.78576554923222,-0.5849371667843495,Stage 4 — Declining,199.92385594985063,239.21870378078592,False,156.7442971017576,0.3484987941026716,0.8153648751246122,411811217.0615913,199.86709197998047,True,-4.464273447714396,False,-22.209261484662633,False,False,True,False,False,False,False,False,195.06855346679689,200.81546981811525,False,2.3082002714671366,1,1.451251917828339,14.158335143533392,0.7541965888662159,False,214.90729010906625,0.007908526034914754,0.009945563460849956,False,15.485675930075772,22.0,True,False,1,False,False,False,False,False,False,True,False,1,False,False,,Housing & Urban Development Corporation Ltd.,Financial Services,EQ,INE031A01017,SELL,Stage 4 takes precedence: the guide requires SELL regardless of RS.
HYUNDAI,2026-08-24,2207.0,0.20527769778033766,0.03156461240521935,-0.03312078802627205,-0.058532802577157095,0.0700932834724931,1976.7723162925406,-0.17428120883610232,Stage 3 — Topping,2036.1708601409314,2862.6621204739863,False,1642.3163104887294,0.6904923887707083,1.8810501676517162,1947428185.8886108,2036.6763500976563,False,11.64664649590268,False,-22.903929729765828,True,True,True,False,False,False,False,False,1984.9634252929689,2065.152787475586,False,2.0622676642197715,2,0.6482301202428823,18.004543543399222,0.7660691561293164,False,2273.89990234375,0.09386795963720268,0.11848116013376947,False,3.031259734651104,56.0,True,True,4,True,False,False,False,True,True,True,False,4,False,False,,Hyundai Motor India Ltd.,Automobile and Auto Components,EQ,INE0V6F01027,REDUCE,Stage 3 with RS 56; the guide requires REDUCE when RS is 50 or higher.
ICICIBANK,2026-08-24,1415.0,0.12863173965197605,0.030422572922054858,0.04277192116959205,-0.006593497755560951,0.06477289512800762,1334.323049884953,0.19849633636643826,Stage 2 — Advancing,1400.4449438955269,1467.6271961496604,False,1177.67166509731,0.45582725155744963,0.6711046880514017,14628729568.531672,1402.123818359375,False,6.046283178725198,False,-3.5858695101677496,True,True,True,True,True,False,False,False,1334.7766373697916,1342.3613256835938,True,1.3584053390017667,3,0.5371335587224457,10.385134089727948,0.5759550928805518,True,1467.6271961496604,0.06018267462013674,0.06212997021403192,False,3.7192364770078035,55.0,True,True,5,True,False,True,True,True,False,True,False,5,False,False,,ICICI Bank Ltd.,Financial Services,EQ,INE090A01021,REDUCE,Stage 2 + RS 55; distribution warning (U/D 0.67) triggers REDUCE.
ICICIGI,2026-08-24,1620.0,-0.10954382828036258,-0.14588422148299052,-0.1859068765173335,-0.14615854535347517,-0.13940745998290488,1779.0052122351242,-0.8602830271498996,Stage 4 — Declining,1709.5941162109375,2057.089271774458,False,1544.5999755859375,0.5881862474025997,0.8757250415064552,1229524136.9048035,1709.1039990234376,True,-8.937872196301866,False,-21.247948631681023,False,False,False,False,False,False,False,False,1780.7503198242186,1825.4676025390625,False,2.063051792259149,3,0.30404961782755013,18.426196166573146,0.5204983325993044,False,1893.5,0.06890171935308942,0.08583928231133418,False,16.88271604938272,14.0,True,False,0,False,False,False,False,False,False,True,False,1,False,False,,ICICI Lombard General Insurance Company Ltd.,Financial Services,EQ,INE765G01017,SELL,Stage 4 takes precedence: the guide requires SELL regardless of RS.
ICICIAMC,2026-08-24,3230.0,,,,,,3143.461751859482,0.7849031504969295,Stage 2 — Advancing,3199.392142501532,,False,,1.2974938271463523,0.6966787434955263,935852192.2772461,3197.995986328125,False,2.7529601112317392,False,,True,True,True,True,True,False,False,False,3134.984931640625,,False,2.3007516637411545,3,0.8882253845649879,15.344730941704036,0.7867607679248945,False,3568.0,0.13737811945091283,,False,10.464396284829714,,True,False,4,False,False,False,False,True,False,False,False,1,False,False,,ICICI Prudential Asset Management Company Ltd.,Financial Services,EQ,INE346A01027,REDUCE,Stage 2 + RS unavailable; distribution warning (U/D 0.70) triggers REDUCE.
ICICIPRULI,2026-08-21,515.0,0.013109685630495083,-0.20652962503743888,-0.15405592994285056,-0.17865981074374282,-0.10260519889260844,543.3193405677532,-2.000946234074452,Stage 4 — Declining,501.5392150878906,704.3556293706895,False,459.5,0.8993339281341571,1.0136911216128885,756352771.8661773,502.2069995117188,False,-5.212282805570723,False,-26.88352608750644,False,True,False,False,False,False,False,False,547.0728190104167,570.0641870117188,False,2.239250786261486,2,0.6052001972370344,10.583704674986508,0.6281604754815007,False,531.9500122070312,0.02188667305138637,0.029107652936680727,False,3.29126450621966,20.0,True,False,1,False,False,False,False,True,False,False,False,1,False,False,,ICICI Prudential Life Insurance Company Ltd.,Financial Services,EQ,INE726G01019,SELL,Stage 4 takes precedence: the guide requires SELL regardless of RS.
IDBI,2026-08-24,87.93000030517578,0.2103234474655027,-0.2227525639534198,-0.11118972976920638,-0.07442104941920236,0.00245671035783537,84.63835609122498,-1.3892484355432888,Stage 3 — Topping,84.09137262082568,118.37999725341797,False,61.0099983215332,4.219636360600573,2.800060908283473,638126458.6416382,84.23560012817383,False,3.889069171432169,False,-25.7222483989904,True,True,False,False,False,False,False,False,84.99673324584961,89.05729988098145,False,1.9820968847450993,2,0.6768802817899633,17.224931587694783,0.5375731935286725,False,92.25,0.0037398322245335114,0.005026723426993623,False,4.912998612340425,41.0,True,False,2,False,False,False,False,True,True,False,False,2,False,False,,IDBI Bank Ltd.,Financial Services,EQ,INE008A01015,SELL,Stage 3 + RS 41; RS below 50 in Stage 3 triggers SELL.
IDFCFIRSTB,2026-08-24,85.88999938964844,0.2506144886230457,0.21378494054889674,0.10481356264874009,0.2362560390584807,0.2112167039004418,74.79960096698917,0.3228464755014482,Stage 2 — Advancing,81.793119393143,88.50001826783308,True,57.90987854420542,0.5665700322350421,1.3018860605774556,1214414967.867104,81.86697052001954,False,14.826814955274582,False,-2.949173264897853,True,True,True,True,False,False,False,False,75.00461631774903,76.78674173355103,True,1.3491444722441626,2,0.6698006294023952,13.373142187702472,0.4326041512473454,False,88.50001826783308,0.0036530670575201096,0.003698862260177143,False,3.0387925215181744,75.0,True,True,5,True,False,True,True,True,True,True,True,7,False,False,,IDFC First Bank Ltd.,Financial Services,EQ,INE092T01019,HOLD,Stage 2 + RS 75; trend/leadership is adequate without a stronger entry trigger.
IFBIND,2026-08-21,1393.199951171875,0.33704409901331567,0.20196702658681143,-0.17969858034327313,-0.05185795016749983,0.128899738820534,1193.13482539736,-0.010634441526524707,Stage 3 — Topping,1331.2000014361213,2019.800048828125,False,883.2000122070312,0.3087061289415185,1.841569094768872,104997599.27236328,1332.0680004882813,False,16.76802332107654,False,-31.022877636813572,True,True,True,False,False,False,False,False,1198.9049975585938,1305.826748046875,False,3.3591742457015976,2,1.036753886512594,16.469072529415836,0.377029155561675,False,1476.0999755859375,0.05920876082816754,0.08174889524202437,False,5.95033213605356,65.0,True,True,4,True,False,False,True,True,True,False,False,4,False,False,,IFB Industries Ltd.,Consumer Durables,EQ,INE559A01017,REDUCE,Stage 3 with RS 65; the guide requires REDUCE when RS is 50 or higher.
IFCI,2026-08-24,82.4800033569336,0.35791901675521265,0.40463218055678984,0.634886067584034,0.5262768682380716,0.45632662997786416,66.30123300421728,2.1192393102833718,Stage 2 — Advancing,77.01352975882736,95.80000305175781,False,46.22999954223633,0.577376922972904,4.961624810213477,1835283280.1851974,76.76180038452148,False,24.401914745216292,True,-13.903965835604238,True,True,True,True,False,False,False,False,66.11420010884603,62.558000049591065,True,3.159206928329323,2,0.5748684181795027,28.862213616987525,0.45115135181447447,True,95.80000305175781,0.0035080333602106857,0.003914150590669422,False,16.149368516853357,90.0,True,True,5,True,True,True,True,True,True,True,True,8,True,False,,IFCI Ltd.,Financial Services,EQ,INE039A01010,WAIT,"Stage 2 + RS 90; wait because price is more than 20% above the 30-week line (currently +24%) — the guide treats that as poor entry timing, not a failed trend."
IIFLCAPS,2026-08-24,333.75,-0.025689645618341972,0.11231465948361885,0.15243936750886267,0.04468296194488741,0.051611539540137,322.9644276867174,-0.4775712084536421,Stage 3 — Topping,338.18823481541057,407.5051309315702,False,240.39999389648438,0.3287839228383018,0.3757306757396678,78946012.84929046,338.13899963378907,True,3.3395542631539765,False,-18.099190742203298,True,False,True,False,True,True,False,False,323.64219553629556,325.3728072357178,True,0.8903164605905565,3,0.460230591369755,4.979259924522159,0.3559234634630919,False,349.45001220703125,0.014195030144502217,0.016315836879667943,False,4.704123507724711,53.0,True,True,3,True,False,True,True,False,True,True,False,5,False,False,,IIFL Capital Services Ltd.,Financial Services,EQ,INE489L01022,REDUCE,Stage 3 with RS 53; the guide requires REDUCE when RS is 50 or higher.
IIFL,2026-08-24,696.4000244140625,0.505078897863664,0.3860085729824112,0.30691655095898973,0.5552046482959674,0.45165751359293926,511.19889977860123,0.4209758753902282,Stage 2 — Advancing,570.6960766362209,705.0,True,409.1000061035156,1.7472082724093847,5.332957196367077,1462399547.8729584,571.6629986572266,False,36.22877997500999,True,-1.2198546930407783,True,True,True,True,False,False,True,True,513.7405904134115,530.329384765625,True,2.6385696949767294,2,1.2278152032536527,30.99290780141844,1.0946813079654623,False,705.0,0.029619233975100214,0.029619233975100214,True,1.2349189093112667,90.0,True,True,5,True,False,True,True,True,True,True,True,7,False,False,,IIFL Finance Ltd.,Financial Services,EQ,INE530B01024,WAIT,"Stage 2 + RS 90; wait because price is more than 20% above the 30-week line (currently +36%) — the guide treats that as poor entry timing, not a failed trend."
INOXINDIA,2026-08-24,1941.5,0.34214925744435365,0.6826825895937074,0.6568657538927276,0.6873567237663922,0.542240716428307,1537.2974544159354,3.45189657179803,Stage 2 — Advancing,1931.1980435240503,2119.800048828125,False,1066.9168905614442,0.39409675675512024,1.286730459563547,292249278.89036256,1934.09400390625,False,26.293060228713717,True,-8.41117297486116,True,True,True,True,False,False,False,False,1525.8639721679688,1431.5061999511718,True,2.9207907968226885,3,0.3913827002840274,16.454384413329446,0.27014613417715505,True,2119.800048828125,0.0825757334098908,0.08966198032317854,False,9.183623426635323,93.0,True,True,5,True,True,True,True,True,True,True,True,8,True,False,,INOX India Ltd.,Capital Goods,EQ,INE616N01034,WAIT,"Stage 2 + RS 93; wait because price is more than 20% above the 30-week line (currently +26%) — the guide treats that as poor entry timing, not a failed trend."
IRB,2026-08-21,18.950000762939453,-0.1663212604794514,-0.06385334340783777,-0.1265144382490757,-0.14215670106297273,-0.1330334007357578,20.7401041359737,-0.37255539289454687,Stage 4 — Declining,20.231713425879384,23.835262248930352,False,18.899999618530273,0.4255410829487933,1.313743838477503,207841208.71524543,20.22118148803711,True,-8.631120467371778,False,-20.49594183177126,False,False,False,False,False,False,False,False,20.718072090148926,20.81736773490906,False,1.130646921811842,2,0.9463402389163412,13.837830805190364,0.5162737036495779,False,21.93538045194526,0.000805344603926171,0.0010733572304050993,False,15.75398189346946,15.0,True,False,0,False,False,False,False,False,False,True,False,1,False,False,,IRB Infrastructure Developers Ltd.,Construction,EQ,INE821I01022,SELL,Stage 4 takes precedence: the guide requires SELL regardless of RS.
IRCON,2026-08-24,123.0999984741211,-0.1263307039987559,-0.16841181186757148,-0.225756749535597,-0.27101540670792057,-0.18356907522172017,138.44450414997257,-1.58008522415235,Stage 4 — Declining,130.4688237508138,188.0146956609217,False,114.5,0.632369866624275,0.8066992226650251,172444379.26252976,130.3234001159668,True,-11.083506542974986,False,-34.52639537489778,False,False,False,False,False,False,False,False,138.89922643025716,144.66693187713622,False,2.383660785055942,3,0.7586540893845258,14.800556193029134,0.8942013558210689,False,142.89999389648438,0.005235679967425695,0.007914376689757415,False,16.084480639961797,8.0,True,False,0,False,False,False,False,False,False,False,False,0,False,False,,IRCON International Ltd.,Construction,EQ,INE962Y01021,SELL,Stage 4 takes precedence: the guide requires SELL regardless of RS.
ITCHOTELS,2026-08-24,164.58999633789062,0.06675742757118619,-0.07777141293753531,-0.20648943464072478,-0.32324698799338214,-0.09479859608585396,164.87584978913608,-0.7781968646698112,Stage 4 — Declining,170.357842538871,252.01763269909762,False,136.40565982941717,0.2152979839818784,0.9800604837598705,286331903.57485044,170.58459930419923,True,-0.1733749676566032,False,-34.691079122068125,False,False,True,False,False,False,False,False,165.36029052734375,173.80554794311524,False,2.0909109330266378,3,0.27185106598540754,16.702124413023604,0.33328894211016596,False,188.0,0.007000329466666268,0.01089092985077521,False,14.22322387932402,22.0,True,False,1,False,False,False,False,False,False,False,False,0,False,False,,ITC Hotels Ltd.,Consumer Services,EQ,INE379A01028,SELL,Stage 4 takes precedence: the guide requires SELL regardless of RS.
ITC,2026-08-24,269.70001220703125,-0.08171193045161751,-0.14359343196777774,-0.29908613038325804,-0.2898473058364751,-0.17919014581814918,292.9713891434343,-0.9387041742136226,Stage 4 — Declining,283.3147050446155,407.1428648264985,False,265.0,0.6167673355338897,0.7911730555837545,4165204337.447165,283.22299926757813,True,-7.943225106192786,False,-33.75789298875168,False,False,False,False,False,False,False,False,293.4802978515625,312.76573989868166,False,1.460618197941862,1,2.6569242344762394,10.032248860162452,0.8970874420021707,False,294.54998779296875,0.011470860833712133,0.01739286611720863,False,9.21393194704856,9.0,True,False,0,False,False,False,False,False,False,False,False,0,False,False,,ITC Ltd.,Fast Moving Consumer Goods,EQ,INE154A01025,SELL,Stage 4 takes precedence: the guide requires SELL regardless of RS.
ITI,2026-08-21,279.25,-0.027681099822866262,-0.004811140677657755,-0.060555088309503735,-0.061659965481092316,-0.03647767882279727,285.4093105973869,-0.3844112011685552,Stage 4 — Declining,289.1156873516008,372.8500061035156,False,237.0,0.29130564599961406,0.9324156956905211,96106808.42157593,288.91300109863283,True,-2.158062252592563,False,-25.10393042008672,False,False,True,False,False,False,False,False,285.6783337402344,291.42675018310547,False,3.001664334024092,1,0.9409087664063185,16.67945529706382,0.8982291448475387,False,325.8500061035156,0.011867676601164357,0.015433147186098159,False,16.687558139128257,35.0,True,False,1,False,False,False,False,False,False,False,False,0,False,False,,ITI Ltd.,Telecommunication,EQ,INE248A01017,SELL,Stage 4 takes precedence: the guide requires SELL regardless of RS.
INDGN,2026-08-21,567.7999877929688,0.11986843509423917,0.1757407136732425,0.1181120050076152,-0.004463566711915834,0.10582520443148405,499.9538176437904,1.0074687016689454,Stage 2 — Advancing,524.3369733025046,594.1911109088581,False,412.19021062389317,0.8649451970696574,3.7425301621448583,437218464.0478775,524.6613323974609,False,13.570487464007662,False,-4.44152102435903,True,True,True,True,False,False,False,False,499.2877770996094,504.2798617553711,True,3.0877323187731784,2,0.7285874613239282,17.778752932509416,1.6114919501207772,False,583.5999755859375,0.024130587750302676,0.025222599892012587,False,2.7826678641510894,62.0,True,True,5,True,False,True,True,True,True,True,False,6,False,False,,Indegene Ltd.,Healthcare,EQ,INE065X01017,HOLD,Stage 2 + RS 62; trend/leadership is adequate without a stronger entry trigger.
INDIACEM,2026-08-21,370.8999938964844,-0.08033720524959864,-0.12358227032602609,-0.08124849472069351,-0.05128537583963344,-0.08335811027711007,396.2382770406789,-1.5174876957924965,Stage 4 — Declining,386.76274557674634,485.79998779296875,False,342.3500061035156,0.1494385904093756,0.8086168471585478,59368893.29097442,386.63600036621096,True,-6.394708591364385,False,-23.65170785995384,False,False,False,False,False,False,False,False,398.4930010986328,404.3297508239746,False,2.0712177059269794,2,1.2133885348202749,12.055711437386012,0.4607531880772632,False,416.3999938964844,0.015762654177036026,0.020376574788219425,False,12.267457737596722,25.0,True,False,0,False,False,False,False,False,False,True,False,1,False,False,,India Cements Ltd.,Construction Materials,EQ,INE383A01012,SELL,Stage 4 takes precedence: the guide requires SELL regardless of RS.
INDIAGLYCO,2026-08-24,1191.300048828125,0.20552523184804783,0.29369587178118906,0.05997241653765206,0.41525089081018596,0.23599392856502457,990.3649793651006,1.277563904195822,Stage 2 — Advancing,1079.225492589614,1211.5406825333423,True,785.7167851431964,2.6734067588373676,2.479443320742299,306115405.21415406,1081.232001953125,False,20.28899180096606,True,-1.6706524177870774,True,True,True,True,False,False,True,True,986.9831107584636,999.0125469970703,True,3.9914382005070417,1,1.5510390236753742,23.689590697714195,2.9983553084470715,False,1199.050048828125,0.050668284956590856,0.051157295185318315,False,0.650549792860633,77.0,True,True,5,True,False,True,True,True,True,True,True,7,False,False,,India Glycols Ltd.,Fast Moving Consumer Goods,EQ,INE560A01023,WAIT,"Stage 2 + RS 77; wait because price is more than 20% above the 30-week line (currently +20%) — the guide treats that as poor entry timing, not a failed trend."
INDIASHLTR,2026-08-21,675.25,-0.1340894305226914,-0.05320238898468155,-0.2220638530456549,-0.2548944440710298,-0.1596679094293498,752.5570797390408,-0.8802510599429492,Stage 4 — Declining,747.9973204369638,956.1393942292481,False,640.0,0.3693672383037374,0.9227572034039635,116767864.3309021,747.2958264160156,True,-10.272586866878996,False,-29.377452275740122,False,False,False,False,False,False,False,False,752.7979300944011,773.6825650024414,False,3.728778347015986,2,1.3481320994814745,22.82182695206512,1.5455274365208005,False,829.25,0.028697040733880866,0.041687547248691115,False,22.806368011847454,11.0,True,False,0,False,False,False,False,False,False,False,False,0,False,False,,India Shelter Finance Corporation Ltd.,Financial Services,EQ,INE922K01024,SELL,Stage 4 takes precedence: the guide requires SELL regardless of RS.
INDIAMART,2026-08-24,1746.0,-0.11506351170859075,-0.1882416758805957,-0.22148596395107945,-0.32730907772339457,-0.19343274819445025,1979.1055072105094,-1.1747448604678912,Stage 4 — Declining,1866.3753183402266,2609.6385944142744,False,1722.300048828125,0.4387243816189886,1.0791708225280936,221599222.984375,1863.8788647460938,True,-11.778326438950938,False,-33.09418385606438,False,False,False,False,False,False,False,False,1983.4284488932292,2042.3722595214845,False,1.9931269480112705,3,0.49749520227538346,18.57122739786113,0.849649039306171,False,2115.10009765625,0.07426074196944081,0.11331774157672424,False,21.13975358855957,7.0,True,False,0,False,False,False,False,False,False,False,False,0,False,False,,Indiamart Intermesh Ltd.,Consumer Services,EQ,INE933S01016,SELL,Stage 4 takes precedence: the guide requires SELL regardless of RS.
INDIANB,2026-08-24,870.4500122070312,0.07632778977852395,-0.09824726866629252,0.04006193353485332,0.32636017351785274,0.08416608358869229,859.9449128451413,0.3781952221118212,Stage 2 — Advancing,845.7892180798101,980.0229061203939,False,629.1964291964156,0.3043158827761716,1.6341884873839412,1135010090.6929412,845.7130029296875,False,1.2216014310886036,False,-11.180646210314382,True,True,False,True,False,False,False,False,859.5502779134115,848.5557403564453,True,2.1991908638521718,2,0.5376375827465563,14.887142023705117,0.3092864983092474,True,903.7999877929688,0.037021915093816124,0.04266820985262522,False,3.8313487412537928,58.0,True,True,4,True,True,True,False,True,True,True,False,6,False,False,,Indian Bank,Financial Services,EQ,INE562A01011,HOLD,Stage 2 + RS 58; trend/leadership is adequate without a stronger entry trigger.
IEX,2026-08-24,123.01000213623047,-0.031950874072120716,-0.005366940721026503,-0.09859505729058693,-0.12133060003838791,-0.05783886923884855,123.79707341651394,-0.4076773687490043,Stage 4 — Declining,124.65137242335899,155.89996069995715,False,112.81550713216181,0.40214369890817847,0.9648075824877359,561207627.4111931,124.68539993286133,True,-0.6357753528109522,False,-21.096835699032813,False,False,True,False,False,False,False,False,123.91186289469401,127.14458625793458,False,1.5759465866724571,2,0.795077510668515,13.728104129350513,0.33982323255572533,False,134.75999450683594,0.005231852249884865,0.00626898329963675,False,9.552062569345088,30.0,True,False,1,False,False,False,False,False,False,True,False,1,False,False,,Indian Energy Exchange Ltd.,Financial Services,EQ,INE022Q01020,SELL,Stage 4 takes precedence: the guide requires SELL regardless of RS.
INDHOTEL,2026-08-21,730.0,0.11538040448430609,0.0863783965447551,6.965181700513412e-05,-0.0784250829337445,0.04775675487932559,674.9395604626886,0.5423066038752644,Stage 2 — Advancing,726.2418990789675,797.1000854802433,False,562.4948988120375,0.32913494378262476,0.6026802227976823,1127024760.4641023,727.23798828125,False,8.157832606458282,False,-8.418025126645956,True,True,True,True,True,False,False,False,674.4001147460938,685.6949142456054,False,1.5728968790132705,4,0.441632691973898,9.960017554811087,0.49863825015306806,True,757.4000244140625,0.031023827820411746,0.03415867433640407,False,3.7534280019263733,52.0,True,True,5,True,False,False,True,True,False,True,False,4,False,False,,Indian Hotels Co. Ltd.,Consumer Services,EQ,INE053A01029,REDUCE,Stage 2 + RS 52; distribution warning (U/D 0.60) triggers REDUCE.
IMFA,2026-08-21,1383.800048828125,-0.01518484988247204,0.09736330936435711,0.06829464078642289,0.6401963561046948,0.15509692129810615,1370.1708201441272,1.3155291057461715,Stage 2 — Advancing,1392.0997625612745,1670.7880501060147,False,829.6099643486841,0.9238463107985194,0.9451670640590929,333577147.6675049,1392.1155151367188,True,0.994710183841474,False,-17.176804757472365,True,False,True,True,False,False,False,False,1361.6677482096354,1355.113048095703,True,4.155741277888332,2,0.7943370864463439,20.47909407346867,0.8025589063867405,False,1541.5,0.05880928007222071,0.07192204438583523,False,11.396151583129633,69.0,True,True,4,True,True,True,True,False,True,True,False,6,False,False,,Indian Metals & Ferro Alloys Ltd.,Metals & Mining,EQ,INE919H01018,HOLD,Stage 2 + RS 69; trend/leadership is adequate without a stronger entry trigger.
IOC,2026-08-24,138.5,0.0018957872241269769,-0.2147390084054871,-0.11984855951371798,0.04203147056419421,-0.05775290458135138,146.4998294360017,-0.7840413750529351,Stage 4 — Declining,140.06104652554382,184.95879041358242,False,129.06965104614895,0.7969588793490324,0.7055115044477653,1185630216.121264,139.99799560546876,True,-5.460640784907145,False,-25.118454932418675,False,False,False,False,False,False,False,False,146.75121602376302,149.6306005859375,False,1.4769725766574437,4,0.6234333100508096,7.936036763120244,0.7008369900147718,False,146.93045955930924,0.005890671685433879,0.00792081525055965,False,6.086974411053614,30.0,True,False,0,False,False,False,False,False,False,False,False,0,False,False,,Indian Oil Corporation Ltd.,Oil Gas & Consumable Fuels,EQ,INE242A01010,SELL,Stage 4 takes precedence: the guide requires SELL regardless of RS.
IOB,2026-08-24,33.18000030517578,-0.007478312824343414,-0.09046050653700877,-0.13661202077307621,-0.12844758153001123,-0.07409534689775661,34.18342475368552,-0.35409492176793345,Stage 4 — Declining,34.12960785510493,41.79999923706055,False,31.200000762939453,0.6209582152624432,0.6545431115405929,71935318.09137002,34.135400009155276,True,-2.9354122816542927,False,-20.622007390474153,False,False,False,False,True,False,False,False,34.200533396402996,34.924000091552735,False,1.659777622827716,2,0.6176579163104887,9.937030864274883,0.5067419935496514,False,36.529998779296875,0.0014112093019522487,0.0017602224618653562,False,10.096438949093445,27.0,True,False,0,False,False,False,False,False,False,True,False,1,False,False,,Indian Overseas Bank,Financial Services,EQ,INE565A01014,SELL,Stage 4 takes precedence: the guide requires SELL regardless of RS.
IRCTC,2026-08-24,483.1499938964844,-0.08882603697032654,-0.21368706274239113,-0.29062197664802814,-0.3250574401185645,-0.2014037106899274,538.4832694693788,-1.4855142186821935,Stage 4 — Declining,504.6911758722043,729.6617501297184,False,481.0,1.0689277046119696,0.572832530732963,507702668.03043365,504.42599914550783,True,-10.27576504418044,False,-33.78438792898345,False,False,False,False,True,True,False,False,540.6167767333984,573.8941670227051,False,1.9522190756535378,1,1.7506006048266407,8.72865275142315,0.9749799115977612,False,527.0,0.020549299558581747,0.03110358200081338,False,9.075857737237293,6.0,True,False,0,False,False,False,False,False,False,False,False,0,False,False,,Indian Railway Catering And Tourism Corporation Ltd.,Consumer Services,EQ,INE335Y01020,SELL,Stage 4 takes precedence: the guide requires SELL regardless of RS.
IRFC,2026-08-24,85.98999786376953,-0.12424894871468128,-0.20592827197148722,-0.2566021365972214,-0.2987779843950168,-0.20196125807861762,98.04276531689787,-2.0448629437056054,Stage 4 — Declining,90.19764724432254,135.7285614195044,False,85.0,0.8045301944460937,0.6510499213671322,673423799.4401535,90.06000015258789,True,-12.293377705301245,False,-36.64561315286095,False,False,False,False,True,False,False,False,98.52335520426432,103.491672706604,False,1.5084801267975414,4,0.3679200411822151,16.00790260549862,0.5568467453797395,False,101.19999694824219,0.0036573201851742014,0.005560734506083041,False,17.688102642552963,6.0,True,False,0,False,False,False,False,False,False,False,False,0,False,False,,Indian Railway Finance Corporation Ltd.,Financial Services,EQ,INE053F01010,SELL,Stage 4 takes precedence: the guide requires SELL regardless of RS.
IREDA,2026-08-24,115.4000015258789,-0.10549564809287604,-0.0793439295423437,-0.18582447166118365,-0.21337210971355913,-0.13790636142056772,124.1343309062801,-0.9468206486887065,Stage 4 — Declining,122.28411775476792,162.48846681097575,False,108.07695869934327,0.9537658108657646,1.0275072645795515,584120496.1332718,122.2334001159668,True,-7.0361916132576585,False,-28.979573879465104,False,False,False,False,False,False,False,False,124.28466664632161,128.1980051422119,False,1.5721714031955225,2,0.7666212420209604,14.595691932627162,0.6423364059130435,False,133.19000244140625,0.004908184270668024,0.006813297234383063,False,15.415945130241493,14.0,True,False,0,False,False,False,False,False,False,False,False,0,False,False,,Indian Renewable Energy Development Agency Ltd.,Financial Services,EQ,INE202E01016,SELL,Stage 4 takes precedence: the guide requires SELL regardless of RS.
INDIGOPNTS,2026-08-21,1151.800048828125,0.16155715730783982,0.22012717036877638,-0.10099899100479348,0.014265651277271862,0.09130162905138689,966.6517287681843,-0.24312109866618803,Stage 3 — Topping,1072.010793648514,1345.9000244140625,False,708.0499877929688,0.9588103707734115,5.822797355667006,221431479.71452636,1073.5470092773437,False,19.153570469053772,False,-14.421574564606976,True,True,True,False,False,False,False,False,972.6400044759115,1033.7837536621093,True,3.4393391603562593,1,1.4038293868052407,18.42083871871467,4.349571364306163,False,1220.9000244140625,0.04894965260052821,0.05565664042322237,False,5.999303060999339,59.0,True,True,4,True,False,True,True,True,True,True,False,6,False,False,,Indigo Paints Ltd.,Consumer Durables,EQ,INE09VQ01012,REDUCE,Stage 3 with RS 59; the guide requires REDUCE when RS is 50 or higher.
ICIL,2026-08-24,430.3999938964844,0.42656357251362964,0.6236043913486797,0.43057809533808156,0.720510165130998,0.5255639593690037,323.43026848361916,3.6207778099663024,Stage 2 — Advancing,408.2683578192019,462.0,False,216.04358355223812,0.38707181560303106,4.330764785851407,822057012.0523819,409.4693322753906,False,33.073504812763964,True,-6.839828160934114,True,True,True,True,False,False,False,False,321.15628631591795,312.31225341796875,True,6.2601680757654,3,0.8398795952240434,26.719060207679256,3.8073963556222,False,462.0,0.01830574048705368,0.018982703919550682,False,7.34200895716457,92.0,True,True,5,True,True,True,True,True,True,True,True,8,True,False,,Indo Count Industries Ltd.,Textiles,EQ,INE483B01026,WAIT,"Stage 2 + RS 92; wait because price is more than 20% above the 30-week line (currently +33%) — the guide treats that as poor entry timing, not a failed trend."
IGL,2026-08-24,147.72000122070312,-0.05009320018843144,-0.13187589303280622,-0.24338874143320055,-0.26829351617093145,-0.1487489102027602,160.3615359998729,-1.0243994208719132,Stage 4 — Declining,156.17098071528417,219.28693712723197,False,141.74000549316406,1.5634104629542087,1.2631098073623552,301604976.48584825,155.9020004272461,True,-7.883146479202963,False,-32.63620571480058,False,False,False,False,False,False,False,False,160.7444464111328,168.32310195922852,False,2.380950413421926,2,1.0719732474216341,16.17312538049214,1.429762358670367,False,175.60000610351562,0.006282816090707971,0.009337037501000496,False,18.873547693218605,13.0,True,False,0,False,False,False,False,False,False,False,False,0,False,False,,Indraprastha Gas Ltd.,Oil Gas & Consumable Fuels,EQ,INE203G01027,SELL,Stage 4 takes precedence: the guide requires SELL regardless of RS.
INDUSTOWER,2026-08-24,374.25,-0.10118116235252694,-0.1735801711383983,-0.02940601036741841,0.09838691475278871,-0.06139231829161638,404.2371278527665,-0.590371668184575,Stage 4 — Declining,380.8039903827742,464.0362575162202,False,301.2139693350539,0.3694435045970483,0.8663520196173616,1892212298.405562,380.4548370361328,True,-7.418202284399911,False,-19.34897458159974,False,False,False,False,False,False,False,False,404.2265179443359,402.91913497924804,True,2.1027643863427903,3,0.7198239547449621,11.1483256679951,0.8577168120797066,False,402.83938079366646,0.015917573128329452,0.019638748882378987,False,7.639113104520101,29.0,True,False,0,False,True,True,False,False,False,True,False,3,False,False,,Indus Towers Ltd.,Telecommunication,EQ,INE121J01017,SELL,Stage 4 takes precedence: the guide requires SELL regardless of RS.
INDUSINDBK,2026-08-21,1005.5999755859375,0.11920517564845401,0.08766131313000614,0.1898042426018487,0.31243563582879386,0.16566230857151135,922.05778261382,0.7265175560627002,Stage 2 — Advancing,989.4890699199601,1077.8499755859375,False,709.4508644993872,0.5001728674820346,1.1048694939840062,1192886460.5275269,990.9615197753906,False,9.060407552257166,False,-6.703159218491761,True,True,True,True,False,False,False,False,922.0620682779947,905.4930242919922,True,1.6393916600371543,3,0.5307998950231942,16.621567617248843,0.40053479761803207,True,1077.8499755859375,0.04273638424491559,0.046199943950625245,False,7.184765488672751,71.0,True,True,5,True,True,True,True,True,True,True,True,8,True,False,,IndusInd Bank Ltd.,Financial Services,EQ,INE095A01012,HOLD,Stage 2 + RS 71; trend/leadership is adequate without a stronger entry trigger.
NAUKRI,2026-08-21,1350.0999755859375,0.46209672771152377,0.260017779207669,0.012566051282079549,-0.03763217198823543,0.23182902278491213,1075.577885068696,0.23785359525261285,Stage 2 — Advancing,1163.9639389935662,1423.5480532701476,False,905.5050975494345,0.24059813328492805,2.2124903558524363,2830064301.5110717,1167.8590478515625,False,25.52321820001979,True,-5.159508139924506,True,True,True,True,False,False,False,False,1083.516914876302,1147.7257366943359,False,2.943169834130871,1,1.5392289366013978,31.555611890345148,1.2139835591724368,False,1391.0,0.05737708107249346,0.061055051088154955,False,3.029407092338632,77.0,True,True,5,True,False,False,True,True,True,True,True,6,False,False,,Info Edge (India) Ltd.,Consumer Services,EQ,INE663F01032,HOLD,Stage 2 + RS 77; trend/leadership is adequate without a stronger entry trigger.
INFY,2026-08-24,1130.0,-0.017068905285892222,-0.09490194989487732,-0.25422966876842634,-0.21201622145291488,-0.11905713013760061,1206.416586261906,-2.328171710182947,Stage 4 — Declining,1100.982348872166,1691.3991593070652,False,982.4000244140625,0.6576623055504424,1.4053866753387916,13147927565.038086,1100.3039953613281,False,-6.3341790167759315,False,-33.1914058380554,False,True,False,False,False,False,False,False,1217.6919885253906,1302.2056423950196,False,1.9664964061018488,4,0.5563481091610982,17.790792936061717,0.538967572132486,False,1195.0,0.04806107584505619,0.07217847184942537,False,5.752212389380529,17.0,True,False,1,False,False,False,False,True,False,False,False,1,False,False,,Infosys Ltd.,Information Technology,EQ,INE009A01021,SELL,Stage 4 takes precedence: the guide requires SELL regardless of RS.
INOXGREEN,2026-08-24,176.25999450683594,-0.022678189399850335,0.002844788436657364,-0.20352466300864847,0.15983413233547927,-0.017240424207242498,175.72794425650818,0.0484607218355082,Stage 2 — Advancing,190.08901947619867,279.0,False,132.5800018310547,0.60225847887429,0.4768853426434428,177780858.55513993,189.98619995117187,True,0.30276929066621605,False,-36.824374728732636,True,False,True,True,True,True,False,False,175.62493235270182,185.17439933776856,False,4.211311887731362,2,0.9093664803423106,21.391136351641606,0.6186951049886359,False,209.89999389648438,0.00749667695968339,0.011431836155096374,False,19.085442209260805,37.0,True,False,3,False,False,False,True,False,True,False,False,2,False,False,,Inox Green Energy Services Ltd.,Services,EQ,INE510W01014,REDUCE,Stage 2 + RS 37; distribution warning (U/D 0.48) triggers REDUCE.
INOXWIND,2026-08-24,73.75,-0.21800443315482065,-0.22392927551981523,-0.4569619223490423,-0.4880250021688559,-0.32098501326947093,89.43547925557176,-2.6039008445043144,Stage 4 — Declining,81.3933334350586,159.3000030517578,False,72.69999694824219,0.43827820265381556,0.8164998511360698,1053584015.1345661,81.22380004882812,True,-17.538318557838515,False,-53.70370459061571,False,False,False,False,False,False,False,False,89.92653315226237,99.85074981689453,False,3.0363187258815074,2,1.0665276212055401,23.231257348428418,0.9054771197203869,False,94.69999694824219,0.003136729507586632,0.0066041739705053155,False,28.406775523040253,2.0,True,False,0,False,False,False,False,False,False,False,False,0,False,False,,Inox Wind Ltd.,Capital Goods,EQ,INE066P01011,SELL,Stage 4 takes precedence: the guide requires SELL regardless of RS.
INTELLECT,2026-08-21,691.25,0.0021660989715830414,-0.008934209439375174,-0.3604797124941429,-0.2735416908008229,-0.12772468295823497,717.2809439823545,-1.9329406346196731,Stage 4 — Declining,732.9715576171875,1232.7256944645226,False,589.5214019484429,0.5019650418850088,1.2509167566959951,383946957.6679138,732.9117724609375,True,-3.6291141150119444,False,-43.92507569980777,False,False,True,False,False,False,False,False,723.3900903320313,799.5462088012696,False,2.688193255941617,2,1.3173320362173884,14.372536151714712,0.4697132293558281,False,790.6341839103262,0.02937701504227345,0.0501014388916525,False,14.377458793537246,16.0,True,False,1,False,False,False,False,False,False,False,False,0,False,False,,Intellect Design Arena Ltd.,Information Technology,EQ,INE306R01017,SELL,Stage 4 takes precedence: the guide requires SELL regardless of RS.
INDIGO,2026-08-24,5115.0,0.15239036801285955,0.05457398634547994,-0.11893893721471016,-0.15961554259426602,0.016160048512444562,4767.404833984375,0.629510628471408,Stage 2 — Advancing,5225.939213771446,6149.5,False,3895.199951171875,0.5976611216277468,0.9077264803666097,2798038271.475,5232.85,True,7.291077181820138,False,-16.822505894788197,True,False,True,True,False,False,False,False,4770.0780061848955,4906.306004638672,False,1.8614718614718615,3,0.47222267843275995,12.59259436558188,0.41197543345571935,True,5508.0,0.21755079906855082,0.2657162324601852,False,7.683284457478012,46.0,True,False,3,True,False,False,True,False,True,True,False,4,False,False,,InterGlobe Aviation Ltd.,Services,EQ,INE646L01027,WAIT,Stage 2 + RS 46; wait because the close is below its 50-session average — short-term timing has weakened even though the 30-week trend is intact.
IGIL,2026-08-24,340.6499938964844,-0.07971692093183702,0.040059419619804526,0.07999082013235537,-0.014061854388002004,-0.010689091299903232,340.50955555536973,0.713539329147661,Stage 2 — Advancing,347.8840547449449,386.08705544308634,False,282.67090105928503,0.7371682939063255,1.2294698339399697,225890377.8289795,347.51202575683595,True,0.04124358298420727,False,-11.76860526817116,True,False,True,True,False,False,False,False,339.3578743489583,334.9020745849609,True,3.0703037788076224,2,0.9814431815290648,12.834582054885427,0.7081593660634911,False,370.80293910836474,0.014488500171041474,0.0165258491567183,False,8.851591296679473,38.0,True,False,3,True,True,True,True,False,False,True,False,5,False,False,,International Gemological Institute Ltd.,Services,EQ,INE0Q9301021,WAIT,Stage 2 + RS 38; wait because the close is below its 50-session average — short-term timing has weakened even though the 30-week trend is intact.
IKS,2026-08-21,1786.199951171875,0.10313735488883635,0.12029598834727717,0.13915813212492023,0.12580359174165778,0.11830648439830559,1628.3027604727909,0.5086383252958626,Stage 2 — Advancing,1793.6431358187806,1933.0,False,1262.0,0.4274102594387242,0.5170695970000745,286407769.35076296,1795.9499975585939,True,9.697041270951189,False,-7.594415355826434,True,False,True,True,True,True,False,False,1630.196668294271,1637.5995001220704,True,3.300702396857886,2,1.1718637179359965,16.23383594558329,0.7275098871375928,False,1933.0,0.07591062977806044,0.08257953193059515,False,8.218567508739083,64.0,True,True,4,True,False,True,True,False,True,True,False,5,False,False,,Inventurus Knowledge Solutions Ltd.,Information Technology,EQ,INE115Q01022,REDUCE,Stage 2 + RS 64; distribution warning (U/D 0.52) triggers REDUCE.
IONEXCHANG,2026-08-21,368.6499938964844,-0.0525572137914353,-0.03279548786610986,0.06530850137476829,-0.1810548162554605,-0.05073124606593453,382.96310382711476,0.367892598495434,Stage 1 — Basing,403.1333354875153,486.0,False,312.70001220703125,0.11798542834449344,0.573281202138726,163404766.85549164,404.2840020751953,True,-3.7374644678804136,False,-24.146091790846835,False,False,True,True,True,True,False,False,381.97300028483073,377.5979997253418,False,3.3113095411050453,3,0.45440402307109756,28.04526497797711,0.28023106037098294,False,486.0,0.01566703278991832,0.020057048018630157,False,31.83236350099252,31.0,True,False,2,False,True,False,True,False,False,True,False,3,False,False,3.0,Ion Exchange (India) Ltd.,Utilities,EQ,INE570A01022,AVOID,Stage 1 + RS 31; weak RS in a basing stage is AVOID.
IPCALAB,2026-08-21,1911.199951171875,0.17155484545051092,0.3228274087713321,0.32814079290850673,0.4111069030950789,0.28103695913518795,1594.4200330010776,1.366272526964596,Stage 2 — Advancing,1738.5514801623774,1945.0999755859375,True,1247.2697331943216,0.4657240366151312,4.113115545261901,1245248328.0827394,1741.7720483398436,False,19.86803424531378,False,-1.7428422620719308,True,True,True,True,False,False,False,False,1590.7230151367187,1549.0652117919922,True,3.956415988830196,1,1.8874945315451903,21.61295067521371,4.8791500114939295,False,1945.0999755859375,0.08122292906237752,0.08140270821115618,True,1.7737560318205503,82.0,True,True,5,True,True,True,True,True,True,True,True,8,True,False,,Ipca Laboratories Ltd.,Healthcare,EQ,INE571A01038,HOLD,Stage 2 + RS 82; trend/leadership is adequate without a stronger entry trigger.
JKCEMENT,2026-08-21,5250.0,-0.0499341262919597,-0.08323934376580588,-0.06252615719427468,-0.2613484210979006,-0.1013964349283801,5409.317136988147,-0.47873911970203187,Stage 4 — Declining,5433.401022518382,7175.293670373255,False,4654.177313328525,0.18533366414158298,0.4919775419978394,184079063.475,5445.259365234375,True,-2.94523565458491,False,-26.832263023920277,False,False,True,False,True,True,False,False,5420.092014973959,5470.854194335938,False,2.0605442176870747,3,0.4125787783344396,15.341004634835887,0.2939766933343747,False,5790.0,0.22311656994131734,0.3100040389229378,False,10.285714285714276,20.0,True,False,1,False,False,False,False,False,False,False,False,0,False,False,,J.K. Cement Ltd.,Construction Materials,EQ,INE823G01014,SELL,Stage 4 takes precedence: the guide requires SELL regardless of RS.
JAIBALAJI,2026-08-24,65.5199966430664,-0.09037903993553309,0.07674606879294199,-0.023837992223519455,-0.3609675468337529,-0.09776351002707931,68.18246582762836,-0.11681615043256377,Stage 4 — Declining,65.85039198632334,108.0,False,53.650001525878906,1.1614713196185205,0.8365603139433382,44389072.18400059,65.7989998626709,True,-3.9049177119714673,False,-39.333336441605184,False,False,False,False,False,False,False,False,68.21986676534017,68.68960021972656,False,5.537023300678456,2,1.2166333340880409,23.78537123644871,2.5253467024752663,False,74.91999816894531,0.002786691617725878,0.004596903155086979,False,14.346767410699579,21.0,False,False,0,False,False,False,False,False,False,False,False,0,False,False,,JAI BALAJI INDUSTRIES Ltd.,Metals & Mining,EQ,INE091G01026,SELL,Stage 4 takes precedence: the guide requires SELL regardless of RS.
JBMA,2026-08-24,661.4500122070312,0.04692944758931894,0.18858941995872636,0.09105156652706192,0.037490969866494694,0.08219817030618418,622.4986290082539,0.5204649993741262,Stage 2 — Advancing,671.8088187423407,790.0,False,477.0,0.8401413262674384,5.112336684024191,599999470.5659759,671.5789953613281,True,6.257264094032378,False,-16.272150353540347,True,False,True,True,False,False,False,False,620.923999226888,617.9044993591309,False,2.5274570537012475,1,1.2784949880977061,16.844959297774203,1.470229148910861,False,738.5,0.028132742658757058,0.03173478517462856,False,11.64864863119126,58.0,True,True,4,True,True,False,True,False,True,True,False,5,False,False,,JBM Auto Ltd.,Automobile and Auto Components,EQ,INE927D01051,HOLD,Stage 2 + RS 58; trend/leadership is adequate without a stronger entry trigger.
JKLAKSHMI,2026-08-24,554.9000244140625,-0.0822112780774602,-0.22040865536326293,-0.2799232803723639,-0.39330000074740734,-0.21161089852759096,621.0875064379549,-2.1704821534922814,Stage 4 — Declining,571.4022910922181,978.6400679718223,False,542.9500122070312,0.6924777890354212,0.541360857393598,175355243.6139923,571.0318798828125,True,-10.656708006169547,False,-43.298865172763435,False,False,False,False,True,True,False,False,625.2149039713541,662.871845703125,False,2.3311781605808917,2,1.0435371457667288,12.709001252888866,0.6335512889571918,False,622.0,0.023600966513086543,0.04156254716849777,False,12.09226394552616,5.0,True,False,0,False,False,False,False,False,False,False,False,0,False,False,,JK Lakshmi Cement Ltd.,Construction Materials,EQ,INE786A01032,SELL,Stage 4 takes precedence: the guide requires SELL regardless of RS.
JKPAPER,2026-08-24,393.29998779296875,0.04736921064697919,0.17546363562567668,0.10059332693580636,0.13973108592987726,0.10210529395706373,355.0618408203125,0.9268446611818248,Stage 2 — Advancing,368.23354683670345,440.18408478548275,False,301.6864340741184,0.5446672535405384,0.6579290301970604,176978476.69084626,368.54121948242187,False,10.769432976608595,False,-10.651020473709828,True,True,True,True,True,False,False,False,354.14330220540364,355.8786175537109,False,2.718499231765534,2,1.3181448514498413,20.515227975632243,0.5798672636233186,False,422.56883086056166,0.016727805790422608,0.01831822602483999,False,7.441862185614889,61.0,True,True,5,True,False,False,True,True,True,True,False,5,False,False,,JK Paper Ltd.,Forest Materials,EQ,INE789E01012,REDUCE,Stage 2 + RS 61; distribution warning (U/D 0.66) triggers REDUCE.
JKTYRE,2026-08-21,374.70001220703125,0.03861174772217857,-0.29691597878614495,-0.15226768361836251,0.14879377388219184,-0.0446332786155917,422.0230708681304,-1.9200295000677658,Stage 4 — Declining,395.098217534084,605.8045982960336,False,314.881753190547,0.37681121064202594,1.1302701212305695,340824454.8066696,395.51054016113284,True,-11.213381904395025,False,-38.148371065362966,False,False,False,False,False,False,False,False,424.7278786214193,435.94790145874026,False,2.47722002313281,3,0.6440334910605405,11.91942838695942,0.546324852235803,False,422.0,0.015924148853448106,0.025180719417435705,False,12.623428409934046,33.0,True,False,0,False,False,False,False,False,False,False,False,0,False,False,,JK Tyre & Industries Ltd.,Automobile and Auto Components,EQ,INE573A01042,SELL,Stage 4 takes precedence: the guide requires SELL regardless of RS.
JMFINANCIL,2026-08-24,129.5,0.019452562591817157,-0.010468251465162282,-0.04288121566961911,-0.3120843800034384,-0.0653057443909171,127.03355794410183,-0.21758707629602192,Stage 3 — Topping,125.88666684019799,190.76608727773456,False,110.30581750563591,1.1133708395946642,1.874580575663984,468433394.32207906,125.93280014038086,False,1.9415673274171041,False,-32.11581688968535,True,True,False,False,False,False,False,False,127.0728960164388,130.93283279418947,False,3.0546058953564534,2,0.9762230934027161,11.656533271273515,0.6934011314701908,False,133.22999572753906,0.005507884355694493,0.008194937956664873,False,2.8803055811112532,28.0,True,False,2,False,False,False,False,True,False,False,False,1,False,False,,JM Financial Ltd.,Financial Services,EQ,INE780C01023,SELL,Stage 3 + RS 28; RS below 50 in Stage 3 triggers SELL.
JSWCEMENT,2026-08-21,126.04000091552734,-0.007472054893198687,0.03754295170065869,0.01694222998005479,-0.1784153027476909,-0.02777484617067496,125.96713998728785,0.49901503459623964,Stage 2 — Advancing,132.9672742357441,161.55063622802473,False,106.25579106571017,0.6961257594969639,0.58689448292132,155381893.840271,133.08863571166992,True,0.05784121815168852,False,-21.98111758741389,True,False,True,True,True,True,False,False,125.7200407409668,124.12030914306641,False,2.1552114126499053,2,1.4001574846651776,14.267777075253923,0.5397983409313365,False,143.39999389648438,0.00535649765327104,0.006935669125529046,False,13.773399599220726,35.0,True,False,3,True,True,False,True,False,False,True,False,4,False,False,,JSW Cement Ltd.,Construction Materials,EQ,INE718I01012,REDUCE,Stage 2 + RS 35; distribution warning (U/D 0.59) triggers REDUCE.
JSWDULUX,2026-08-21,3118.800048828125,0.09133579873214903,0.03699057734033695,-0.06428834492797109,-0.06797785140473755,0.01747919569438528,2969.656137190194,0.2378290363540536,Stage 2 — Advancing,3078.0688189338234,3687.5560372755367,False,2626.091386571249,0.6518216831201027,1.3310378053618999,50627713.97161865,3077.234189453125,False,5.022261997614552,False,-15.423656825771893,True,True,True,True,False,False,False,False,2969.1520963541666,3041.040017089844,False,2.7824343688121864,2,1.6782134546223724,13.924812030075188,0.856129750009067,False,3325.0,0.1325439941385418,0.15139538994177704,False,6.611515581107996,46.0,True,False,4,True,False,False,True,True,False,True,False,4,False,False,,JSW Dulux Ltd.,Consumer Durables,EQ,INE133A01011,WAIT,Stage 2 + RS 46; wait because relative strength is below 50 — the trend has turned up but the stock still lags most of the universe.
JSWENERGY,2026-08-24,544.7000122070312,-0.008521434181080978,0.114844596781986,0.13628394324822324,0.05532445820162524,0.057882025973934506,531.2994942861061,0.7751243142115838,Stage 2 — Advancing,558.8745153090533,615.2574202859911,False,426.30011443485296,0.3216704819115708,0.6314036122865536,825459712.1604004,558.7270056152344,True,2.5222154481684855,False,-11.467949146580391,True,False,True,True,True,False,False,False,529.9917692057292,519.8830732727051,True,1.9375015957517907,1,1.2367054905016257,10.219594594594595,0.5478345015809516,False,592.0,0.023167140353526693,0.02617438407642368,False,8.68367665374512,54.0,True,True,4,True,True,True,True,False,False,True,False,5,False,False,,JSW Energy Ltd.,Power,EQ,INE121E01018,REDUCE,Stage 2 + RS 54; distribution warning (U/D 0.63) triggers REDUCE.
JSWINFRA,2026-08-24,340.20001220703125,0.24262950232280867,0.3303161275832911,0.2684983660266449,0.118040799853812,0.24042285962187307,286.27284857344955,1.7243862537458021,Stage 2 — Advancing,327.550610112209,355.79998779296875,False,232.71809982894663,0.43437940812922615,1.601711011740719,969454660.4737854,328.23033020019534,False,18.83768017201446,False,-4.384478954792637,True,True,True,True,False,False,False,False,285.771726175944,282.73821800231934,True,2.7021921472458867,4,0.5036713498561314,18.38835796858202,0.575319257674428,True,355.79998779296875,0.014469361583337321,0.015042585699478571,False,4.585530577948371,78.0,True,True,5,True,True,True,True,True,True,True,True,8,True,False,,JSW Infrastructure Ltd.,Services,EQ,INE880J01026,HOLD,Stage 2 + RS 78; trend/leadership is adequate without a stronger entry trigger.
JSWSTEEL,2026-08-24,1327.0,0.03821243981046485,0.06386778378755031,0.2067107371083301,0.2655245791502925,0.12250559593342053,1240.5258697091717,0.5896349344303164,Stage 2 — Advancing,1260.6119528377758,1335.0,True,1016.4615692154861,2.340058766538977,1.9122288643286498,2162941757.787036,1260.0422802734374,False,6.970763964084137,False,-0.5992509363295873,True,True,True,True,False,False,True,True,1238.6201147460938,1213.5300793457031,True,1.9673814300264425,2,0.9326083262172695,9.82879690896316,1.1113753314686425,False,1335.0,0.05643986517379608,0.05814229118094478,False,0.6028636021100153,64.0,True,True,5,True,True,True,True,True,True,True,False,7,False,False,,JSW Steel Ltd.,Metals & Mining,EQ,INE019A01038,WAIT,"Stage 2 + RS 64; wait because a breakout without leadership is not an entry: RS needs 80, short by 16."
JAINREC,2026-08-24,294.29998779296875,,,,,,389.49178157440605,-1.7903253279278997,Stage 4 — Declining,335.44705858417586,,False,,0.40601252534863647,0.5790031431243541,587276473.9617859,335.1379998779297,True,-24.44000060711229,False,,False,False,False,False,True,True,False,False,389.517333984375,393.9667501831055,False,3.452503189598858,3,0.5346311499459998,24.944521821682372,0.4582715649309333,False,383.04998779296875,0.012517145163289367,,False,30.15630434291183,,True,False,0,False,False,False,False,False,False,False,False,0,False,False,,Jain Resource Recycling Ltd.,Metals & Mining,EQ,INE0YD401026,SELL,Stage 4 takes precedence: the guide requires SELL regardless of RS.
JPPOWER,2026-08-24,17.100000381469727,-0.0884861315116866,0.18832522400907847,-0.11673554533223729,-0.09379970212208955,-0.039836457293724314,17.12636990089939,0.49954395819757913,Stage 1 — Basing,17.56862752577838,24.5,False,13.149999618530273,0.574303459960713,1.6348212441309893,1053414055.2584156,17.550600090026855,True,-0.15397027847845468,False,-30.204080075633765,False,False,True,True,False,False,False,False,17.08100004196167,17.32470006465912,False,2.3893054629921395,2,0.8345855574687107,13.64108389237212,0.3849063994083346,False,19.280000686645508,0.0007272959427294747,0.0009957592261320373,False,12.748539511953005,34.0,True,False,2,False,False,False,True,False,True,False,False,2,False,False,2.0,Jaiprakash Power Ventures Ltd.,Power,EQ,INE351F01018,AVOID,Stage 1 + RS 34; weak RS in a basing stage is AVOID.
J&KBANK,2026-08-21,149.00999450683594,0.06390116453127859,0.43873703722992796,0.4184673029796979,0.43086225638721865,0.28317378513188035,137.7782760620117,2.599676865903744,Stage 2 — Advancing,163.85431386910233,201.75,False,97.3499984741211,0.19325872088095103,0.46297879574318235,829798813.1268638,163.98340026855467,True,8.152024227512488,False,-26.14126666327835,True,False,True,True,True,True,False,False,136.61546681722004,128.27555019378661,True,2.8660586293467865,2,1.2995274011941014,27.286246865803125,0.35529612680609124,False,201.75,0.006332685497398053,0.008251100318368638,False,35.39360273632155,82.0,True,True,4,True,True,True,True,False,True,False,True,6,False,False,,Jammu & Kashmir Bank Ltd.,Financial Services,EQ,INE168A01041,REDUCE,Stage 2 + RS 82; distribution warning (U/D 0.46) triggers REDUCE.
JAMNAAUTO,2026-08-24,118.81999969482422,0.03483713647998132,-0.16850941378698392,0.1406355167840092,0.18542482294524576,0.04544503978044674,127.53534212504347,-0.08679886759033195,Stage 4 — Declining,131.8156862445906,152.60000610351562,False,88.92074939495755,0.5825926469011198,1.012526480447874,353475754.7418957,131.95279998779296,True,-6.833668444370655,False,-22.136307377194253,False,False,True,False,False,False,False,False,127.30033299763997,125.38688285827637,True,4.19602207253722,2,1.0731917622270177,20.772326355690687,0.645613451726094,False,148.89999389648438,0.005053643378090709,0.006363834321958058,False,25.315598618849712,52.0,True,True,2,False,True,True,True,False,True,True,False,5,False,False,,Jamna Auto Industries Ltd.,Automobile and Auto Components,EQ,INE039C01032,SELL,Stage 4 takes precedence: the guide requires SELL regardless of RS.
JSFB,2026-08-24,581.5499877929688,0.2910422289558794,0.5679428346264015,0.2793972135312077,0.17177111041066961,0.3202391232960075,447.59109559777664,2.6115197946397384,Stage 2 — Advancing,514.464703728171,606.9500122070312,False,330.0,3.23479253943839,1.6733221013098758,603721297.8862518,515.217998046875,False,29.928855491703743,True,-4.184862658079746,True,True,True,True,False,False,False,False,445.9029996744792,443.3487495422363,True,4.480023443401825,1,1.9780135470995481,27.67114405292134,1.460226522150532,False,606.9500122070312,0.024734440770804757,0.024748938868217957,True,4.36764249801771,85.0,True,True,5,True,True,True,True,True,True,True,True,8,True,False,,Jana Small Finance Bank Ltd.,Financial Services,EQ,INE953L01027,WAIT,"Stage 2 + RS 85; wait because price is more than 20% above the 30-week line (currently +30%) — the guide treats that as poor entry timing, not a failed trend."
JAYNECOIND,2026-08-24,104.22000122070312,0.010275276473095785,0.34373394148147973,0.4844039678068017,0.7141447784291415,0.31256664813272295,88.40082189481552,0.8433629059775738,Stage 2 — Advancing,89.56254921707452,117.0,False,57.119998931884766,2.545265902048794,3.573919900154068,434741680.8349575,89.47580017089844,False,17.894832861067943,False,-10.923075879740917,True,True,True,True,False,False,False,False,88.0423333231608,85.4370499420166,True,3.3911766242566004,1,1.6878543139542164,21.18433710761265,1.2174428559304726,False,104.69999694824219,0.00443267733030094,0.005047578282087515,False,0.46056008627612943,85.0,True,True,5,True,True,True,True,True,True,True,True,8,True,False,,Jayaswal Neco Industries Ltd.,Capital Goods,EQ,INE854B01010,HOLD,Stage 2 + RS 85; trend/leadership is adequate without a stronger entry trigger.
JSLL,2026-08-21,505.3500061035156,-0.22752981248250093,-0.2673963249544338,-0.26961990421741533,-0.29463063725880667,-0.25734129827913155,622.475173003098,-2.021416345549576,Stage 4 — Declining,567.2784316119025,849.5,False,492.0,0.4000264712734018,0.45843073259397,386804180.2894653,566.38,True,-18.816038290253132,False,-40.512065202646774,False,False,False,False,True,True,False,False,625.0346671549479,646.4215005493164,False,4.779573574856639,2,0.8776534695326169,21.656100459030807,0.4090991317119872,False,631.0,0.021476563806026704,0.035692623931371875,False,24.86395416620344,3.0,True,False,0,False,False,False,False,False,False,False,False,0,False,False,,Jeena Sikho Lifecare Ltd.,Consumer Services,EQ,INE0J5801029,SELL,Stage 4 takes precedence: the guide requires SELL regardless of RS.
JINDALSAW,2026-08-24,287.25,0.30568181818181817,0.6500455302159971,0.7890428583226412,0.427007201888161,0.4954918453580871,226.71127528360446,3.049653528081353,Stage 2 — Advancing,263.69372468836167,298.3999938964844,False,151.60325107352764,0.9274369543105885,4.084645423467059,520496912.70034635,264.04139923095704,False,26.70300568009447,True,-3.7365932052774498,True,True,True,True,False,False,False,False,225.60467010498047,210.0394721221924,True,3.2301355798520457,1,1.2170070876231087,18.73324230558671,1.2104269612527305,False,298.3999938964844,0.012217295607515392,0.012394656430778998,False,3.8816340805863714,92.0,True,True,5,True,True,True,True,True,True,True,True,8,True,False,,Jindal Saw Ltd.,Capital Goods,EQ,INE324A01032,WAIT,"Stage 2 + RS 92; wait because price is more than 20% above the 30-week line (currently +27%) — the guide treats that as poor entry timing, not a failed trend."
JSL,2026-08-24,702.4000244140625,-0.04249574814543755,-0.11126376289003337,-0.06399146312004422,-0.09173884943284394,-0.07039711434675933,735.1528671473673,-0.4591502847906437,Stage 4 — Declining,714.7114461263021,879.2203373423794,False,649.5262533837296,0.5490723805061103,1.4190720817761187,283070375.6560669,715.0412341308594,True,-4.455242466835019,False,-20.111035359212902,False,False,False,False,False,False,False,False,735.9091064453125,746.4697683715821,False,2.2393316472215092,2,0.8862309772787685,10.800264823015167,0.5893006165826297,False,752.8429758154451,0.029874425528259807,0.03578657691643869,False,7.18151333258592,27.0,True,False,0,False,False,False,False,False,False,True,False,1,False,False,,Jindal Stainless Ltd.,Metals & Mining,EQ,INE220G01021,SELL,Stage 4 takes precedence: the guide requires SELL regardless of RS.
JINDALSTEL,2026-08-21,1127.800048828125,-0.055966278999548424,-0.0717117763781967,0.08782935788436674,0.12068597747271426,0.004974200195957488,1154.8074159819505,0.43294407719620676,Stage 1 — Basing,1079.2384033203125,1303.865138167474,False,941.6138635526968,0.8302726483431346,2.473623169567214,1037481341.5463928,1077.8942309570311,False,-2.3386901382912217,False,-13.503320564794063,False,True,False,True,False,False,False,False,1151.2892065429687,1121.915604248047,True,2.0289741422931895,3,0.5001518123427473,13.548450278469403,0.5956489363960624,False,1166.3115538397578,0.04792969113793933,0.056214877653154575,False,3.414745818786713,42.0,True,False,2,False,True,True,False,True,False,True,False,4,False,False,4.0,Jindal Steel Ltd.,Metals & Mining,EQ,INE749A01030,AVOID,Stage 1 + RS 42; weak RS in a basing stage is AVOID.
JIOFIN,2026-08-24,242.0,0.018375003563735115,-0.04968955562293198,-0.1910396991469956,-0.24339759386524562,-0.0894753683015406,243.89839412741466,-0.6962983501055064,Stage 4 — Declining,243.46745120777803,321.5968664061914,False,222.77828210111295,0.3915825978214171,1.348837965258151,4726240473.60502,243.5575927734375,True,-0.7783545005314529,False,-24.750510567990723,False,False,False,False,False,False,False,False,244.49115020751952,257.9544387054443,False,2.1267102089564918,1,1.839862165066057,14.615960663401015,0.8297700391778278,False,267.5733794386435,0.010292725977436813,0.013843762797766808,False,10.56751216472871,23.0,True,False,0,False,False,False,False,False,False,True,False,1,False,False,,Jio Financial Services Ltd.,Financial Services,EQ,INE758E01017,SELL,Stage 4 takes precedence: the guide requires SELL regardless of RS.
JUBLFOOD,2026-08-24,507.8999938964844,0.16648215733427918,-0.018415053503678225,-0.13531204350626258,-0.17734897340062228,0.0003776488515990564,463.23426233579033,-0.17794812509146496,Stage 3 — Topping,446.88289268344056,665.8563753476858,False,407.64069289260294,0.41667848916050587,3.046596445448146,1862202771.2980576,447.3915222167969,False,9.642147654509348,False,-23.722290166362438,True,True,False,False,False,False,False,False,464.3935872395833,490.7657629394531,False,3.2971898926514793,2,1.8263648095187996,21.58349562514995,1.268294819078183,False,521.0,0.021601964715365057,0.028842854524606467,False,2.579249116152882,41.0,True,False,2,True,False,False,False,True,False,True,False,3,False,False,,Jubilant Foodworks Ltd.,Consumer Services,EQ,INE797F01020,SELL,Stage 3 + RS 41; RS below 50 in Stage 3 triggers SELL.
JUBLINGREA,2026-08-24,708.2000122070312,-0.023587263863759422,0.17949106574691331,0.006522927357528241,-0.005268076510817066,0.02671427777322113,662.4358800600653,0.5449747958587547,Stage 2 — Advancing,702.309097589231,792.3323631991859,False,535.497064674972,1.2526597651970428,0.6185014177378876,215620027.46177673,703.6341088867188,False,6.908462165850127,False,-10.618315608421568,True,True,True,True,True,False,False,False,662.4032975260417,670.4790097045899,True,3.4761154678170305,2,1.2643125170260716,24.528302688375007,0.725032118027415,False,792.3323631991859,0.030121110177125533,0.03299535569137568,False,11.879744357807187,48.0,True,False,4,True,False,True,True,True,True,True,False,6,False,False,,Jubilant Ingrevia Ltd.,Chemicals,EQ,INE0BY001018,REDUCE,Stage 2 + RS 48; distribution warning (U/D 0.62) triggers REDUCE.
JUBLPHARMA,2026-08-24,902.7000122070312,-0.09835209379094878,0.03227907326700663,-0.15710787587931885,-0.16216680893181945,-0.09673995982520583,928.7006520238416,-0.8482769913328969,Stage 4 — Declining,952.3294210994945,1178.6978642896322,False,782.0015188448107,10.585008477637274,2.583597505156904,333435318.3260132,951.6511267089844,True,-2.799679289569712,False,-23.41548758544133,False,False,True,False,False,False,False,False,930.2801879882812,967.4312841796875,False,4.189021343314525,2,3.1011833828937627,18.21119444206682,4.943710038016131,False,1036.6332773809527,0.03839356969204892,0.04963438379353612,False,14.836962818518739,22.0,True,False,1,False,False,False,False,False,False,True,False,1,False,False,,Jubilant Pharmova Ltd.,Healthcare,EQ,INE700A01033,SELL,Stage 4 takes precedence: the guide requires SELL regardless of RS.
JLHL,2026-08-21,309.75,0.18135019691521026,0.27913794980783724,0.0755942326318757,0.11114154468332615,0.1657148241906919,270.97626742658946,1.2140693617499032,Stage 2 — Advancing,300.9296085133272,340.0,False,235.42042234373233,0.46662494665587717,0.8137038203869417,69565965.22993621,301.685400390625,False,14.308903485031133,False,-8.897058823529413,True,True,True,True,False,False,False,False,270.8405385335287,274.29461853027345,True,3.4497854276111926,2,1.2043043153489685,23.035296271829043,1.0200436446683043,False,340.0,0.013163877626537724,0.01423338133931052,False,9.765940274414842,71.0,True,True,5,True,False,True,True,True,True,True,True,7,False,False,,Jupiter Life Line Hospitals Ltd.,Healthcare,EQ,INE682M01020,HOLD,Stage 2 + RS 71; trend/leadership is adequate without a stronger entry trigger.
JWL,2026-08-24,247.85000610351562,-0.10507313529837359,-0.12744229271306173,-0.13626068806474,-0.272953914517299,-0.1493606331783696,274.15006935433166,-1.4249968011566083,Stage 4 — Declining,259.287254782284,358.25,False,235.64999389648438,0.5595283916085322,2.177434392424845,355206267.08246154,258.9629998779297,True,-9.59330899049451,False,-30.81646724256367,False,False,False,False,False,False,False,False,275.2040673828125,281.2330503082275,False,2.472695083870612,2,0.9444932446271745,15.454544387497268,0.6515311817491616,False,286.0,0.010541538001361686,0.014841153504622675,False,15.392371578377473,13.0,True,False,0,False,False,False,False,False,False,False,False,0,False,False,,Jupiter Wagons Ltd.,Capital Goods,EQ,INE209L01016,SELL,Stage 4 takes precedence: the guide requires SELL regardless of RS.
JUSTDIAL,2026-08-24,664.9500122070312,0.27838119964731844,0.13705544816536008,-0.11280852273911779,-0.203318765043065,0.07553811193556284,590.0256855585803,-0.2665183710146346,Stage 3 — Topping,646.5549029181985,878.5999755859375,False,480.5,0.03692000468527149,0.9176315076455962,199075001.23168945,648.6860009765625,False,12.698485588389197,False,-24.317091886603258,True,True,True,False,False,False,False,False,592.8943336995443,627.7127500915527,False,3.010431030156689,3,1.31642776963383,37.7132253349125,0.06420210422132316,False,838.2999877929688,0.028281604398100152,0.03723382372422942,False,26.069625145290654,56.0,True,True,4,True,False,False,True,True,True,True,False,5,False,False,,Justdial Ltd.,Consumer Services,EQ,INE599M01018,REDUCE,Stage 3 with RS 56; the guide requires REDUCE when RS is 50 or higher.
JYOTHYLAB,2026-08-21,204.9499969482422,0.00989146954830078,-0.15223296205821102,-0.326684649008961,-0.38707846366803855,-0.1692426271277218,217.8689352101293,-1.385649080573903,Stage 4 — Declining,200.39284500421263,342.9884465745017,False,188.10000610351562,0.9819326001423265,0.9393291860350095,204944918.65783995,200.4516973876953,False,-5.929683481230175,False,-40.24580157287476,False,True,False,False,False,False,False,False,218.78787821451823,235.2831803894043,False,3.231101412733196,1,2.4959932296680996,13.278003044441558,2.105014686314066,False,216.89999389648438,0.008710045776871478,0.01488918003430997,False,5.830689010090606,10.0,True,False,1,False,False,False,False,True,False,False,False,1,False,False,,Jyothy Labs Ltd.,Fast Moving Consumer Goods,EQ,INE668F01031,SELL,Stage 4 takes precedence: the guide requires SELL regardless of RS.
JYOTICNC,2026-08-24,980.25,0.46744011976047894,0.1558870516006714,-0.05690785359314088,0.026869919411341314,0.21214587138796595,769.4013713679901,0.08190282992313058,Stage 2 — Advancing,804.1254906747855,1055.9000244140625,False,580.0999755859375,0.6033429095607862,1.689081884229605,1312648497.230664,806.4290002441406,False,27.404243932802274,True,-7.164506360916323,True,True,True,True,False,False,False,False,771.692001546224,820.1192523193359,False,4.213574364627737,2,1.6141254365972684,31.676677898601728,1.0912742999253395,False,999.0,0.04169191999744808,0.04391873997740638,False,1.912777352716133,76.0,True,True,5,True,False,False,False,True,True,True,True,5,False,False,,Jyoti CNC Automation Ltd.,Capital Goods,EQ,INE980O01024,HOLD,Stage 2 + RS 76; trend/leadership is adequate without a stronger entry trigger.
KPRMILL,2026-08-21,1151.5999755859375,0.21270384719112445,0.2363473452114624,0.06384137353040953,0.1337706297152026,0.1718734085678647,983.2186565530711,1.9798838040425037,Stage 2 — Advancing,1111.3575654871324,1331.0754095910231,False,794.3546009216013,0.2903492123551024,2.9209771591792535,295437717.9997986,1112.31544921875,False,17.125521155504806,False,-13.483491071345831,True,True,True,True,False,False,False,False,978.3148030598958,979.8468505859375,True,2.6323626346660283,2,0.3540929355538939,23.745867988661757,0.440924321424005,True,1331.0754095910231,0.04894114980899794,0.05257125633811476,False,15.584876503124967,72.0,True,True,5,True,False,True,True,True,True,True,True,7,False,False,,K.P.R. Mill Ltd.,Textiles,EQ,INE930H01031,HOLD,Stage 2 + RS 72; trend/leadership is adequate without a stronger entry trigger.
KEI,2026-08-24,5494.0,0.044387415644900674,0.14913198075716383,0.33903919217644063,0.3908427496572249,0.19355775077612614,4931.019173400043,2.0041980364347456,Stage 2 — Advancing,5320.7901922487745,5899.0,False,3724.290243524651,0.6033431010410638,2.9573309249983617,2936323652.7889404,5317.99599609375,False,11.417129132997662,False,-6.865570435667068,True,True,True,True,False,False,False,False,4907.23779296875,4736.351614990234,True,2.606479542211633,2,0.7835001257410518,19.55416172232582,0.8424440327460745,False,5899.0,0.23367039884313162,0.24923137160901312,False,7.3716781943938825,74.0,True,True,5,True,True,True,True,True,True,True,True,8,True,False,,KEI Industries Ltd.,Capital Goods,EQ,INE878B01027,HOLD,Stage 2 + RS 74; trend/leadership is adequate without a stronger entry trigger.
KNRCON,2026-08-21,127.0,-0.04309826076019396,-0.09214382333182192,-0.22508999650395067,-0.37166617168410887,-0.1550193026080539,129.5824831732388,-0.4633169417149863,Stage 4 — Declining,129.7119613348269,220.0,False,108.6500015258789,0.7377739115380625,1.4293227471278453,198822132.0868492,129.80280059814453,True,-1.9929261347664484,False,-42.27272727272727,False,False,True,False,False,False,False,False,129.9295337422689,137.1067003250122,False,4.865578993635316,2,1.2036650533198485,18.992571368330687,1.181865030278781,False,145.32000732421875,0.005397296072866153,0.00896907649957373,False,14.42520261749507,11.0,True,False,1,False,False,False,False,False,False,False,False,0,False,False,,KNR Constructions Ltd.,Construction,EQ,INE634I01029,SELL,Stage 4 takes precedence: the guide requires SELL regardless of RS.
KPIGREEN,2026-08-24,321.1499938964844,-0.2475398240820308,-0.16735809247498423,-0.2639011930202332,-0.38014603505128675,-0.2612969937421131,399.9986277541069,-1.9467308724239074,Stage 4 — Declining,381.40098063151044,541.6977805031639,False,301.20001220703125,1.34948587660411,0.27054839420688953,549779802.8245026,380.9230004882813,True,-19.712226089458873,False,-40.714175790386385,False,False,False,False,True,True,False,False,400.998622639974,412.143023223877,False,4.3971438679472925,2,4.243738033592542,28.26863143958882,5.164316884468429,False,419.8999938964844,0.013659127623272805,0.022605437866118155,False,30.74887182835504,3.0,True,False,0,False,False,False,False,False,False,False,False,0,False,False,,KPI Green Energy Ltd.,Power,EQ,INE542W01025,SELL,Stage 4 takes precedence: the guide requires SELL regardless of RS.
KPITTECH,2026-08-24,583.0999755859375,-0.21706460548120587,-0.2267934270347407,-0.5081260164020636,-0.507468366855798,-0.3353034042510028,717.1833006976402,-4.580283172917676,Stage 4 — Declining,617.8083591835172,1313.886868193049,False,538.453356900547,0.2809692342160634,1.9456461548222355,2636532179.028177,615.1512963867187,True,-18.6958236452624,False,-55.62022958735723,False,False,False,False,False,False,False,False,727.8616141764323,843.1240316772461,False,2.5256592204142354,2,0.9398220178705442,29.56741665416719,0.27459223794594867,False,764.4946860129686,0.02480036473618244,0.055248253867351056,False,31.10868084752596,1.0,True,False,0,False,False,False,False,False,False,False,False,0,False,False,,KPIT Technologies Ltd.,Information Technology,EQ,INE04I401011,SELL,Stage 4 takes precedence: the guide requires SELL regardless of RS.
KRBL,2026-08-21,406.95001220703125,0.2047070068470318,0.1193784235217128,-0.021401932826397352,-0.1407478898126313,0.07332852291534955,352.0208329094781,0.7533997000778836,Stage 2 — Advancing,371.9215674306832,490.71003664043815,False,274.6499938964844,1.9334181134112804,3.2051407984517213,237714962.5420761,372.0239990234375,False,15.60395697139838,False,-17.069148413359446,True,True,True,True,False,False,False,False,351.61166605631513,362.31999938964844,True,3.400733043206822,1,1.6079701786841216,17.597087378640776,2.473780840361748,False,412.0,0.01729472206880191,0.020407635655928288,False,1.2409356533941152,56.0,True,True,5,True,False,True,True,True,True,True,False,6,False,False,,KRBL Ltd.,Fast Moving Consumer Goods,EQ,INE001B01026,HOLD,Stage 2 + RS 56; trend/leadership is adequate without a stronger entry trigger.
KRN,2026-08-24,1471.199951171875,0.3258831863212599,0.5547687727047557,0.817305877778747,0.540039746646277,0.5127761539544599,1092.7619837930758,4.831037188373832,Stage 2 — Advancing,1269.1215652765013,1598.199951171875,False,589.7999877929688,0.6195583700556435,1.5016171976460333,283936166.189154,1269.3839965820312,False,34.631326216639295,True,-7.946439987492027,True,True,True,True,False,False,False,False,1080.7463313802084,1002.8624978637695,True,4.02878154066954,2,2.4592984197919607,28.288073420002085,3.2277627191106486,False,1598.199951171875,0.0625729667579774,0.06533995074014931,False,8.632409204393943,92.0,True,True,5,True,True,True,True,True,True,True,True,8,True,False,,KRN HEAT EXCHANGER AND REFRIGERATION Ltd.,Capital Goods,EQ,INE0Q3J01015,WAIT,"Stage 2 + RS 92; wait because price is more than 20% above the 30-week line (currently +35%) — the guide treats that as poor entry timing, not a failed trend."
KSB,2026-08-21,801.8499755859375,-0.02135839448519583,0.1203481071354715,0.12684997317434354,0.013088202804102611,0.0435138988287052,832.2760098161368,0.6495854314200411,Stage 1 — Basing,876.9362709195007,1023.2461180887996,False,663.373535570316,0.7081536120526347,0.582649280035243,150460068.35243225,877.7789965820313,True,-3.6557624960163015,False,-21.63664621727388,False,False,True,True,True,True,False,False,828.1544763183593,807.4928234863281,True,3.682110558676209,2,0.4895748155334827,20.18277894135699,0.8754663036723094,False,973.8499755859375,0.03407733641147875,0.04360534111391643,False,21.450396612447875,51.0,True,True,3,False,True,True,True,False,False,True,False,4,False,False,4.0,KSB Ltd.,Capital Goods,EQ,INE999A01023,WATCH,Stage 1 + RS 51; adequate RS in a basing stage remains WATCH.
KAJARIACER,2026-08-21,1208.5,0.13869777103507297,0.21603945949308878,0.1209535547417031,-0.043959839876344775,0.11408574328571862,1088.838964422818,1.5399659604544702,Stage 2 — Advancing,1204.5960789100798,1285.36522978804,False,869.5999755859375,0.27753418993231305,1.5809732112610067,360459217.2419373,1207.0419995117188,False,10.989782648034918,False,-5.9800302674062,True,True,True,True,False,False,False,False,1085.357332356771,1076.7224978637696,False,2.668598877833353,1,0.760884961051526,14.188237208946077,0.9325777958395014,False,1275.0,0.05135930948077753,0.054881215262634155,False,5.50268928423665,63.0,True,True,5,True,True,False,True,True,True,True,False,6,False,False,,Kajaria Ceramics Ltd.,Consumer Durables,EQ,INE217B01036,HOLD,Stage 2 + RS 63; trend/leadership is adequate without a stronger entry trigger.
KPIL,2026-08-24,1388.9000244140625,0.10455685917029145,0.1614615515357285,0.16707727170339437,0.07686009421735185,0.12290252715941152,1234.2884546567316,1.4249032800251804,Stage 2 — Advancing,1343.6553811465992,1468.0,False,999.0966928066694,0.7936531935376179,3.5756141389775165,476121550.5253235,1344.6577270507812,False,12.526372516409069,False,-5.388281715663313,True,True,True,True,False,False,False,False,1230.4617561848959,1218.7177368164062,True,3.1926616235681493,3,0.9759608396514299,14.291556459681539,2.5468782145765987,False,1468.0,0.05907259240226961,0.062064352686721995,False,5.695152580856755,64.0,True,True,5,True,True,True,True,True,True,True,False,7,False,False,,Kalpataru Projects International Ltd.,Construction,EQ,INE220B01022,HOLD,Stage 2 + RS 64; trend/leadership is adequate without a stronger entry trigger.
KALYANKJIL,2026-08-24,607.9500122070312,0.7251703255863657,0.494101797312128,0.2550578444824452,0.19285736055815828,0.47847153070509263,432.01780721586044,2.448728269212741,Stage 2 — Advancing,510.0176433488434,648.9500122070312,False,327.04998779296875,0.2271570850094811,1.6263540884135328,11022346516.82142,512.5579962158204,False,40.72336881781939,True,-6.317898024311919,True,True,True,True,False,False,False,False,431.6999989827474,446.62124923706057,True,3.408996234627245,3,0.918141994359621,46.32098011389154,0.31846567563148825,False,648.9500122070312,0.025857284643084042,0.027173596920235462,False,6.7439755204804275,92.0,True,True,5,True,False,True,True,True,True,True,True,7,False,False,,Kalyan Jewellers India Ltd.,Consumer Durables,EQ,INE303R01014,WAIT,"Stage 2 + RS 92; wait because price is more than 20% above the 30-week line (currently +41%) — the guide treats that as poor entry timing, not a failed trend."
KANSAINER,2026-08-24,201.55999755859375,-0.06414354851393678,0.03187569655559863,-0.1208218117913944,-0.12320282923529868,-0.06808720829979362,201.67643380000675,-0.6105212477312993,Stage 4 — Declining,205.3996863271676,260.8927950067185,False,156.051448925647,0.5863044445778235,1.5380464027318337,78075886.95317535,205.22963134765624,True,-0.057734183027280395,False,-22.742213883904604,False,False,True,False,False,False,False,False,202.51417724609374,209.89203323364256,False,3.0302915928539913,2,1.4739364915456563,12.529754079511674,0.5662085227606914,False,218.44000244140625,0.008572734805303465,0.010829992117594113,False,8.374680039329462,27.0,True,False,1,False,False,False,False,False,False,True,False,1,False,False,,Kansai Nerolac Paints Ltd.,Consumer Durables,EQ,INE531A01024,SELL,Stage 4 takes precedence: the guide requires SELL regardless of RS.
KTKBANK,2026-08-24,333.25,0.25992438563327025,0.6422728316927429,0.6759706605189493,0.9869855324042485,0.5650155591764963,251.78760235930142,3.5353144865861275,Stage 2 — Advancing,285.76372453278185,338.25,True,164.46822856250571,1.0564381002391687,2.822250595626472,1175521872.1421998,286.0249987792969,False,32.353617444774585,True,-1.4781966001478186,True,True,True,True,False,False,False,False,249.96919962565104,236.7905493927002,True,3.157217614252893,2,1.8134052797932203,22.823359115160756,1.3593508341281544,False,338.25,0.014173764181738917,0.014249594326763095,False,1.500375093773454,94.0,True,True,5,True,True,True,True,True,True,True,True,8,True,False,,Karnataka Bank Ltd.,Financial Services,EQ,INE614B01018,WAIT,"Stage 2 + RS 94; wait because price is more than 20% above the 30-week line (currently +32%) — the guide treats that as poor entry timing, not a failed trend."
KARURVYSYA,2026-08-24,338.1499938964844,0.1830582793320379,0.014075150200829167,0.3993919738886227,0.583795217068084,0.27267577996432235,301.4411585559584,1.6050735837923158,Stage 2 — Advancing,316.0030487658931,351.79998779296875,False,200.26247523540303,0.27332228199801006,1.307473106320266,545377592.0446975,316.5817633056641,False,12.177778083251201,False,-3.8800438800803083,True,True,True,True,False,False,False,False,300.3103376261393,288.34703521728517,True,2.1144470633884422,2,0.996593211624064,18.738882075282707,0.28394251899921913,False,351.79998779296875,0.014382170357224978,0.014790535729963748,False,4.036668384700004,81.0,True,True,5,True,True,True,True,True,True,True,True,8,True,False,,Karur Vysya Bank Ltd.,Financial Services,EQ,INE036D01028,HOLD,Stage 2 + RS 81; trend/leadership is adequate without a stronger entry trigger.
KSCL,2026-08-21,760.0999755859375,-0.1704682028679929,-0.06426198817121676,-0.2550230474567339,-0.3363824924672473,-0.19932078676623677,861.9277767605251,-0.7093752176102308,Stage 4 — Declining,841.7166664273132,1218.7102069676118,False,705.0999755859375,0.43120742632206716,0.5549512947734416,117852460.69438171,840.9740002441406,True,-11.81395981427793,False,-37.63078611795546,False,False,False,False,True,True,False,False,861.1999983723958,890.4626034545898,False,3.1396249304812676,3,0.4218896143880865,24.236950242375755,0.9978784985020831,False,996.0,0.032303028450516844,0.052052549121884666,False,31.0353942890492,6.0,True,False,0,False,False,False,False,False,False,False,False,0,False,False,,Kaveri Seed Company Ltd.,Fast Moving Consumer Goods,EQ,INE455I01029,SELL,Stage 4 takes precedence: the guide requires SELL regardless of RS.
KAYNES,2026-08-24,3840.199951171875,0.15619921240499623,0.0004167804603041336,-0.3408513643714598,-0.38151071812338944,-0.08190937544491053,3616.1048015437714,0.2962193649274969,Stage 2 — Advancing,3452.680410347733,7705.0,False,2995.0,0.973148908123794,1.3017269066173884,6093264877.424817,3460.0920166015626,False,6.197142005741485,False,-50.159637233330635,True,True,False,True,False,False,False,False,3613.688673502604,3894.7675048828123,False,3.626298545023976,2,0.9845467323003053,21.60968840671124,0.9149053213537972,False,3963.5,0.163331098330489,0.3271505202611,False,3.210771584706129,25.0,True,False,3,False,False,False,False,True,False,False,False,1,False,False,,Kaynes Technology India Ltd.,Capital Goods,EQ,INE918Z01012,WAIT,Stage 2 + RS 25; wait because relative strength is below 50 — the trend has turned up but the stock still lags most of the universe.
KEC,2026-08-21,435.95001220703125,-0.09262870270805545,-0.24520313432914687,-0.36923945481895737,-0.4608132696036694,-0.2521026528335769,528.7178525727371,-2.9461198513048292,Stage 4 — Declining,483.73415120442706,927.0025895267679,False,418.0,2.9247002516108718,0.872034693118508,549379282.6314881,483.4359942626953,True,-17.545811989192018,False,-52.972082588293254,False,False,False,False,False,False,False,False,533.1075179036459,578.1165289306641,False,2.7003285868312314,2,1.8344522456588968,23.254319600411222,1.3897265906759144,False,544.6560611927805,0.018527175502763473,0.037956167467320695,False,24.935438913148843,4.0,True,False,0,False,False,False,False,False,False,False,False,0,False,False,,Kec International Ltd.,Construction,EQ,INE389H01022,SELL,Stage 4 takes precedence: the guide requires SELL regardless of RS.
KFINTECH,2026-08-24,969.9000244140625,0.20233936057548219,-0.018243637641497612,-0.059748764454635284,-0.12712419194604074,0.03991242542175815,907.9941080171768,-0.4959824967972093,Stage 3 — Topping,904.000337488511,1198.7685004367224,False,774.4636355142945,1.061487214329814,1.624427522564595,1065292039.277304,905.3557983398438,False,6.817876443281357,False,-19.09196612517605,True,True,False,False,False,False,False,False,910.5978267415364,947.4519424438477,False,2.743656197881594,1,0.9124422777178133,16.686325902430323,1.025105129376725,False,992.4000244140625,0.04125171560662488,0.04867624646633792,False,2.319826727872565,51.0,True,True,3,True,False,False,False,True,False,True,False,3,False,False,,Kfin Technologies Ltd.,Financial Services,EQ,INE138Y01010,REDUCE,Stage 3 with RS 51; the guide requires REDUCE when RS is 50 or higher.
KIRLOSBROS,2026-08-21,1906.199951171875,0.17953979517950147,0.1965042401695929,0.12403767582984893,-0.0371127670076673,0.12850174787015547,1709.1091342268319,1.5073744769410702,Stage 2 — Advancing,1905.6157729204963,2180.905610301624,False,1329.942047366491,0.12273921228028709,1.0080204387574252,159964555.813739,1909.2711328125,True,11.531786531244714,False,-12.595944447671748,True,True,True,True,False,False,False,False,1702.611542154948,1689.6690686035156,False,3.2813988181956986,4,0.23180758278944857,20.815817518803854,0.24931830951091977,True,2180.905610301624,0.08101043709100483,0.08895682802785479,False,14.411167042621532,65.0,True,True,5,True,True,False,True,False,True,True,False,5,False,False,,Kirloskar Brothers Ltd.,Capital Goods,EQ,INE732A01036,HOLD,Stage 2 + RS 65; trend/leadership is adequate without a stronger entry trigger.
KIRLOSENG,2026-08-24,2068.300048828125,0.24037882712756442,0.48813397805765013,0.8374535702701376,1.18813630372575,0.5988963012617334,1767.8825499652182,3.40382293713668,Stage 2 — Advancing,2226.7975595511643,2714.2611782271474,False,852.4932940420172,0.4021449317794142,0.6061426080811109,1002748373.8068969,2232.739108886719,True,16.993068847747672,False,-23.798783056718943,True,False,True,True,True,False,False,False,1750.270467936198,1601.1831365966798,True,4.296142043329551,3,0.18226638908616896,29.779410344027607,0.4553605411067188,True,2714.2611782271474,0.08796878364341765,0.11061827096550143,False,31.231499983042422,95.0,True,True,4,True,True,True,True,False,True,True,True,7,False,False,,Kirloskar Oil Eng Ltd.,Capital Goods,EQ,INE146L01010,REDUCE,Stage 2 + RS 95; distribution warning (U/D 0.61) triggers REDUCE.
KIRLPNU,2026-08-24,729.5999755859375,-0.08798214808746785,0.2903928726257774,0.3763759567260956,0.13123747158838728,0.12440840095306491,712.729409413795,1.9132237233731253,Stage 2 — Advancing,831.3953163296569,1093.5391904117103,False,491.28502367158194,0.24196175401678166,1.8525704539047754,177850307.27700502,831.8055358886719,True,2.3670366269883836,False,-33.2808570572356,True,False,True,True,False,False,False,False,708.3267122395833,662.9621240234375,True,3.0740927766434205,2,0.240435831022109,35.01833479617669,0.44922360534384176,False,1093.5391904117103,0.031031291825829106,0.04475052491308403,False,49.882021245065864,65.0,True,True,4,True,True,True,True,False,True,False,False,5,False,False,,Kirloskar Pneumatic Company Ltd.,Capital Goods,EQ,INE811A01038,HOLD,Stage 2 + RS 65; trend/leadership is adequate without a stronger entry trigger.
KITEX,2026-08-24,127.16000366210938,-0.19447609799533383,-0.3303843720425549,-0.3925961310971561,-0.35533804388018275,-0.2934541486021123,162.2218494676564,-0.9237496486093733,Stage 4 — Declining,148.26784276027306,232.6999969482422,False,123.1500015258789,0.6065800808906299,0.8379459596151255,74559741.58190918,148.15859970092774,True,-21.61351625604393,False,-45.35453144402375,False,False,False,False,False,False,False,False,161.82886672973632,169.2932501602173,False,4.037658001883127,2,0.9966110566772677,29.187511395176745,0.7659191392098114,False,173.91000366210938,0.005408359805718816,0.009377031919872613,False,36.764704823557956,2.0,True,False,0,False,False,False,False,False,False,False,False,0,False,False,,Kitex Garments Ltd.,Textiles,EQ,INE602G01020,SELL,Stage 4 takes precedence: the guide requires SELL regardless of RS.
KOTAKBANK,2026-08-24,401.45001220703125,0.04683875674710403,-0.059754322865442244,-0.036690689997102344,0.012139007446673622,0.001874301615667416,390.216594330252,-0.4507180666200483,Stage 3 — Topping,391.8172990387561,452.4189269358333,False,344.9045390549985,1.071442060192489,1.486191986466865,3849550547.81557,391.5526312255859,False,2.8787647783302894,False,-11.265867030366527,True,True,True,False,False,False,False,False,391.11330525716147,399.8489889526367,False,1.620909975150896,1,1.0016290877663503,10.971480547798782,0.6016744439839213,False,413.08682018788966,0.017074442021841472,0.01870494643148277,False,2.8986941404941957,41.0,True,False,3,True,False,False,False,True,False,True,False,3,False,False,,Kotak Mahindra Bank Ltd.,Financial Services,EQ,INE237A01036,SELL,Stage 3 + RS 41; RS below 50 in Stage 3 triggers SELL.
KIMS,2026-08-21,782.5,0.01735679017381231,0.12996389891696758,0.16773620132694322,0.04871671164854874,0.07622607844801683,730.0817260742188,1.7948897014421705,Stage 2 — Advancing,803.1558837890625,858.0,False,575.7999877929688,0.5245726600218958,1.3523081386445666,486700972.798114,803.517001953125,True,7.17978166740918,False,-8.799533799533798,True,False,True,True,False,False,False,False,726.0763354492187,709.2160000610352,True,2.555911657419557,2,0.9636485703409471,11.002333847792832,0.6432188082215913,False,858.0,0.03325499351982492,0.036506782289869845,False,9.648562300319497,57.0,True,True,4,True,True,True,True,False,True,True,False,6,False,False,,Krishna Institute of Medical Sciences Ltd.,Healthcare,EQ,INE967H01025,HOLD,Stage 2 + RS 57; trend/leadership is adequate without a stronger entry trigger.
LTF,2026-08-24,315.8500061035156,0.1691653275570404,0.0727918169169608,0.09076030928106671,0.4328779888707932,0.1869521540365803,287.89887655597846,0.6295343286326194,Stage 2 — Advancing,310.058822332644,338.6000061035156,False,213.06631603428085,0.5269742258542558,0.7974974090724734,1640701408.2719102,310.3949987792969,False,9.708662250407363,False,-6.718842170677619,True,True,True,True,False,False,False,False,287.8925938924154,290.8098906707764,True,2.8381471334133197,3,0.8221287951067137,16.597758769635103,0.7900334854184324,False,338.6000061035156,0.013433708937170377,0.014321103240890995,False,7.202785993470573,73.0,True,True,5,True,False,True,True,True,True,True,True,7,False,False,,L&T Finance Ltd.,Financial Services,EQ,INE498L01015,HOLD,Stage 2 + RS 73; trend/leadership is adequate without a stronger entry trigger.
LTTS,2026-08-21,3604.60009765625,0.016153144092520222,0.07320439177794791,-0.14539170149479042,-0.14651155423663054,-0.03727851515368652,3431.7255724676725,-0.9465179043168903,Stage 3 — Topping,3407.2921501608457,4673.3032272251885,False,2976.4372238818078,0.34190527147799,1.5475177001052245,381348984.5760376,3408.4159912109376,False,5.037539323526596,False,-22.86825993534962,True,True,False,False,False,False,False,False,3445.1804443359374,3670.8599438476563,False,2.6908075109490373,1,1.0193156931747849,18.284789644012946,0.5658636199141809,False,3708.0,0.1531897161522286,0.19592790201720264,False,2.8685540571055768,35.0,True,False,2,False,False,False,False,True,False,True,False,2,False,False,,L&T Technology Services Ltd.,Information Technology,EQ,INE010V01017,SELL,Stage 3 + RS 35; RS below 50 in Stage 3 triggers SELL.
LGEINDIA,2026-08-24,1664.199951171875,,,,,,1541.8554837997644,1.0644631057482146,Stage 2 — Advancing,1573.4647144990809,,False,,0.9545637775278347,1.6772525824325641,1651325420.4443176,1574.350009765625,False,7.934885510190859,False,,True,True,True,True,False,False,False,False,1537.2653377278646,1542.8055035400391,False,2.980840826339357,1,1.1900679778338208,15.39600861378205,3.211518743230458,False,1755.0,0.07078162838461088,,False,5.456078085099492,,True,False,4,True,False,False,True,True,False,False,False,3,False,False,,LG Electronics India Ltd.,Consumer Durables,EQ,INE324D01010,WAIT,Stage 2 + RS unavailable; wait for a clearer entry trigger; no breakout setup is present.
LICHSGFIN,2026-08-21,497.0,-0.05757237314951236,-0.033497423046893626,-0.07129715168145911,-0.10719564621745081,-0.06542699344896566,521.645060993063,-0.29903738266726654,Stage 4 — Declining,524.8314579982383,586.4255760885916,False,449.86740023054796,2.1349263535525744,0.452081911601438,897061216.7823426,524.3583410644532,True,-4.724488514497938,False,-15.24926260635706,False,False,True,False,True,True,False,False,521.3425083414713,524.379729309082,False,1.4659200019198242,2,0.5279405547397131,13.114323930814308,1.2869785932101938,False,559.5158657250747,0.02112170195444471,0.025656417299230884,False,12.578645015105572,28.0,True,False,1,False,False,False,False,False,False,True,False,1,False,False,,LIC Housing Finance Ltd.,Financial Services,EQ,INE115A01026,SELL,Stage 4 takes precedence: the guide requires SELL regardless of RS.
LTFOODS,2026-08-24,459.0,0.1605573325127403,0.12577191155476464,0.14747040977489445,0.06627404919099211,0.13212620710922637,397.5932914002301,1.1662004787678315,Stage 2 — Advancing,394.65992108513325,490.70001220703125,False,331.4598565571745,59.852181036938745,27.368015560501345,1310744352.8630905,394.9454010009766,False,15.444603801917767,False,-6.460161283561716,True,True,False,True,False,False,False,False,396.1461199951172,395.4001499938965,True,3.1757499193591854,1,3.3644437889267693,25.540656696657667,6.526397751570957,False,490.70001220703125,0.019522153816708666,0.020026340335039063,False,6.906320742272598,66.0,True,True,4,True,True,True,False,True,True,True,False,6,False,False,,LT Foods Ltd.,Fast Moving Consumer Goods,EQ,INE818H01020,HOLD,Stage 2 + RS 66; trend/leadership is adequate without a stronger entry trigger.
LTM,2026-08-21,4487.7998046875,0.10127668099606257,-0.06985527067210873,-0.23254424929690354,-0.12782700198319175,-0.045534631992015774,4376.342620218211,-2.026347663091299,Stage 3 — Topping,4155.880395029106,6344.474916122625,False,3528.0,1.2657994077714225,2.1924348290123463,2314262586.6810303,4162.10400390625,False,2.546811210675548,False,-29.26444088725024,True,True,False,False,False,False,False,False,4430.993826497396,4814.446182861328,False,2.846765795995337,2,1.021402309712486,27.25773195876289,0.8113559825714399,False,4850.0,0.1907242855247979,0.2704860136237232,False,8.07077434546395,32.0,True,False,2,False,False,False,False,True,False,False,False,1,False,False,,LTM Ltd.,Information Technology,EQ,INE214T01019,SELL,Stage 3 + RS 32; RS below 50 in Stage 3 triggers SELL.
LT,2026-08-24,4090.0,0.041613583833322254,-0.030346472354412013,0.0290654425481911,0.14854787123290247,0.046098801818665214,3951.614901607984,0.40140154183558874,Stage 2 — Advancing,4015.5235188802085,4397.052414797838,False,3256.294765660181,0.7397859995692968,1.84514131052499,6401608063.214892,4012.4379931640624,False,3.5019884740212115,False,-6.983142019514787,True,True,True,True,False,False,False,False,3946.8597021484375,3956.690155029297,True,1.177261357868713,2,1.0557362877159624,12.927458978452902,0.7304880063388086,False,4272.2998046875,0.17395557540378748,0.18630503379242058,False,4.457207938569674,52.0,True,True,5,True,False,True,True,True,False,True,False,5,False,False,,Larsen & Toubro Ltd.,Construction,EQ,INE018A01030,HOLD,Stage 2 + RS 52; trend/leadership is adequate without a stronger entry trigger.
LATENTVIEW,2026-08-21,278.1000061035156,-0.13431904714858944,-0.23849946109568798,-0.42416399404851945,-0.3476424722804027,-0.2557888043443578,314.3658619847791,-2.953152111857027,Stage 4 — Declining,296.03333177753524,517.5,False,248.0,0.25409474247370134,0.9725237826578401,274816693.6583206,295.92899841308594,True,-11.536194055008231,False,-46.26086838579408,False,False,False,False,False,False,False,False,317.64466654459636,356.02400009155275,False,2.695586874867602,2,1.2820805296179705,19.319582006880363,0.3751678032739928,False,324.79998779296875,0.011818803707138253,0.02135119358331008,False,16.792513723307966,3.0,True,False,0,False,False,False,False,False,False,False,False,0,False,False,,Latent View Analytics Ltd.,Information Technology,EQ,INE0I7C01011,SELL,Stage 4 takes precedence: the guide requires SELL regardless of RS.
LAURUSLABS,2026-08-24,1801.0,0.3405284704131002,0.7528372031575752,0.8404299536505493,1.0524180834855152,0.6653484362239681,1303.560813590272,4.10613081868485,Stage 2 — Advancing,1627.9823620366114,1870.800048828125,False,821.6033975811163,1.3026528751596416,1.4788455040892126,3457538864.22005,1632.760009765625,False,38.16002914660186,True,-3.731026673419635,True,True,True,True,False,False,False,False,1296.0513924153645,1231.0981216430664,True,1.8763384452523895,3,0.3876119350173978,28.217875274524435,0.6818744528589143,True,1870.800048828125,0.07659999787340373,0.07845902624458452,False,3.875627364137979,96.0,True,True,5,True,True,True,True,True,True,True,True,8,True,False,,Laurus Labs Ltd.,Healthcare,EQ,INE947Q01028,WAIT,"Stage 2 + RS 96; wait because price is more than 20% above the 30-week line (currently +38%) — the guide treats that as poor entry timing, not a failed trend."
LXCHEM,2026-08-24,173.17999267578125,0.14270968469454903,0.3109253869673305,-0.057202387014465894,-0.1855644683974279,0.07071558018890697,149.70468176227726,1.2904582133552056,Stage 2 — Advancing,169.30156034581802,240.59049253763015,False,107.41716450845627,0.6302220199841465,0.8598682117781654,327063610.8058373,169.59485595703126,False,15.681080001747372,False,-28.018771295089895,True,True,True,True,False,False,False,False,149.54683069864907,155.2985966873169,False,3.037715187753374,3,0.4329740611723385,26.645959160095135,0.22137888478288556,True,203.8000030517578,0.007365678551183185,0.010070835527316354,False,17.68103226179354,56.0,True,True,5,True,False,False,True,True,True,False,False,4,False,False,,Laxmi Organic Industries Ltd.,Chemicals,EQ,INE576O01020,HOLD,Stage 2 + RS 56; trend/leadership is adequate without a stronger entry trigger.
IXIGO,2026-08-21,170.3000030517578,0.040635560056787146,-0.08803685315307574,-0.3578431553056971,-0.3924366376442998,-0.15140910519789968,181.8084131701239,-1.9972148962901892,Stage 4 — Declining,192.7472537171607,339.1499938964844,False,151.27000427246094,0.2155440646741743,0.5460723489049703,181768330.45755386,193.03779876708984,True,-6.329965658738423,False,-49.786228478088404,False,False,True,False,True,True,False,False,183.48346608479818,201.47284927368165,False,4.712272631919115,2,0.9931368818819049,24.894950022860897,0.4194659954954888,False,223.6999969482422,0.007237476674648397,0.014240062157543358,False,31.356425683829837,12.0,True,False,1,False,False,False,False,False,False,False,False,0,False,False,,Le Travenues Technology Ltd.,Consumer Services,EQ,INE0HV901016,SELL,Stage 4 takes precedence: the guide requires SELL regardless of RS.
THELEELA,2026-08-21,561.7000122070312,0.3807768659346549,0.2899299493875669,0.347002427354991,0.31854462959397,0.34340614764116756,447.48541768391925,1.3745159087952263,Stage 2 — Advancing,490.88529579312194,564.0,True,384.5,1.7681508776970494,5.239054545579797,373525989.44499207,492.107001953125,False,25.52364613673006,True,-0.40779925407247175,True,True,True,True,False,False,True,True,446.69666768391926,440.06800048828126,True,3.4124715689170477,1,0.8178664605804523,23.22695035460993,1.2525676314574434,False,564.0,0.02387134858278646,0.02387134858278646,True,0.40946906586873943,86.0,True,True,5,True,True,True,True,True,True,True,True,8,True,False,,Leela Palaces Hotels & Resorts Ltd.,Consumer Services,EQ,INE0AQ201015,WAIT,"Stage 2 + RS 86; wait because price is more than 20% above the 30-week line (currently +26%) — the guide treats that as poor entry timing, not a failed trend."
LEMONTREE,2026-08-24,108.55999755859375,-0.04192039627874611,-0.04495469950440811,-0.2686114470427575,-0.3593390409339874,-0.15134919600772906,114.61541094845289,-1.7833781689478467,Stage 4 — Declining,113.07549046535118,180.67999267578125,False,99.61000061035156,0.6638458787801285,0.5684416413240078,326078318.3955784,113.12440032958985,True,-5.283245367922207,False,-39.91587228288317,False,False,False,False,True,True,False,False,115.09486668904623,125.60035022735596,False,1.9732344304406666,3,0.24951795044409222,13.159395995802683,0.7351515210576518,False,122.6500015258789,0.004617265731329814,0.0077771192634986785,False,12.979001735588902,12.0,True,False,0,False,False,False,False,False,False,False,False,0,False,False,,Lemon Tree Hotels Ltd.,Consumer Services,EQ,INE970X01018,SELL,Stage 4 takes precedence: the guide requires SELL regardless of RS.
LENSKART,2026-08-24,659.75,,,,,,519.7503448904378,2.3032680360288937,Stage 2 — Advancing,555.5372595693551,,False,,1.1923540197462295,2.168925366866931,4418589639.155634,556.6610046386719,False,26.935942705160464,True,,True,True,True,True,False,False,False,False,517.5616689046224,,False,3.101283085660491,2,1.739049765652223,28.453780022385295,2.16189377366182,False,673.9000244140625,0.028060437866173297,,False,2.1447555004262986,,True,False,4,False,False,False,False,True,False,False,False,1,False,False,,Lenskart Solutions Ltd.,Consumer Services,EQ,INE956O01016,WAIT,"Stage 2 + RS unavailable; wait because price is more than 20% above the 30-week line (currently +27%) — the guide treats that as poor entry timing, not a failed trend."
LICI,2026-08-24,421.8500061035156,0.062153083584505664,-0.0210007220405809,-0.0352747183800477,-0.02881862035876681,0.007842421277923187,406.21004747364617,0.2220839327241375,Stage 2 — Advancing,421.5288678337546,457.74492274879265,False,352.4872671490231,1.1221982196033897,1.2891265052983916,7687522115.294148,422.03129028320313,True,3.8502146185549924,False,-7.8416853713472845,True,True,True,True,False,False,False,False,405.955654703776,410.5870307922363,False,2.082663069479346,2,0.817036099617696,13.78463167240485,2.293253015833368,False,447.6000061035156,0.01794209304298981,0.019348206075778064,False,6.10406533778296,44.0,True,False,4,True,False,False,True,False,False,True,False,3,False,False,,Life Insurance Corporation of India,Financial Services,EQ,INE0J1Y01017,WAIT,Stage 2 + RS 44; wait because the close is below its 50-session average — short-term timing has weakened even though the 30-week trend is intact.
LINDEINDIA,2026-08-24,6531.0,-0.09414623095617758,-0.01422798516067425,0.10986103138381642,0.03653266551292189,-0.011225350035258218,6951.909657935574,0.5063592972740505,Stage 1 — Basing,6971.296970741421,8035.3727195912315,False,5663.395514756716,1.174912357315283,0.9036595625350533,185848438.21525878,6972.157900390625,True,-6.054590445592279,False,-18.72187852497974,False,False,True,True,False,False,False,False,6925.971663411458,6671.920681152344,True,2.5534694726823393,1,1.1473112787275248,14.015591042927808,0.8828682606226245,False,7557.184004421236,0.27777600561421417,0.3503575691914487,False,15.71250963744044,38.0,True,False,2,False,True,True,True,False,False,True,False,4,False,False,2.0,Linde India Ltd.,Chemicals,EQ,INE473A01011,AVOID,Stage 1 + RS 38; weak RS in a basing stage is AVOID.
LLOYDSENGG,2026-08-24,87.16999816894531,0.26005094884195,0.7882515531024681,0.6816033001120327,0.26883051621998755,0.4517574534236777,66.55607952483713,4.429663202452261,Stage 2 — Advancing,88.36642665489047,99.47641802454628,False,37.297425311917706,0.4401412984661081,1.0232361382643351,1180607527.9994292,88.7106690979004,True,30.97225496344862,True,-12.371193193309693,True,False,True,True,False,False,False,False,66.02935147603353,63.05559286117554,True,4.714173754893823,3,0.45055172636909535,28.020050657898153,0.37556004982140245,True,99.47641802454628,0.003707507870275301,0.004074471779904527,False,14.117724118508912,90.0,True,True,4,True,True,True,True,False,True,True,True,7,False,False,,Lloyds Engineering Works Ltd.,Capital Goods,EQ,INE093R01011,WAIT,"Stage 2 + RS 90; wait because price is more than 20% above the 30-week line (currently +31%) — the guide treats that as poor entry timing, not a failed trend."
LLOYDSENT,2026-08-21,77.58999633789062,0.13017006321917246,0.41117195582769783,0.2929671771766771,0.049019407611414545,0.20269973341082687,65.83291754887021,2.1214048691313048,Stage 2 — Advancing,77.36050459917854,84.69999694824219,False,40.66239061884169,0.5106139569065723,0.8445264987477513,327485307.0787277,77.57002304077149,False,17.858966648854203,False,-8.394333962840971,True,True,True,True,False,False,False,False,65.4936272684733,64.58082265853882,True,3.981553673108418,3,0.7827890578502308,19.99528900669362,0.8457622985376252,False,84.69999694824219,0.0032974502561275297,0.0035260937311646736,False,9.163553223264476,75.0,True,True,5,True,True,True,True,True,True,True,True,8,True,False,,Lloyds Enterprises Ltd.,Metals & Mining,EQ,INE080I01025,HOLD,Stage 2 + RS 75; trend/leadership is adequate without a stronger entry trigger.
LLOYDSME,2026-08-21,1865.9000244140625,0.08921019102833783,0.6334341505106453,0.5265863843516001,0.340668683091893,0.3358219200021629,1604.5132080078124,3.187757452621187,Stage 2 — Advancing,1875.3627498851104,2125.0,False,1042.2770517704853,0.6276900286996997,1.0857106554460931,1267393153.9710572,1877.6320043945314,True,16.290723884460377,False,-12.19294002757353,True,False,True,True,False,False,False,False,1590.3126228841145,1512.7976824951172,True,3.067458040941653,1,2.034689862882963,20.414119944852942,1.2240253690477896,False,2125.0,0.07929775491441637,0.08861298601921899,False,13.886058856090155,86.0,True,True,4,True,True,True,True,False,True,True,True,7,False,False,,Lloyds Metals And Energy Ltd.,Metals & Mining,EQ,INE281B01032,WAIT,Stage 2 + RS 86; wait because the close is below its 50-session average — short-term timing has weakened even though the 30-week trend is intact.
LODHA,2026-08-24,1258.4000244140625,0.42410032014864285,0.21331754622701293,0.08873251767915491,0.001444052369411697,0.23033895131457308,981.278675236114,1.4793705948595415,Stage 2 — Advancing,1128.4669165517769,1340.2415520455131,False,648.5216337409466,0.44343213734865927,1.6332453458142573,2770447900.0630555,1132.68373046875,False,28.240840871352656,True,-6.106475918952214,True,True,True,True,False,False,False,False,981.3457454427083,1014.7371069335937,True,2.697507420838256,2,0.8308920632199359,33.07186046753628,0.396676881602029,False,1340.2415520455131,0.053522176121048516,0.05617112103836807,False,6.503617772063985,77.0,True,True,5,True,False,True,True,True,True,True,True,7,False,False,,Lodha Developers Ltd.,Realty,EQ,INE670K01029,HOLD,Stage 2 + RS 77; trend/leadership is adequate without a stronger entry trigger.
LUMAXTECH,2026-08-21,1988.800048828125,0.22438834128437057,0.15990189823875167,0.4953632244132933,0.7465539535598731,0.37011915175613186,1622.4951559132544,2.246543984986027,Stage 2 — Advancing,1630.1992522594976,2110.0,False,1021.2810346738605,0.40186537701608344,4.731364062169605,960179248.0724792,1630.2290966796875,False,22.576640156974047,True,-5.744073515254744,True,True,True,True,False,False,False,False,1616.0225927734375,1582.987366333008,True,4.412083826983264,2,1.484473584928718,34.601159389235676,5.126791093818615,False,2110.0,0.08452080860831537,0.08767733047504736,False,6.094124507050891,87.0,True,True,5,True,True,True,True,True,True,True,True,8,True,False,,Lumax Auto Technologies Ltd.,Automobile and Auto Components,EQ,INE872H01027,WAIT,"Stage 2 + RS 87; wait because price is more than 20% above the 30-week line (currently +23%) — the guide treats that as poor entry timing, not a failed trend."
LUPIN,2026-08-21,2201.800048828125,-0.029212203764647726,-0.0007367131800193327,0.0928179473461952,0.13007122956042427,0.03274561123946094,2297.9754680765086,0.25653487779122575,Stage 1 — Basing,2366.967974494485,2523.699951171875,False,1861.5026464000705,0.8347981291189525,0.3366116368225954,2714817245.7016115,2368.77150390625,True,-4.185223932302728,False,-12.755078201522185,False,False,True,True,True,True,False,False,2293.0380159505207,2237.8088958740236,True,2.0943889903646618,1,1.2818533622742225,13.313785572804687,1.2109806746958494,False,2523.699951171875,0.09357296658879168,0.11190751564979398,False,14.619851721552845,49.0,True,False,2,False,True,True,True,False,False,True,False,4,False,False,1.0,Lupin Ltd.,Healthcare,EQ,INE326A01037,AVOID,Stage 1 + RS 49; weak RS in a basing stage is AVOID.
MMTC,2026-08-24,64.61000061035156,0.00466495200041761,0.04750324725484667,0.07361250054355306,0.0074848491734187395,0.027586100194530738,63.67054785114445,-0.25864429837508807,Stage 3 — Topping,65.83803947299134,78.3499984741211,False,50.099998474121094,0.1889753292597318,3.42024728231503,232360416.18161088,65.75100021362304,True,1.4754903026803934,False,-17.53669193536467,True,False,True,False,False,False,False,False,63.73653325398763,63.31690006256103,False,2.918608596966387,2,0.5692575166400446,23.54817780160672,0.6430722557079963,False,78.3499984741211,0.00274798773423295,0.003293437165911991,False,21.26605437853557,49.0,True,False,2,True,True,False,True,False,False,True,False,4,False,False,,MMTC Ltd.,Services,EQ,INE123F01029,SELL,Stage 3 + RS 49; RS below 50 in Stage 3 triggers SELL.
MOIL,2026-08-24,255.39999389648438,-0.1583457451890441,-0.14438863016253145,-0.1851636532589912,-0.20970914676093433,-0.17119058411210905,295.1353042811564,-1.561309863305127,Stage 4 — Declining,276.48725472244564,398.6210131186603,False,242.35000610351562,0.688516538375218,3.8170655881272317,726798022.4257286,276.10199981689453,True,-13.463421626718953,False,-35.929119265858255,False,False,False,False,False,False,False,False,296.1846659342448,306.9171601867676,False,2.870847602281557,1,1.6776496441167774,17.422004286291564,0.8116066692034538,False,304.5,0.01086265351989896,0.01674616854939135,False,19.22474834647656,9.0,True,False,0,False,False,False,False,False,False,False,False,0,False,False,,MOIL Ltd.,Metals & Mining,EQ,INE490G01020,SELL,Stage 4 takes precedence: the guide requires SELL regardless of RS.
MRF,2026-08-21,132665.0,0.05414888864775147,-0.092174655359195,-0.12815824126716557,-0.10277257746609259,-0.042961539359390045,132850.56131465518,-0.5415156205413996,Stage 4 — Declining,131806.95450367648,163308.50228634744,False,121787.43505408362,0.45284076630130105,1.058794792251887,559807876.75,131937.1675,False,-0.13967672610405435,False,-18.764180589089406,False,True,False,False,False,False,False,False,133156.81791666665,138048.60234375,False,1.3059209286548827,2,0.8851841998854338,11.069142344685742,0.703739303188309,False,138747.82947281824,5.638049476431403,6.819603123270115,False,4.585104943141172,33.0,True,False,1,False,False,False,False,True,False,True,False,2,False,False,,MRF Ltd.,Automobile and Auto Components,EQ,INE883A01011,SELL,Stage 4 takes precedence: the guide requires SELL regardless of RS.
MSTCLTD,2026-08-24,730.5999755859375,0.714017538031525,0.6128034781146523,0.5415102451517888,0.6486713074047552,0.6462040213468493,516.0939197279002,2.5233252665470163,Stage 2 — Advancing,647.6441171683517,743.9000244140625,True,362.1499938964844,0.8628610478617975,3.8096538706569296,241448110.43968812,648.0019995117187,False,41.56337590086918,True,-1.7878812194690896,True,True,True,True,False,False,False,False,514.4891475423177,507.72550735473635,True,3.7078142593988264,2,1.838767216006144,23.376800471412263,0.35535353118743523,False,743.9000244140625,0.031073823751355704,0.031073823751355704,True,1.8204283154346523,96.0,True,True,5,True,True,True,True,True,True,True,True,8,True,False,,MSTC Ltd.,Services,EQ,INE255X01014,WAIT,"Stage 2 + RS 96; wait because price is more than 20% above the 30-week line (currently +42%) — the guide treats that as poor entry timing, not a failed trend."
MTARTECH,2026-08-21,7029.5,-0.1155080213903743,0.9218886188526807,1.6975326234433097,3.6543731528409493,1.2085556704712381,5607.678621699893,5.788628129313822,Stage 2 — Advancing,6899.598039215686,8714.0,False,1390.5,0.079601676620815,2.1740614819383643,1190563862.05,6894.4,False,25.354901274087304,True,-19.33096167087446,True,True,True,True,False,False,False,False,5505.599334309896,4750.0714978027345,True,4.348510867466697,2,0.4513254076967064,40.394767041542345,0.11346006058724523,False,8714.0,0.2987424625528553,0.36184012766427875,False,23.96329753183015,98.0,True,True,5,True,True,True,True,True,True,True,True,8,True,False,,MTAR Technologies Ltd.,Capital Goods,BE,INE864I01014,WAIT,"Stage 2 + RS 98; wait because price is more than 20% above the 30-week line (currently +25%) — the guide treats that as poor entry timing, not a failed trend."
MGL,2026-08-24,1127.699951171875,0.0864323642162117,-0.03942257951983186,-0.04295946553107877,-0.1274063083618684,-0.00738472499607112,1081.291244191137,0.4116414901780052,Stage 2 — Advancing,1116.7965231502758,1341.9214475373328,False,885.652283987356,0.8734956512126574,6.429721811223955,491880966.53428346,1116.7156103515624,False,4.29197103278629,False,-15.963788100905074,True,True,True,True,False,False,False,False,1080.828271077474,1091.7074795532226,False,2.6288459422713744,2,0.7043590616102607,14.984016119309903,1.2837675433345714,False,1232.0406643604476,0.04796325033959084,0.05680567525571492,False,9.252524404221596,40.0,True,False,4,True,False,False,True,True,False,True,False,4,False,False,,Mahanagar Gas Ltd.,Oil Gas & Consumable Fuels,EQ,INE002S01010,WAIT,Stage 2 + RS 40; wait because relative strength is below 50 — the trend has turned up but the stock still lags most of the universe.
MAHSCOOTER,2026-08-21,13131.0,0.13241748246565566,-0.015009768850629213,-0.09864544875124248,-0.15127826375332976,-1.9703284778026936e-05,12789.896430121527,-0.07565571730947518,Stage 3 — Topping,12985.928634344362,18282.171657913605,False,10848.184744150401,0.5141467636573455,1.9268292682926829,68972972.3,13000.1424609375,False,2.66697679486394,False,-28.175928737021096,True,True,True,False,False,False,False,False,12819.246946614583,13166.019145507813,False,2.4168543359770225,2,1.3204638558700392,13.194299238526447,0.5625589185069299,False,14125.0,0.5580464152189406,0.769153128744121,False,7.569872820044177,41.0,True,False,3,False,False,False,False,True,False,False,False,1,False,False,,Maharashtra Scooters Ltd.,Financial Services,EQ,INE288A01013,SELL,Stage 3 + RS 41; RS below 50 in Stage 3 triggers SELL.
MAHSEAMLES,2026-08-24,634.75,-0.0009443229857436508,0.18900445636120478,0.11154892490799839,-0.04977544910179643,0.04977785723918388,593.8496566145387,1.048232008348271,Stage 2 — Advancing,601.8764696308211,690.0,False,500.70001220703125,1.2004881278858452,2.8280577998925613,107699675.66888122,601.3149987792968,False,6.887322898968895,False,-8.007246376811594,True,True,True,True,False,False,False,False,591.752665608724,583.2582482910157,True,2.8886500887494373,2,1.339425387375309,15.76719392183957,1.717684553864434,False,661.5,0.026997139728008338,0.029050666842845168,False,4.214257581725089,53.0,True,True,5,True,True,True,True,True,False,True,False,6,False,False,,Maharashtra Seamless Ltd.,Capital Goods,EQ,INE271B01025,HOLD,Stage 2 + RS 53; trend/leadership is adequate without a stronger entry trigger.
M&MFIN,2026-08-24,378.70001220703125,0.292673541345996,0.06189588146635461,0.08298237528338381,0.4723207553549893,0.24050921895934396,330.25781061877944,0.893032209525324,Stage 2 — Advancing,348.72052061791516,415.0,False,247.48193100818654,0.30274000583535365,1.008909031237784,1286029751.2093124,349.8690075683594,False,14.667995738689509,False,-8.746985010353914,True,True,True,True,False,False,False,False,330.72625162760414,335.21373107910154,True,3.4375128288600205,3,0.6640732513462859,31.96445988815741,0.40785090559209736,False,415.0,0.01610684071611136,0.017364971922881205,False,9.585420285944934,78.0,True,True,5,True,False,True,True,True,True,True,True,7,False,False,,Mahindra & Mahindra Financial Services Ltd.,Financial Services,EQ,INE774D01024,HOLD,Stage 2 + RS 78; trend/leadership is adequate without a stronger entry trigger.
M&M,2026-08-24,3414.10009765625,0.1196420963818361,0.004879764269760667,-0.06525596557848345,0.013797616209911823,0.03854112153297225,3204.647072988014,-0.2810855345559804,Stage 3 — Topping,3233.9795113357845,3799.9943064302024,False,2865.903724597869,0.45966244021383973,2.2456536316875058,8009608783.609876,3236.6245556640624,False,6.535915497020461,False,-10.155125972714153,True,True,True,False,False,False,False,False,3213.8088411458334,3321.9485485839846,False,1.6287481020099095,2,0.711276582191039,15.306880446915832,0.593746497003096,False,3534.60009765625,0.14520825109386795,0.15939129556332166,False,3.529480582093125,50.0,True,True,4,True,False,False,False,True,False,True,False,3,False,False,,Mahindra & Mahindra Ltd.,Automobile and Auto Components,EQ,INE101A01026,REDUCE,Stage 3 with RS 50; the guide requires REDUCE when RS is 50 or higher.
MANAPPURAM,2026-08-24,365.04998779296875,0.12958645866413887,0.2010453810395616,0.33564442389943205,0.3794704507788984,0.235066634609234,306.9897709676664,1.0752238269141623,Stage 2 — Advancing,340.61543423521755,380.45671483079525,False,244.06078978586396,2.0335772816731406,0.8230551501831536,2804202759.1057053,341.0929461669922,False,18.912752904531626,False,-4.0495347925922465,True,True,True,True,False,False,False,False,306.85404032389323,302.3172224426269,True,2.9903891616907594,1,1.2939388206066524,19.827015909614396,2.0611222251063,False,380.45671483079525,0.015526278894296202,0.015805066337803163,False,4.220443104510974,77.0,True,True,5,True,True,True,True,True,True,True,True,8,True,False,,Manappuram Finance Ltd.,Financial Services,EQ,INE522D01027,HOLD,Stage 2 + RS 77; trend/leadership is adequate without a stronger entry trigger.
MRPL,2026-08-24,173.83999633789062,0.1668680448603086,-0.09830588532883511,0.06406609685609177,0.42131085889306874,0.14416143202818854,170.1123914326707,1.115791876458161,Stage 2 — Advancing,164.13784311331955,212.0,False,117.96135501479725,0.34070244330234345,2.101954279353021,2265237300.9363303,164.0416000366211,False,2.191260068608991,False,-18.000001727410087,True,True,False,True,False,False,False,False,169.42231638590494,165.40016456604005,True,4.235423152657387,2,1.1224134416163154,23.650792036106978,1.3767742402096055,False,189.0,0.007393749777787303,0.009617745955988098,False,8.720664968631887,68.0,True,True,4,True,True,True,False,True,True,True,False,6,False,False,,Mangalore Refinery & Petrochemicals Ltd.,Oil Gas & Consumable Fuels,EQ,INE103A01014,HOLD,Stage 2 + RS 68; trend/leadership is adequate without a stronger entry trigger.
MANKIND,2026-08-21,2384.0,-0.05174817732099646,0.17769102529049818,0.06328883464751778,-0.08311222242983807,0.010874256573236998,2302.6951361762153,0.685878861019118,Stage 2 — Advancing,2478.1902046951595,2674.0,False,1909.699951171875,0.7862783264153748,0.5209300314779634,1145728874.7444215,2480.1320068359373,True,3.530856627369139,False,-10.845175766641734,True,False,True,True,True,True,False,False,2296.6366634114584,2276.3934997558595,True,1.823166347075743,2,0.46885416455108825,11.404241060867713,0.9093737100224687,False,2642.0,0.10131617195049535,0.11444249673421647,False,10.82214765100671,45.0,True,False,3,True,True,True,True,False,False,True,False,5,False,False,,Mankind Pharma Ltd.,Healthcare,EQ,INE634S01028,REDUCE,Stage 2 + RS 45; distribution warning (U/D 0.52) triggers REDUCE.
MANORAMA,2026-08-21,1927.300048828125,0.4086391738118218,0.36127982932574043,0.47155846429072734,0.37713472585075025,0.4054502734181723,1471.2186178273168,2.6769681436006776,Stage 2 — Advancing,1626.6490215226715,2043.0,False,1060.5999755859375,0.4315981940003256,6.945758675879299,1790196901.5979552,1627.8940014648438,False,31.00024873763121,True,-5.663237942823052,True,True,True,True,False,False,False,False,1460.8773299153645,1427.5249981689453,True,4.899156158482443,1,3.1445675462768174,27.03866981958211,11.41296423537559,False,2043.0,0.08190715736043137,0.08330303157419075,False,6.003214250019107,89.0,True,True,5,True,True,True,True,True,True,True,True,8,True,False,,Manorama Industries Ltd.,Fast Moving Consumer Goods,EQ,INE00VM01036,WAIT,"Stage 2 + RS 89; wait because price is more than 20% above the 30-week line (currently +31%) — the guide treats that as poor entry timing, not a failed trend."
MARICO,2026-08-21,849.25,0.025585929610905556,0.08238212075332374,0.1530390546780076,0.15342874534506046,0.0880043559996406,801.0735865099676,0.9151440814978207,Stage 2 — Advancing,844.6784632065717,889.0999755859375,False,687.1576231263153,0.42289929246398233,1.1219641527985413,1455266545.7465026,845.2656018066406,False,6.013981025129311,False,-4.482057887773017,True,True,True,True,False,False,False,False,799.3900553385416,783.3253536987305,True,1.8781281704707935,2,0.7320709788587941,10.878809868115312,0.55485189644876,False,889.0999755859375,0.03609176133765024,0.038037339301649396,False,4.692372750772744,59.0,True,True,5,True,True,True,True,True,False,True,False,6,False,False,,Marico Ltd.,Fast Moving Consumer Goods,EQ,INE196A01026,HOLD,Stage 2 + RS 59; trend/leadership is adequate without a stronger entry trigger.
MARKSANS,2026-08-24,323.8999938964844,0.5330591843578074,0.8658810557314256,0.7203068090147597,0.8048116554841818,0.6914235777891964,218.67446920316513,4.665195501373343,Stage 2 — Advancing,272.858632106407,344.5490677430362,False,154.57339337516265,0.5026958606078106,2.438633991805552,1793160184.378788,273.33435302734375,False,48.11971195208744,True,-5.993072041034175,True,True,True,True,False,False,False,False,217.37151885986327,209.2389530944824,True,4.6190817296492295,2,2.0577287882541566,30.636756012781753,5.180809837494513,False,344.5490677430362,0.01377609041847095,0.014074375843760598,False,6.375138695788629,96.0,True,True,5,True,True,True,True,True,True,True,True,8,True,False,,Marksans Pharma Ltd.,Healthcare,EQ,INE750C01026,WAIT,"Stage 2 + RS 96; wait because price is more than 20% above the 30-week line (currently +48%) — the guide treats that as poor entry timing, not a failed trend."
MARUTI,2026-08-24,13620.0,0.05927357678683043,-0.07833402170860249,-0.13793791888128137,-0.04127212261098756,-0.027799381925442117,13598.124270922517,-0.963416203093892,Stage 3 — Topping,13718.321748621323,17197.28603290768,False,12079.682710510879,0.5125846641208259,1.4283911419222224,5146528398.339892,13719.33349609375,True,0.16087313692418892,False,-20.801456846518708,True,False,True,False,False,False,False,False,13655.225716145833,14262.411240234374,False,1.3060471673150629,2,0.9186540381790099,9.597206769394955,0.49433586724896383,False,14452.849699252605,0.5792848256722702,0.7130239895045918,False,6.114902343998563,35.0,True,False,2,False,False,False,False,False,False,True,False,1,False,False,,Maruti Suzuki India Ltd.,Automobile and Auto Components,EQ,INE585B01010,SELL,Stage 3 + RS 35; RS below 50 in Stage 3 triggers SELL.
MASTEK,2026-08-24,1685.0,0.030455020985314718,0.07489157070838859,-0.24774490013907724,-0.31638641695182923,-0.0856659408823777,1683.746309463292,-1.191838512041321,Stage 3 — Topping,1714.2294084137561,2597.957012836787,False,1334.199951171875,1.1394955131988647,1.7725858483604808,208081692.25097656,1716.17599609375,True,0.07445839849280489,False,-35.141344076355665,True,False,True,False,False,False,False,False,1696.7378694661459,1811.0045477294923,False,3.2221294692533915,2,1.294695167478249,20.748314812298304,0.8734242960185181,False,1945.699951171875,0.0716662945123183,0.11355368717185453,False,15.471807191209198,24.0,True,False,2,False,False,False,False,False,False,False,False,0,False,False,,Mastek Ltd.,Information Technology,EQ,INE759A01021,SELL,Stage 3 + RS 24; RS below 50 in Stage 3 triggers SELL.
MFSL,2026-08-24,1569.800048828125,-0.06559520903087801,-0.1477278744662034,-0.06537266513087925,-0.042045465549979455,-0.07726728464176363,1630.8520566339362,-0.3858434807262112,Stage 4 — Declining,1572.8509880514705,1892.5,False,1433.5999755859375,0.4319055936104555,1.3717762607304402,1290356761.554004,1571.6560083007812,True,-3.7435650620462724,False,-17.051516574471602,False,False,False,False,False,False,False,False,1630.8586678059896,1643.7455017089844,False,2.4197806467004703,2,0.8692996750162871,14.361576744408369,1.3815473274454402,False,1713.5999755859375,0.06676661876840835,0.0796254649129504,False,9.160397648424134,26.0,True,False,0,False,False,False,False,False,False,True,False,1,False,False,,Max Financial Services Ltd.,Financial Services,EQ,INE180A01020,SELL,Stage 4 takes precedence: the guide requires SELL regardless of RS.
MAXHEALTH,2026-08-24,990.5,-0.030285589279641756,-0.08665296188057614,-0.14149485209622958,-0.19635509281332808,-0.09701481706988346,1033.0778244227579,-0.06640309651027021,Stage 4 — Declining,1078.7791389016545,1250.2780809935607,False,901.3980430128952,1.010608866152459,0.5332197343980981,2002041795.9851043,1079.8132275390626,True,-4.121453719766821,False,-20.777624189582077,False,False,True,False,True,True,False,False,1032.2116625976562,1045.2369955444335,False,2.71363748368992,2,0.6445997178648921,15.994523925268597,1.1581914517842424,False,1167.9000244140625,0.04212787223409572,0.05289056378479904,False,17.910148855533812,21.0,True,False,1,False,False,False,True,False,False,True,False,2,False,False,,Max Healthcare Institute Ltd.,Healthcare,EQ,INE027H01010,SELL,Stage 4 takes precedence: the guide requires SELL regardless of RS.
MAZDOCK,2026-08-24,2540.0,0.03057202679013371,0.12771919837052703,-0.049732872550814156,-0.05180104066527336,0.017465867746941394,2440.8396932523547,0.40079205831660136,Stage 2 — Advancing,2454.819953469669,3039.7424286023584,False,2053.692522278021,0.4524843752439229,2.2325613458949083,2327244875.9172363,2455.19630859375,False,4.06254892616551,False,-16.440288621168953,True,True,True,True,False,False,False,False,2438.570498046875,2469.546507568359,False,2.7061451211932845,2,0.9821030283029751,13.338425867291873,0.8615177736043854,False,2614.7796447690657,0.10803109083755995,0.12681045734809449,False,2.9440805027191264,46.0,True,False,4,True,False,False,False,True,False,True,False,3,False,False,,Mazagoan Dock Shipbuilders Ltd.,Capital Goods,EQ,INE249Z01020,WAIT,Stage 2 + RS 46; wait because relative strength is below 50 — the trend has turned up but the stock still lags most of the universe.
MEDPLUS,2026-08-21,689.5499877929688,-0.2771255161498418,-0.16836523247978585,-0.10144648702680858,-0.16776296185853323,-0.1983651427329623,825.7649332682291,-1.2513840121155972,Stage 4 — Declining,764.9705918255975,1022.2000122070312,False,648.0,1.1564234435995717,0.8842881928604882,169077542.11575928,762.6310034179687,True,-16.49560788881481,False,-32.5425572727042,False,False,False,False,False,False,False,False,825.1163366699219,819.962000427246,False,2.505256843152183,2,0.9257594725571995,27.923918714381873,1.1583041498979196,False,899.0499877929688,0.02930476725322751,0.04220823098299065,False,30.382133813176203,6.0,True,False,0,False,True,False,False,False,False,False,False,1,False,False,,Medplus Health Services Ltd.,Consumer Services,EQ,INE804L01022,SELL,Stage 4 takes precedence: the guide requires SELL regardless of RS.
MEESHO,2026-08-24,205.07000732421875,,,,,,173.88116381919548,1.1883564847027461,Stage 2 — Advancing,187.755490471335,,False,,1.0885271582629146,1.557208952332284,2434651516.889014,188.1400003051758,False,17.93687298841291,False,,True,True,True,True,False,False,False,False,173.76779947916665,,False,3.007683892589456,2,0.6465150559784885,23.169522891054466,0.5917093694720607,False,212.64999389648438,0.00872202227925266,,False,3.696292144897395,,True,False,4,False,False,False,False,True,False,False,False,1,False,False,,Meesho Ltd.,Consumer Services,EQ,INE0VDM01015,WAIT,Stage 2 + RS unavailable; wait for a clearer entry trigger; no breakout setup is present.
METROPOLIS,2026-08-21,556.9500122070312,0.05323378416015312,0.20004263571294612,0.14173154259464749,0.03782464046614287,0.09721327741880854,510.8499802161907,1.103414473611819,Stage 2 — Advancing,558.944118125766,609.0499877929688,False,411.4375158286193,1.6615335714230706,0.9242903944036561,160872095.3912506,559.5090002441407,True,9.024182005709601,False,-8.554302049119745,True,False,True,True,False,False,False,False,509.6828265380859,502.73072158813477,True,3.417851259144295,2,1.1120187231356304,15.236842566773646,1.051241755407066,False,609.0499877929688,0.02366948120998241,0.025333366969064856,False,9.354515565854893,60.0,True,True,4,True,True,True,True,False,True,True,False,6,False,False,,Metropolis Healthcare Ltd.,Healthcare,EQ,INE112L01020,HOLD,Stage 2 + RS 60; trend/leadership is adequate without a stronger entry trigger.
MINDACORP,2026-08-24,719.9500122070312,0.25425871137269773,0.2564450849227262,0.23079293264981815,0.4206770944584113,0.28328650695527025,600.9494931977371,1.9730671039383418,Stage 2 — Advancing,694.5719030043658,769.0,False,467.97365403461544,0.3565214973487835,2.2514986749344725,550764215.5832459,695.2272290039062,False,19.802083262617565,False,-6.378411936666939,True,True,True,True,False,False,False,False,599.0813024902344,596.2469949340821,True,3.876035272777277,2,1.1285450952413347,16.849045646241173,2.864003560222704,False,769.0,0.030620860302063065,0.03175005485581512,False,6.812971312078231,82.0,True,True,5,True,True,True,True,True,True,True,True,8,True,False,,Minda Corporation Ltd.,Automobile and Auto Components,EQ,INE842C01021,HOLD,Stage 2 + RS 82; trend/leadership is adequate without a stronger entry trigger.
MIDHANI,2026-08-24,418.1000061035156,0.011858648963517515,0.23843801143767296,0.28179576576960086,0.0714664964871139,0.12308351432428456,385.1834449245505,1.342334232693032,Stage 2 — Advancing,418.955883549709,456.6000061035156,False,266.6499938964844,0.3681214675632487,2.6983888096773625,774798934.0016693,418.6080010986328,True,8.54568429996072,False,-8.431887754130186,True,False,True,True,False,False,False,False,384.15199381510416,371.6262776184082,True,4.886050105239086,2,1.334283252906908,15.330705007509424,3.140896399263364,False,456.6000061035156,0.017782598322265065,0.02013173797402143,False,9.208323233190274,64.0,True,True,4,True,True,True,True,False,True,True,False,6,False,False,,Mishra Dhatu Nigam Ltd.,Capital Goods,EQ,INE099Z01011,HOLD,Stage 2 + RS 64; trend/leadership is adequate without a stronger entry trigger.
MSUMI,2026-08-24,37.75,-0.03434385699765652,-0.12180873782883905,-0.19525274114741797,-0.0829041137428671,-0.09373066134288743,39.791870744261026,-0.7341549302868788,Stage 4 — Declining,39.800293492335896,52.823297143452564,False,35.189245537612464,0.8075726747363758,0.4981194967228558,424103624.0752455,39.84973541259765,True,-5.1313766004718815,False,-28.53532050927816,False,False,True,False,True,True,False,False,39.89236073811849,41.48534469604492,False,2.650898452513378,2,0.7136542672822468,13.71099386481133,0.5459084806370508,False,42.220001220703125,0.0016055801886290897,0.002132528489373942,False,11.841062836299665,22.0,True,False,1,False,False,False,False,False,False,False,False,0,False,False,,Motherson Sumi Wiring India Ltd.,Automobile and Auto Components,EQ,INE0FS801015,SELL,Stage 4 takes precedence: the guide requires SELL regardless of RS.
MOTILALOFS,2026-08-24,990.0,0.16545998678344054,0.3320774808117446,0.054512697715929814,0.07397452997193654,0.15829693641329842,832.3561530962382,1.0186286596380878,Stage 2 — Advancing,928.8588268803616,1088.3156211947492,False,614.9000244140625,0.9143393899104372,2.372288229801907,1082336378.7308166,928.6470031738281,False,18.939470359815402,False,-9.03374161686833,True,True,True,True,False,False,False,False,831.2084293619791,845.6395556640625,False,2.783189473558126,1,3.5600560668904198,17.72414033636084,1.4170598917708739,False,1015.0,0.04210660627133242,0.045461829928840375,False,2.5252525252525304,69.0,True,True,5,True,False,False,True,True,True,True,False,5,False,False,,Motilal Oswal Financial Services Ltd.,Financial Services,EQ,INE338I01027,HOLD,Stage 2 + RS 69; trend/leadership is adequate without a stronger entry trigger.
MPHASIS,2026-08-21,2430.0,0.12010564010722913,0.051119421781247176,-0.09171586590770697,-0.12585920801014683,0.014751125615570324,2283.974068056304,-0.8072285267610391,Stage 3 — Topping,2331.9260493259803,2957.899861042516,False,1960.4413570175507,0.4028488051948,1.5824525428909955,1337016402.0894532,2334.342158203125,False,6.393502184898536,False,-17.847117409054448,True,True,True,False,False,False,False,False,2300.043046061198,2412.9421783447265,False,2.6913575941082453,2,0.7465789965634346,19.210021078205937,0.6781750856603405,False,2556.89990234375,0.10327109808712404,0.12528721305675106,False,5.222218203446505,45.0,True,False,3,True,False,False,False,True,False,True,False,3,False,False,,MphasiS Ltd.,Information Technology,EQ,INE356A01018,SELL,Stage 3 + RS 45; RS below 50 in Stage 3 triggers SELL.
BECTORFOOD,2026-08-24,257.2900085449219,0.4472382175248626,0.1874193153121686,0.000756602316694055,-0.05983246913103901,0.20456397670950982,198.46975979739673,1.0592136767450633,Stage 2 — Advancing,204.08196123908547,297.5474157032224,False,165.0,0.29881634497761644,2.553473537037379,681680946.1552727,204.48420043945313,False,29.636882116232943,True,-13.52974518805896,True,True,True,True,False,False,False,False,198.95160959879559,211.34255882263184,False,4.305868174769033,1,2.2107489933900566,37.92324771342041,0.34819337544200774,False,265.79998779296875,0.010943039482170484,0.012838485781554257,False,3.307543614372821,75.0,True,True,5,True,False,False,False,True,True,True,True,5,False,False,,Mrs. Bectors Food Specialities Ltd.,Fast Moving Consumer Goods,EQ,INE495P01020,HOLD,Stage 2 + RS 75; trend/leadership is adequate without a stronger entry trigger.
MCX,2026-08-24,3268.0,-0.0005810276768375422,0.3640537329475806,0.6562769451302259,1.0527638190954773,0.4143864883639218,2757.5184928162457,1.5931553996457515,Stage 2 — Advancing,2831.3647125842526,3480.0,False,1460.800048828125,1.2381261999155142,1.8633911028918078,7943770482.381177,2830.0800048828123,False,18.51235117783021,False,-6.09195402298851,True,True,True,True,False,False,False,False,2746.8913330078126,2582.3839996337892,True,3.3821448806199728,2,2.8887973714678625,22.01416426789612,1.2059901798152028,False,3289.699951171875,0.1389943326209236,0.15243498212328999,False,0.6640131937538207,89.0,True,True,5,True,True,True,True,True,True,True,True,8,True,False,,Multi Commodity Exchange of India Ltd.,Financial Services,EQ,INE745G01043,HOLD,Stage 2 + RS 89; trend/leadership is adequate without a stronger entry trigger.
MUTHOOTFIN,2026-08-24,3209.0,-0.026602345518493498,-0.07380264524453461,-0.10465536074774806,0.20724227950553642,-0.004884083504746652,3273.2489983545593,-1.84436469112077,Stage 4 — Declining,3016.986265893076,4114.708242760882,False,2582.3647317654068,2.9242759945574672,0.9379790840000161,4415465177.879041,3014.1239892578124,False,-1.9628509284462248,False,-22.011481478773597,False,True,False,False,False,False,False,False,3289.393134765625,3396.4527587890625,False,2.3674483673499203,2,1.5623287230360292,17.22962503873567,1.1277624486157878,False,3227.0,0.13648494901485428,0.17538049541165746,False,0.5609224057338658,40.0,True,False,1,False,False,False,False,True,False,True,False,2,False,False,,Muthoot Finance Ltd.,Financial Services,EQ,INE414G01012,SELL,Stage 4 takes precedence: the guide requires SELL regardless of RS.
NATCOPHARM,2026-08-24,884.0499877929688,-0.24292740677244085,-0.06276356039036024,0.05444491343363822,0.007034437226249857,-0.09742780465507078,970.7652240909943,0.23124511539018844,Stage 1 — Basing,918.9671307732077,1224.7250830949197,False,784.9091438882253,0.5646633846367528,0.5711341254622476,412856915.9954071,920.4231469726562,True,-8.932668182384052,False,-27.816454484712118,False,False,False,True,True,True,False,False,967.0893990071614,945.689375,True,3.008215887588881,3,1.1357773343864757,15.602125450427174,1.1097354551670875,False,995.6131549912668,0.03760034824260077,0.053171079410121364,False,12.619554181185567,21.0,True,False,1,False,True,True,False,False,False,False,False,2,False,False,1.0,NATCO Pharma Ltd.,Healthcare,EQ,INE987B01026,AVOID,Stage 1 + RS 21; weak RS in a basing stage is AVOID.
NBCC,2026-08-24,88.58000183105469,-0.06423434202429446,-0.060270193531426486,-0.23721074770422956,-0.13958087542167386,-0.11310610014118377,95.12685577183554,-0.8449751522756399,Stage 4 — Declining,98.17697008918313,125.47877724117153,False,77.05014024087339,0.5895656498679254,0.6189666073164495,535408698.002882,97.99692230224609,True,-6.882235187593777,False,-29.406387455622884,False,False,True,False,True,False,False,False,95.2184971110026,99.76979778289795,False,2.0863828042725556,2,0.9374974096503045,23.74955975803174,0.5591105485705846,False,114.09770189381173,0.0037674780410243683,0.005140163584973817,False,28.80751810259159,18.0,True,False,1,False,False,False,False,False,False,False,False,0,False,False,,NBCC (India) Ltd.,Construction,EQ,INE095N01031,SELL,Stage 4 takes precedence: the guide requires SELL regardless of RS.
NCC,2026-08-24,147.35000610351562,0.023633916143625644,0.0041916842035099044,-0.13185634207596508,-0.31035879056816973,-0.07815112323067472,147.11988600639447,-0.1447517673615284,Stage 3 — Topping,143.77822337431067,218.9304972416292,False,128.02376544116242,2.331941183606426,2.7449215971829357,396323902.3619896,143.64739562988282,False,0.15641671793515943,False,-32.69553216202292,True,True,False,False,False,False,False,False,146.9966316731771,151.10803367614747,False,2.5970455287330347,1,1.4674861052223493,16.749439433481832,1.9163670133404487,False,158.63129755507887,0.006267079485938546,0.009346014258142936,False,7.656118754170915,26.0,True,False,2,False,False,False,False,True,False,False,False,1,False,False,,NCC Ltd.,Construction,EQ,INE868B01028,SELL,Stage 3 + RS 26; RS below 50 in Stage 3 triggers SELL.
NEOGEN,2026-08-21,2230.10009765625,0.3224935411730716,0.6817509523780154,0.7932639009269935,0.5400421946228031,0.532008826054791,1694.6741665544182,4.060521318769372,Stage 2 — Advancing,2068.3685422411154,2483.89990234375,False,966.2326038611084,0.9314969497281385,2.3292414181868235,553230167.7924011,2069.081579589844,False,31.594624009077243,True,-10.217795187641032,True,True,True,True,False,False,False,False,1679.7062752278646,1552.2892086791992,True,4.89882793840664,1,1.8151728159197404,25.75756060639626,2.4221693039526953,False,2483.89990234375,0.09477567322187798,0.09987141152121497,False,11.380646319608424,93.0,True,True,5,True,True,True,True,True,True,True,True,8,True,False,,NEOGEN CHEMICALS LTD.,Chemicals,EQ,INE136S01016,WAIT,"Stage 2 + RS 93; wait because price is more than 20% above the 30-week line (currently +32%) — the guide treats that as poor entry timing, not a failed trend."
NESCO,2026-08-21,1035.800048828125,-0.15657741519453505,-0.08771294925192186,-0.15562094983555286,-0.27731688048084424,-0.16676112199147783,1119.9969647725422,-0.6619668559008418,Stage 4 — Declining,1075.0156884286919,1628.413458753058,False,989.6270152436205,0.3249524386887835,0.5374153522072542,40819764.646261595,1074.8594641113282,True,-7.517602153637681,False,-36.39207270976015,False,False,False,False,True,True,False,False,1121.0484810384114,1150.7775930786133,False,1.9798367315960737,2,0.529904962455933,14.629908959840545,0.362983701805352,False,1173.2445911469965,0.04401983886468196,0.06787110634035919,False,13.269408750692024,10.0,False,False,0,False,False,False,False,False,False,False,False,0,False,False,,NESCO Ltd.,Services,EQ,INE317F01035,SELL,Stage 4 takes precedence: the guide requires SELL regardless of RS.
NHPC,2026-08-24,76.6500015258789,-0.01914550084684108,0.014382452251171296,0.016738534951627138,-0.030501933221799282,-0.007534389542536601,77.52738184471653,-0.12270748913467688,Stage 4 — Declining,78.16801108565986,87.39772087555167,False,71.42454681386315,0.4027716513706533,0.9736225389544955,697694072.0628392,78.24164794921874,True,-1.131703790274996,False,-12.29748240801013,False,False,True,False,False,False,False,False,77.4880978902181,77.49711917877197,False,1.7375421197946561,3,0.3237499380010095,10.698795876298634,0.2206268234104615,False,82.77348924493786,0.003260072156512336,0.0037401601265083773,False,7.988894451608752,39.0,True,False,1,False,False,False,True,False,False,True,False,2,False,False,,NHPC Ltd.,Power,EQ,INE848E01016,SELL,Stage 4 takes precedence: the guide requires SELL regardless of RS.
NLCINDIA,2026-08-24,273.1000061035156,-0.20760188324407391,0.034861737096666845,0.13613555713857495,0.18713843957456677,-0.011413606535667864,294.01849344331924,0.42738699145303816,Stage 1 — Basing,300.4960775936351,387.79998779296875,False,217.6006723249054,0.6663414478353084,0.8973623891668009,612301413.897403,300.14799926757814,True,-7.114684214187461,False,-29.577097808132724,False,False,True,True,False,False,False,False,292.8690003458659,281.40059257507323,True,3.044410506226379,2,1.3519159466063655,19.99392801282721,0.38181970333221166,False,329.1000061035156,0.011615469120908295,0.016401997085915443,False,20.50530895219893,38.0,True,False,2,False,True,True,True,False,False,False,False,3,False,False,2.0,NLC India Ltd.,Power,EQ,INE589A01014,AVOID,Stage 1 + RS 38; weak RS in a basing stage is AVOID.
NMDC,2026-08-24,85.9000015258789,-0.02219689222665855,0.06311879061259695,0.22017177209890604,0.2615629794623042,0.10009195154409803,84.7256847015799,0.4388874548387989,Stage 2 — Advancing,85.08901932660271,97.48999786376953,False,66.17825931451272,1.461683517840274,2.1471054891691437,1645184253.9666512,85.0213996887207,False,1.3860222297821245,False,-11.888395314241617,True,True,True,True,False,False,False,False,84.51796579996744,82.37291896820068,True,2.2451367685993766,2,1.0714181817550115,9.187671650691527,0.8919210631784789,False,89.25,0.0036534924676333708,0.004277598620446168,False,3.8998817399459984,61.0,True,True,5,True,True,True,True,True,False,True,False,6,False,False,,NMDC Ltd.,Metals & Mining,EQ,INE584A01023,HOLD,Stage 2 + RS 61; trend/leadership is adequate without a stronger entry trigger.
NSLNISP,2026-08-24,40.060001373291016,-0.0928441686659418,0.03621317980870664,-0.02053790027504987,0.03380648705267131,-0.027241314149111105,42.251986438280916,0.0721648603722036,Stage 1 — Basing,43.51235318651386,53.75,False,33.0099983215332,0.7056679936105955,0.6256729118820092,201775785.86204472,43.42560028076172,True,-5.187886416161325,False,-25.469764886900435,False,False,True,True,True,False,False,False,42.20106679280599,42.199450130462644,False,3.4822769282663493,1,1.314038054803966,19.05252347138871,1.2039870882542034,False,48.54999923706055,0.0017038289950042432,0.002336110461965611,False,21.193204125624465,36.0,True,False,2,False,True,False,True,False,False,False,False,2,False,False,1.0,NMDC Steel Ltd.,Metals & Mining,EQ,INE0NNS01018,AVOID,Stage 1 + RS 36; weak RS in a basing stage is AVOID.
NTPCGREEN,2026-08-24,91.44000244140625,-0.12405399965474417,0.017130154498206984,-0.040503677720295395,-0.11489686765751073,-0.0772756780378175,96.91547963390612,0.01761190177098637,Stage 1 — Basing,93.54235331217448,119.94999694824219,False,84.0,0.6227149646600592,0.8659746528610414,252675882.06990013,93.4386003112793,True,-5.649744718989414,False,-23.768232790483403,False,False,False,True,False,False,False,False,96.75280014038086,96.02145008087159,False,1.4084175648281583,3,0.5267032532335205,10.140560872343146,0.3374425953993507,False,99.5999984741211,0.0038891193739898668,0.00520826936892002,False,8.92387993749637,26.0,True,False,1,False,True,False,False,False,False,True,False,2,False,False,3.0,NTPC Green Energy Ltd.,Power,EQ,INE0ONG01011,AVOID,Stage 1 + RS 26; weak RS in a basing stage is AVOID.
NTPC,2026-08-24,339.5,-0.12646338522669653,-0.1129980404964076,0.05754563168152993,0.034005218759800115,-0.05487479210169413,368.0114445098459,-0.07164583998400254,Stage 4 — Declining,348.53921568627453,414.3999938964844,False,313.1855106643288,0.5062911946555839,0.8989928099274799,3002148695.220552,348.54799987792967,True,-7.747434199450032,False,-18.074323117677004,False,False,False,False,False,False,False,False,367.21803894042966,357.165818939209,True,1.6673673360492716,3,0.5432244962483904,9.65470383113998,0.6780118521784246,False,369.25,0.014439588716280158,0.018055781225708497,False,8.762886597938135,30.0,True,False,0,False,True,True,False,False,False,True,False,3,False,False,,NTPC Ltd.,Power,EQ,INE733E01010,SELL,Stage 4 takes precedence: the guide requires SELL regardless of RS.
NH,2026-08-21,1815.800048828125,-0.05752517384106437,-0.003927429833962659,-0.10932622823782079,-0.015193135246478251,-0.048699428200078096,1841.687090853987,-0.18138607340012491,Stage 4 — Declining,1936.3124401616114,2092.89990234375,False,1585.4858653846154,0.7131789109530049,0.44963161965776655,728481158.8669007,1937.2444555664063,True,-1.405615652866321,False,-13.239995529901483,False,False,True,False,True,True,False,False,1841.4127311197917,1854.6279229736328,True,1.9322457635102837,2,0.7979641640079975,14.90276252554967,1.0238568496931908,False,2092.89990234375,0.07716858639882054,0.08967376081226015,False,15.260482765955352,32.0,True,False,1,False,False,True,True,False,False,True,False,3,False,False,,Narayana Hrudayalaya Ltd.,Healthcare,EQ,INE410P01011,SELL,Stage 4 takes precedence: the guide requires SELL regardless of RS.
NATIONALUM,2026-08-24,403.29998779296875,-0.012034188509578936,0.18466204861841318,0.6387615913256335,1.2374482999970708,0.40736071258439194,380.15745607140946,0.6125440171619534,Stage 2 — Advancing,361.2617151596967,443.3731066930094,False,175.46863161220853,0.7518288936889432,3.4547965372137805,3446189203.555762,360.8593359375,False,6.087617473221973,False,-9.038238516299357,True,True,False,True,False,False,False,False,379.5198103841146,355.51805290222165,True,3.269636211931642,3,0.8884831838815359,21.50639752692369,1.0687768045633144,False,421.12967656991844,0.017153125045688594,0.019410088544956496,False,4.420949495813642,89.0,True,True,4,True,True,True,False,True,True,True,True,7,False,False,,National Aluminium Co. Ltd.,Metals & Mining,EQ,INE139A01034,HOLD,Stage 2 + RS 89; trend/leadership is adequate without a stronger entry trigger.
NFL,2026-08-24,70.79000091552734,-0.0730653611414781,-0.08563675290911321,-0.180860883876234,-0.26743586561211896,-0.13601284493608448,74.83205492202549,-0.9028900692656272,Stage 4 — Declining,73.22686303830615,101.33738371028811,False,63.349998474121094,0.7037830752102998,1.6609954674683072,36249631.780470654,73.17780029296875,True,-5.4015007481886474,False,-30.144238657366774,False,False,False,False,False,False,False,False,74.96720006306965,78.09700012207031,False,1.628559237675798,2,0.7519111712024087,13.5709804731389,0.5799704499563592,False,79.94999694824219,0.0030108350469670417,0.004334348829892384,False,12.939674974217507,14.0,False,False,0,False,False,False,False,False,False,False,False,0,False,False,,National Fertilizers Ltd.,Chemicals,EQ,INE870D01012,SELL,Stage 4 takes precedence: the guide requires SELL regardless of RS.
NAVA,2026-08-21,558.9500122070312,-0.07246677284501424,-0.005513752291197882,0.06517899524545778,-0.15985520776110185,-0.04902470209937409,590.6345863079202,0.1582150845398811,Stage 1 — Basing,582.9572777841605,732.5560380476754,False,497.0066711243156,0.6033970593127351,0.7965107318682655,188352686.10788575,583.0395812988281,True,-5.364496904752992,False,-23.698668337144436,False,False,False,True,False,False,False,False,589.0357686360677,579.2008978271484,False,3.1764997168225984,2,1.1583388351979602,14.504537990206186,1.431979731702699,False,633.8779418597882,0.023754477998531483,0.03174448497030011,False,13.405121749063342,32.0,True,False,1,False,True,False,False,False,False,True,False,2,False,False,1.0,Nava Ltd.,Power,EQ,INE725A01030,AVOID,Stage 1 + RS 32; weak RS in a basing stage is AVOID.
NAVINFLUOR,2026-08-21,8206.5,0.15422812864625568,0.25902129777481586,0.3755856213841786,0.6483295460229317,0.3182785444948875,6945.405202720905,2.256467748474944,Stage 2 — Advancing,7739.205882352941,8775.5,False,4488.291781017636,0.6301166944798668,2.45908953770454,2947033832.925,7747.93,False,18.157253039535437,False,-6.483961027861662,True,True,True,True,False,False,False,False,6913.161959635417,6659.694780273438,True,3.3666692778372544,3,0.5337864866830405,18.357928323172466,0.6956564483966658,True,8775.5,0.3487630726139849,0.3645259491806973,False,6.933528300737213,85.0,True,True,5,True,True,True,True,True,True,True,True,8,True,False,,Navin Fluorine International Ltd.,Chemicals,EQ,INE048G01026,HOLD,Stage 2 + RS 85; trend/leadership is adequate without a stronger entry trigger.
NAZARA,2026-08-24,347.95001220703125,0.22733690372850535,0.291094664961155,0.3575888754551739,0.20293867660166387,0.2612592048950007,284.1517800109027,2.050819939194004,Stage 2 — Advancing,318.8607823988971,365.0,False,215.6999969482422,0.38753684903531077,5.939537094311083,1071695376.5146484,319.4189978027344,False,22.45216700514092,True,-4.6712295323202095,True,True,True,True,False,False,False,False,283.87806579589846,276.6377992248535,True,2.7826237866674206,1,0.834912925894285,20.739729371789384,0.41625752182116876,False,365.0,0.014798984006168458,0.01528037979839873,False,4.900125648745179,80.0,True,True,5,True,True,True,True,True,True,True,True,8,True,False,,Nazara Technologies Ltd.,Media Entertainment & Publication,EQ,INE418L01047,WAIT,"Stage 2 + RS 80; wait because price is more than 20% above the 30-week line (currently +22%) — the guide treats that as poor entry timing, not a failed trend."
NESTLEIND,2026-08-24,1471.300048828125,0.038839667644119835,0.11997928209908681,0.1710956991062067,0.2781447866105451,0.12937982062081566,1368.0025542794842,0.9155057151152945,Stage 2 — Advancing,1454.431671740962,1553.0,False,1133.4029066422722,0.6942402484556338,1.143473124216464,3462258116.4264097,1456.1578393554687,False,7.550972344715157,False,-5.260782432187705,True,True,True,True,False,False,False,False,1365.8413297526042,1338.4152563476562,True,1.9812420802930133,2,1.5707906568519678,11.859623627997419,0.9062255844906423,False,1553.0,0.0625772241040384,0.06554173207402043,False,5.552908887412067,66.0,True,True,5,True,True,True,True,True,False,True,False,6,False,False,,Nestle India Ltd.,Fast Moving Consumer Goods,EQ,INE239A01024,HOLD,Stage 2 + RS 66; trend/leadership is adequate without a stronger entry trigger.
NETWEB,2026-08-21,5601.0,0.4697605979266761,0.5411773280956884,0.6950433179372124,1.7162755629520774,0.7784034809676661,4001.263484981142,3.370354591347713,Stage 2 — Advancing,4664.914694393382,5674.7998046875,True,2063.613538874303,2.7776639442429403,3.1489779478930564,9819725958.577515,4666.522138671875,False,39.98078409541175,True,-1.3004829637609405,True,True,True,True,False,False,True,True,3976.0872591145835,3795.7847412109377,True,4.433044174437606,2,1.2793217424141092,27.531599101511095,1.3060227667519775,False,5674.7998046875,0.23803350633167972,0.23803350633167972,True,1.317618366139972,97.0,True,True,5,True,True,True,True,True,True,True,True,8,True,False,,Netweb Technologies India Ltd.,Information Technology,EQ,INE0NT901020,WAIT,"Stage 2 + RS 97; wait because price is more than 20% above the 30-week line (currently +40%) — the guide treats that as poor entry timing, not a failed trend."
NETWORK18,2026-08-21,29.860000610351562,-0.06891172764274545,-0.1723947035764688,-0.3370337477045331,-0.4691555447048611,-0.2232814902542708,32.594827691439924,-2.2097845733260013,Stage 4 — Declining,30.809999989528283,58.099998474121094,False,27.3799991607666,0.9487548526949412,2.4186594642080013,141300185.9908251,30.79599998474121,True,-8.39037134043995,False,-48.60584957906357,False,False,False,False,False,False,False,False,32.79213340759277,35.588350009918216,False,2.9733996868962542,1,1.2594875465586368,20.922289091931596,0.9245895298854109,False,35.130001068115234,0.0012690020789766253,0.002436573771565349,False,17.649029973350782,4.0,True,False,0,False,False,False,False,False,False,False,False,0,False,False,,Network18 Media & Investments Ltd.,Media Entertainment & Publication,EQ,INE870H01013,SELL,Stage 4 takes precedence: the guide requires SELL regardless of RS.
NEULANDLAB,2026-08-21,23301.0,0.39868569330311354,0.8471327017685162,0.40643836209117157,0.6923346118401739,0.5486554124612177,16231.615294989224,4.024816598942849,Stage 2 — Advancing,19571.59229473039,23881.0,True,11478.786028437366,0.4108125838306913,4.397278037522158,2482183724.6,19619.6986328125,False,43.553180484712016,True,-2.4287090155353575,True,True,True,True,False,False,False,False,16144.828587239583,16127.543999023437,True,3.927789733119976,3,0.6115616096068863,30.784091157001143,1.0715781149674728,False,23881.0,0.9902550849909783,1.0040973069369759,False,2.489163555212226,93.0,True,True,5,True,True,True,True,True,True,True,True,8,True,False,,Neuland Laboratories Ltd.,Healthcare,EQ,INE794A01010,WAIT,"Stage 2 + RS 93; wait because price is more than 20% above the 30-week line (currently +44%) — the guide treats that as poor entry timing, not a failed trend."
NEWGEN,2026-08-21,522.7000122070312,0.1820456240354551,-0.05090381120560539,-0.4140225409184075,-0.39323646230756737,-0.09881431327213402,492.09633136617725,-2.535460487655994,Stage 3 — Topping,513.414670458027,1030.4143551726484,False,396.6099082577377,0.11339870677566205,3.183763471654511,919417230.0572174,514.5007592773437,False,6.219042673187758,False,-49.27283285766612,True,True,True,False,False,False,False,False,498.0692840576172,587.9042726135253,False,3.5324815235164673,2,0.965276914647947,24.011528017171344,0.16440234054051772,False,600.2797887739138,0.022213911206079528,0.04138645363371108,False,14.84212258563229,21.0,True,False,3,False,False,False,False,True,True,False,False,2,False,False,,Newgen Software Technologies Ltd.,Information Technology,EQ,INE619B01017,SELL,Stage 3 + RS 21; RS below 50 in Stage 3 triggers SELL.
NAM-INDIA,2026-08-24,1247.800048828125,0.16755221272294274,0.2909210183092825,0.43989905190007716,0.47359024919975523,0.3079029489710001,1032.8450701987906,2.251674846919949,Stage 2 — Advancing,1177.0550297755822,1269.5,True,763.9435329333959,0.934878378496093,2.044175848314699,1270731215.0066407,1178.0403930664063,False,20.811928606868623,True,-1.7093305373670709,True,True,True,True,False,False,False,False,1027.7860599772137,985.5617111206054,True,2.5416173995734623,1,1.7666609928181227,14.97439744670638,1.2106779240129129,False,1269.5,0.05307133874884366,0.053165491237445336,True,1.739056765725766,84.0,True,True,5,True,True,True,True,True,True,True,True,8,True,False,,Nippon Life India Asset Management Ltd.,Financial Services,EQ,INE298J01013,WAIT,"Stage 2 + RS 84; wait because price is more than 20% above the 30-week line (currently +21%) — the guide treats that as poor entry timing, not a failed trend."
NIVABUPA,2026-08-21,82.62000274658203,-0.011958861123582909,0.07410302539422009,0.09329102924742583,-0.03379720871769165,0.02193582473535769,80.26291667090521,0.49893560589826524,Stage 2 — Advancing,85.59980399935853,91.4000015258789,False,67.5,1.130357169508345,2.331543524145233,147333701.13322487,85.63260009765625,True,2.936706231772468,False,-9.606125418729794,True,False,True,True,False,False,False,False,80.16693333943685,79.07254997253418,True,2.1881582708964755,1,1.0768256036791668,12.385119809455457,0.41874294592478983,False,91.4000015258789,0.0035112174516875433,0.0037981593424445416,False,10.626965005348055,47.0,True,False,3,True,True,True,True,False,False,True,False,5,False,False,,Niva Bupa Health Insurance Company Ltd.,Financial Services,EQ,INE995S01015,WAIT,Stage 2 + RS 47; wait because the close is below its 50-session average — short-term timing has weakened even though the 30-week trend is intact.
NUVAMA,2026-08-24,1750.0,0.18171380319371022,0.38480648208440416,0.2524713506788734,0.27745285026320743,0.2556316578827811,1497.449190322667,1.4142651874834877,Stage 2 — Advancing,1789.994109509038,2066.0,False,1086.5091731363827,0.4340922955557535,0.6848779813950576,605542096.8497925,1792.5759912109374,True,16.865400930425835,False,-15.295256534365919,True,False,True,True,True,False,False,False,1494.662637532552,1480.9813464355468,True,3.1648975605867347,1,0.8316410555625906,23.591482304649684,0.5975928361780634,False,2066.0,0.0744308696715472,0.08641705507598701,False,18.05714285714286,79.0,True,True,4,True,True,True,True,False,True,True,True,7,False,False,,Nuvama Wealth Management Ltd.,Financial Services,EQ,INE531F01023,REDUCE,Stage 2 + RS 79; distribution warning (U/D 0.68) triggers REDUCE.
NUVOCO,2026-08-24,320.6000061035156,-0.0009348326540183916,-0.042556367747518475,-0.09626495812962477,-0.2990051343063682,-0.08793922509830965,321.79897360605736,-0.42796197505656774,Stage 4 — Declining,330.9843151616115,477.5,False,276.25,0.060286986445085886,0.5508828092796081,87979851.06113434,331.33000122070314,True,-0.37258276156265646,False,-32.858637465232334,False,False,True,False,True,True,False,False,322.50333414713543,331.2200006103516,False,2.543223704626946,1,1.1585505562463145,24.28391806444331,0.10462190355611498,False,398.0,0.01363573558342172,0.020622577386060756,False,24.142230949145205,23.0,True,False,1,False,False,False,True,False,False,False,False,1,False,False,,Nuvoco Vistas Corporation Ltd.,Construction Materials,EQ,INE118D01016,SELL,Stage 4 takes precedence: the guide requires SELL regardless of RS.
OBEROIRLTY,2026-08-24,1870.0,0.12799603144360794,0.23972348872930094,0.16786389111350064,0.1337540623799196,0.15946670102198743,1663.6234821188038,1.078733304624735,Stage 2 — Advancing,1823.0268171721814,1983.9545449282684,False,1387.9800889099738,0.5697404017776249,1.4209906316668213,872473081.7128845,1826.135419921875,False,12.405241937217282,False,-5.743808255062044,True,True,True,True,False,False,False,False,1660.1516170247396,1663.4683666992187,True,2.702826025651738,2,1.3579963420537189,16.892398803047755,1.3044610560724468,False,1983.9545449282684,0.07953470073473902,0.08326765150753672,False,6.093825931992969,70.0,True,True,5,True,False,True,True,True,True,True,True,7,False,False,,Oberoi Realty Ltd.,Realty,EQ,INE093I01010,HOLD,Stage 2 + RS 70; trend/leadership is adequate without a stronger entry trigger.
ONGC,2026-08-24,236.5500030517578,-0.18431033430428345,-0.14448461825765713,-0.014785706210097005,0.05528465279473904,-0.0945212680563164,263.99414773183327,-0.06353382367192406,Stage 4 — Declining,241.95548921472886,307.5,False,219.4522199115343,0.5141362091333785,1.014891402129085,3022536970.5836053,241.92159912109375,True,-10.395739797972103,False,-23.073169739265754,False,False,False,False,False,False,False,False,263.2715161132812,256.30148162841795,True,1.6468885418756283,2,0.5312463911202618,10.444533190597824,0.9847844951033345,False,254.1999969482422,0.010060927113113988,0.013866391745117819,False,7.461421969469395,22.0,True,False,0,False,True,True,False,False,False,True,False,3,False,False,,Oil & Natural Gas Corporation Ltd.,Oil Gas & Consumable Fuels,EQ,INE213A01029,SELL,Stage 4 takes precedence: the guide requires SELL regardless of RS.
OIL,2026-08-24,477.0,-0.045522761380690335,0.010165158129780583,0.1514387923987226,0.19696542475430578,0.05350477050428566,464.2634239719339,0.5619534990891628,Stage 2 — Advancing,441.2539200128293,531.0,False,374.3675923313683,0.2613167603537402,2.4568486126408686,1426052359.6607041,441.7349981689453,False,2.7433942392231403,False,-10.169491525423723,True,True,False,True,False,False,False,False,463.27418518066406,450.8005662536621,True,2.807726864330638,2,1.1197533471791414,17.05665107171693,0.7908480899589527,False,487.20001220703125,0.020287728476187438,0.023160991624265652,False,2.1383673390002578,53.0,True,True,4,True,True,True,False,True,False,True,False,5,False,False,,Oil India Ltd.,Oil Gas & Consumable Fuels,EQ,INE274J01014,HOLD,Stage 2 + RS 53; trend/leadership is adequate without a stronger entry trigger.
OLAELEC,2026-08-24,37.349998474121094,0.03721189155920057,0.4856801663050241,-0.08478320957456265,-0.20851876327494878,0.05336039531478277,35.42253439393762,0.45958366997254085,Stage 2 — Advancing,40.350980272480086,71.25,False,22.25,0.22684254388023212,1.5954223905433802,1740839300.1798825,40.27559989929199,True,5.441350013942969,False,-47.578949510005486,True,False,True,True,False,False,False,False,35.37226682027181,36.24790017127991,False,3.9835566916854597,3,0.8992458421170783,21.39130467953889,0.2322434971107849,False,46.0,0.0015885673535198824,0.003017321353492329,False,23.159308913686516,53.0,True,True,4,True,False,False,True,False,True,False,False,3,False,False,,Ola Electric Mobility Ltd.,Automobile and Auto Components,EQ,INE0LXG01040,HOLD,Stage 2 + RS 53; trend/leadership is adequate without a stronger entry trigger.
OLECTRA,2026-08-24,1297.5999755859375,0.07443903953695563,0.2664454484725902,0.020607165855568876,-0.16452407387001433,0.0542813239064112,1215.589382641936,1.3609512755585307,Stage 2 — Advancing,1388.2215647977941,1714.199951171875,False,866.5999755859375,0.40085741845158673,1.2802820025280313,461012249.80305177,1390.48599609375,True,6.746570356328818,False,-24.302881078787696,True,False,True,True,False,False,False,False,1210.8883321126302,1220.2487496948243,False,3.248304488993641,2,0.48967521433101613,19.20308797095919,0.5503165009866245,True,1556.0,0.055189425524937,0.07163910354658579,False,19.91368906256188,53.0,True,True,4,True,False,False,True,False,True,True,False,4,False,False,,Olectra Greentech Ltd.,Automobile and Auto Components,EQ,INE260D01016,HOLD,Stage 2 + RS 53; trend/leadership is adequate without a stronger entry trigger.
PAYTM,2026-08-24,1623.5,0.4594569978143883,0.4345675267714435,0.2877766819066556,0.283805180565317,0.38501267697443864,1185.197945372699,1.895748874869585,Stage 2 — Advancing,1331.1451009114583,1657.5999755859375,True,930.5999755859375,0.7389684186585905,3.621467767585078,7442968434.652777,1335.3400024414063,False,36.98133770300049,True,-2.0571896771344744,True,True,True,True,False,False,False,False,1187.7566674804686,1218.051499633789,True,3.2363933895711425,2,0.9625798384514282,35.79874717386529,1.2161389279631118,False,1657.5999755859375,0.0690505810924325,0.06972242180206023,False,2.100398865779951,88.0,True,True,5,True,False,True,True,True,True,True,True,7,False,False,,One 97 Communications Ltd.,Financial Services,EQ,INE982J01020,WAIT,"Stage 2 + RS 88; wait because price is more than 20% above the 30-week line (currently +37%) — the guide treats that as poor entry timing, not a failed trend."
ONESOURCE,2026-08-24,1531.800048828125,-0.1650040616908558,0.15791066638356765,-0.041666650756184476,-0.17627443055570413,-0.07800770766200651,1556.5828740368152,-0.6472908114102838,Stage 4 — Declining,1613.2725471047795,1925.0,False,1057.0,0.32538314984658456,0.74350314271665,312433284.4084412,1613.0699975585937,True,-1.5921301475210758,False,-20.425971489448045,False,False,True,False,False,False,False,False,1558.9499975585939,1595.8169982910156,False,3.0072009027551623,2,0.7885768295223099,14.192113862561564,0.5536391531293345,False,1755.199951171875,0.0651504055983976,0.08423648794934019,False,14.584142526608357,26.0,True,False,1,False,False,False,True,False,True,True,False,3,False,False,,Onesource Specialty Pharma Ltd.,Healthcare,EQ,INE013P01021,SELL,Stage 4 takes precedence: the guide requires SELL regardless of RS.
OPTIEMUS,2026-08-21,540.2000122070312,0.28496674607479977,0.2682239622626639,-0.024293347085581063,-0.10295582654137336,0.1421816561570618,447.65724171605603,1.7298458097277036,Stage 2 — Advancing,541.7284300561045,713.0,False,288.0,0.33812651249213216,0.5738533937332929,121481590.43876037,544.0969989013672,True,20.67268478361266,True,-24.23562241135606,True,False,True,True,True,True,False,False,446.92333353678384,468.14925033569335,False,4.895671835339567,2,0.49637814162927213,36.081694402420574,0.3940912420125975,False,661.0,0.022957633105883918,0.02958205817975004,False,22.362085350466863,68.0,True,True,4,True,False,False,True,False,True,True,False,4,False,False,,Optiemus Infracom Ltd.,Telecommunication,EQ,INE350C01017,REDUCE,Stage 2 + RS 68; distribution warning (U/D 0.57) triggers REDUCE.
OFSS,2026-08-21,11724.0,0.20487128102358554,0.8155631612070537,0.47620764113034486,0.407846189441496,0.42187191076521313,9016.111769261854,3.3451221242782436,Stage 2 — Advancing,11084.627450980392,11979.0,True,6060.863819699785,0.3217321774261426,2.9812773466773033,2660030025.7,11119.77,False,30.033880457981944,True,-2.1287252692211323,True,True,True,True,False,False,False,False,8970.572666015625,8660.615434570313,True,2.470512258127407,3,0.28829947405185335,23.804157275231656,0.48760201905358835,True,11979.0,0.49825117447466755,0.5044072799000618,False,2.175025588536328,89.0,True,True,5,True,True,True,True,True,True,True,True,8,True,False,,Oracle Financial Services Software Ltd.,Information Technology,EQ,INE881D01027,WAIT,"Stage 2 + RS 89; wait because price is more than 20% above the 30-week line (currently +30%) — the guide treats that as poor entry timing, not a failed trend."
ORIENTCEM,2026-08-21,131.52000427246094,-0.03112773591102913,-0.16633047950654334,-0.25466729284346845,-0.456315955467247,-0.18791383992786342,141.11794498231677,-1.6303789740920838,Stage 4 — Declining,135.7317642511106,242.07455371229113,False,121.84914087413046,1.3610691673147868,0.9588030786058432,36104338.798418425,135.7509994506836,True,-6.801360883662621,False,-45.669628527427044,False,False,False,False,False,False,False,False,142.14013127644856,149.66525272369384,False,2.0621540724286946,2,1.4681157840776282,10.507677134251376,1.1090807768622823,False,143.99000549316406,0.0055893889965597885,0.010299328859395359,False,9.481448308707385,8.0,False,False,0,False,False,False,False,False,False,False,False,0,False,False,,Orient Cement Ltd.,Construction Materials,EQ,INE876N01018,SELL,Stage 4 takes precedence: the guide requires SELL regardless of RS.
ORKLAINDIA,2026-08-21,552.2000122070312,,,,,,595.5617212755926,-0.6004962290587668,Stage 4 — Declining,584.7039172602634,,False,,0.7977164521922021,0.8650614988689337,57118515.280786134,584.3089953613281,True,-7.280808607995814,False,,False,False,False,False,False,False,False,False,595.6556636555989,605.5997482299805,False,2.674368985096726,2,0.984091976798801,15.414066314697267,1.5993978381662384,False,640.0,0.02346761383717836,,False,15.9000336566546,,True,False,0,False,False,False,False,False,False,False,False,0,False,False,,Orkla India Ltd.,Fast Moving Consumer Goods,EQ,INE16NZ01023,SELL,Stage 4 takes precedence: the guide requires SELL regardless of RS.
OSWALPUMPS,2026-08-21,299.6000061035156,-0.17294684305447727,-0.11726572925368872,-0.5121315453275255,-0.6539816197364093,-0.3258545160853156,366.3279311607624,-2.6233510694650186,Stage 4 — Declining,373.329413320504,884.0,False,283.1000061035156,0.6167482933669055,0.790626647412699,224445412.65906984,372.8320013427734,True,-18.215352797644936,False,-66.10859659462494,False,False,True,False,False,False,False,False,368.38233337402346,414.72324966430665,False,4.025607087994041,2,0.9464720398348205,34.99999727521624,1.1969731692676011,False,448.0,0.01273251918404079,0.03800567858716264,False,49.532707234061355,1.0,True,False,1,False,False,False,False,False,False,False,False,0,False,False,,Oswal Pumps Ltd.,Capital Goods,EQ,INE0BYP01024,SELL,Stage 4 takes precedence: the guide requires SELL regardless of RS.
PNGJL,2026-08-21,602.9000244140625,0.14849035221336293,0.07210820767952208,-0.045213377529571,0.038587466690891414,0.07249260025351367,588.4479306977371,0.3648780902176574,Stage 2 — Advancing,598.909803203508,736.4000244140625,False,503.0,1.4238515357054462,0.5825339649417491,508914970.2547394,599.9369995117188,False,2.4559681430418534,False,-18.12873378246057,True,True,True,True,True,True,False,False,587.8769995117187,596.2347500610351,False,3.0809418437362965,2,1.3061410025997857,26.638772663877262,0.8135798139900805,False,717.0,0.025622282945676592,0.03148948924704608,False,18.925190075556444,56.0,True,True,5,True,False,False,True,True,False,True,False,4,False,False,,P N Gadgil Jewellers Ltd.,Consumer Durables,EQ,INE953R01016,REDUCE,Stage 2 + RS 56; distribution warning (U/D 0.58) triggers REDUCE.
POLICYBZR,2026-08-24,1785.0,-0.004128556300640351,0.19429949762993615,0.0020771072084735387,-0.06603178861243375,0.02441754072493904,1592.4431511865903,0.4766869831276832,Stage 2 — Advancing,1631.6058708639705,1974.0,False,1364.0,0.4041914525569747,1.526386334719698,1954378642.9620483,1632.6159887695312,False,12.091913527332409,False,-9.57446808510638,True,True,True,True,False,False,False,False,1594.7706665039063,1649.5655035400391,False,2.874751463085234,1,1.2814466606643196,17.093501760445474,0.6062598611751768,False,1811.800048828125,0.07591948706497816,0.0832318098688407,False,1.5014032956932821,48.0,True,False,4,True,False,False,False,True,True,True,False,4,False,False,,PB Fintech Ltd.,Financial Services,EQ,INE417T01026,WAIT,Stage 2 + RS 48; wait because relative strength is below 50 — the trend has turned up but the stock still lags most of the universe.
PCJEWELLER,2026-08-24,11.119999885559082,0.328554365304667,0.10427013133620466,0.08593751309672393,-0.18594436238842504,0.1322744025307675,9.349383550147488,-0.27580959198175714,Stage 3 — Topping,9.521372552011528,15.380000114440918,False,7.46999979019165,2.7337972878448946,3.0831509559127013,1975680740.1858509,9.52840000152588,False,18.938321718373217,False,-27.698310774926107,True,True,True,False,False,False,False,False,9.382066656748453,9.651399974822999,False,3.6228156781167824,2,2.2225307607639704,25.286350156595837,1.0119910983384268,False,11.350000381469727,0.00047295500698838166,0.0006352337623037265,False,2.0683498046554227,66.0,True,True,4,True,False,False,False,True,True,False,False,3,False,False,,PC Jeweller Ltd.,Consumer Durables,EQ,INE785M01021,REDUCE,Stage 3 with RS 66; the guide requires REDUCE when RS is 50 or higher.
PCBL,2026-08-24,321.20001220703125,0.11079341904616458,0.04890385169442246,0.001182480042379419,-0.129176208766401,0.028499392212546,291.74526580392495,1.090657469364542,Stage 2 — Advancing,315.9464165182675,413.2299507534673,False,223.3811204499978,0.5962163416691745,1.4334915660978937,1197180272.378984,316.2868176269531,False,10.096049484107873,False,-22.270878085829025,True,True,True,True,False,False,False,False,291.0731526692708,295.52249298095705,False,2.922078353946723,2,1.2449402259714362,21.122996509395563,0.588515062742777,False,368.8500656499259,0.013661254998331951,0.01708205381173564,False,14.83500984806363,49.0,True,False,4,True,False,False,True,True,True,True,False,5,False,False,,PCBL Chemical Ltd.,Chemicals,EQ,INE602A01031,WAIT,Stage 2 + RS 49; wait because relative strength is below 50 — the trend has turned up but the stock still lags most of the universe.
PGEL,2026-08-24,597.0,0.2783725910064241,-0.02665684558040171,0.040250870540599726,0.05954075960029437,0.12597599331466813,550.0825360441861,0.46758274794547194,Stage 2 — Advancing,585.0607898188572,644.4000244140625,False,436.54998779296875,0.2596909014405235,1.7146511240289217,1341950239.1745026,586.906005859375,False,8.529168057799463,False,-7.355683212017594,True,True,True,True,False,False,False,False,550.0153354899088,556.6205012512207,True,3.1107927857759785,3,0.44167723426678673,23.674199754191207,0.544737823039479,True,643.9500122070312,0.025391559539379247,0.027103384145937923,False,7.864323652769056,65.0,True,True,5,True,False,True,True,True,True,True,False,6,False,False,,PG Electroplast Ltd.,Consumer Durables,EQ,INE457L01029,HOLD,Stage 2 + RS 65; trend/leadership is adequate without a stronger entry trigger.
PIIND,2026-08-24,2475.0,-0.1068379547350381,-0.20060383681139848,-0.2736081125225287,-0.35629994380577756,-0.20883756052195618,2867.8600639447773,-1.5615874824487452,Stage 4 — Declining,2659.5673349417893,3897.384267371606,False,2457.0,0.42454371657223566,0.49526654935877873,770555809.1394653,2656.271435546875,True,-13.698718040112222,False,-36.495869275185974,False,False,False,False,True,True,False,False,2875.326072591146,2992.587276611328,False,2.442711792800141,2,1.0212167657777822,15.1005672762556,1.6490067629623946,False,2894.0122697814377,0.10526651567833105,0.16813711298436687,False,16.929788678037895,5.0,True,False,0,False,False,False,False,False,False,False,False,0,False,False,,PI Industries Ltd.,Chemicals,EQ,INE603J01030,SELL,Stage 4 takes precedence: the guide requires SELL regardless of RS.
PNBHOUSING,2026-08-21,1170.300048828125,0.1169932113092571,0.38936643393410586,0.3294630872529756,0.4665006984813147,0.2838633284573821,964.5838787210399,1.5403101107010375,Stage 2 — Advancing,1078.5005122166053,1207.0,False,723.9501950006703,0.653820814262957,2.3044659103219716,1342520476.0293458,1080.4258312988281,False,21.326934302473322,True,-3.0405924748860835,True,True,True,True,False,False,False,False,963.2697481282552,952.245485534668,True,2.9009679765153424,2,0.7636990901441616,18.638268743895527,0.8822269970866068,False,1207.0,0.04973587289460714,0.05020054729794398,False,3.135943744394809,82.0,True,True,5,True,True,True,True,True,True,True,True,8,True,False,,PNB Housing Finance Ltd.,Financial Services,EQ,INE572E01012,WAIT,"Stage 2 + RS 82; wait because price is more than 20% above the 30-week line (currently +21%) — the guide treats that as poor entry timing, not a failed trend."
PNCINFRA,2026-08-24,204.3300018310547,-0.05104033586909473,-0.04038881858142629,-0.18836146243871033,-0.33765583373092534,-0.1336973572978503,215.10089027718323,-0.5481583593515138,Stage 4 — Declining,231.3460777133119,324.36408636405883,False,158.1699981689453,0.6155689122355679,0.5323514029260018,171033931.2340973,231.84779937744142,True,-5.007365814362252,False,-37.00597247941951,False,False,True,False,True,True,False,False,215.42453318277995,224.94304969787598,False,4.694436060152557,2,0.6381607181468779,21.854403557905293,0.9894811603871324,False,261.0,0.008690548420728134,0.013685900006630435,False,27.734545911569807,15.0,True,False,1,False,False,False,True,False,False,False,False,1,False,False,,PNC Infratech Ltd.,Construction,EQ,INE195J01029,SELL,Stage 4 takes precedence: the guide requires SELL regardless of RS.
PTC,2026-08-24,156.83999633789062,-0.08733386188414904,0.06856381458593863,0.1263202833435717,-0.041343956521357916,-0.004225516472029135,159.6356724778267,0.951280222421591,Stage 1 — Basing,159.21951084510954,203.5447632528218,False,130.34474084135397,0.7208024204301059,2.7341305784732453,595397232.1515739,159.0229879760742,True,-1.7512853465282863,False,-22.945698119936132,False,False,False,True,False,False,False,False,158.97360697428385,154.1814437866211,True,3.083621935379926,2,1.4715213126910482,19.78452638345764,0.9978280977982932,False,181.0981776697945,0.0066707070438351305,0.008686815992933614,False,15.46683365105601,40.0,True,False,1,False,True,True,True,False,False,True,False,4,False,False,1.0,PTC India Ltd.,Power,EQ,INE877F01012,AVOID,Stage 1 + RS 40; weak RS in a basing stage is AVOID.
PTCIL,2026-08-21,20629.0,0.3127784141529846,0.15841194968553451,0.1968554188906939,0.5432782224882173,0.304820483874083,17446.406896551725,0.6805832205926565,Stage 2 — Advancing,18123.333333333332,20789.0,True,13400.0,2.0971968049511247,3.2692163109859433,684434727.65,18113.76,False,18.24211209975455,False,-0.7696377892154493,True,True,True,True,False,False,True,True,17459.953333333335,17570.285,True,3.361079755960749,2,0.9131182460603107,18.947520323247872,1.9601681611572808,False,20789.0,0.8766993754894163,0.8766993754894163,True,0.7756071549759991,84.0,True,True,5,True,False,True,True,True,True,True,True,7,False,False,,PTC Industries Ltd.,Capital Goods,EQ,INE596F01018,BUY★,Stage 2 + RS 84; breakout is confirmed and no guide timing warning is active.
PVRINOX,2026-08-24,1231.800048828125,0.2571954114867816,0.1934890785447554,0.14193019800355566,0.08893219766499505,0.1877484594373739,1020.2489761979613,1.3571632345755757,Stage 2 — Advancing,1063.0941209980085,1249.699951171875,True,907.4000244140625,2.504423030237522,1.442131391170659,434846730.2497498,1065.4800036621093,False,20.73523988414334,True,-1.4323360040916056,True,True,True,True,False,False,True,True,1018.8036706542969,1029.8707528686523,True,3.0907156828704405,1,1.467895641386056,24.83175479063894,1.091105904323519,False,1248.199951171875,0.05239082794041809,0.05239082794041809,True,1.331376984385746,73.0,True,True,5,True,False,True,True,True,True,True,True,7,False,False,,PVR INOX Ltd.,Media Entertainment & Publication,EQ,INE191H01014,WAIT,"Stage 2 + RS 73; wait because price is more than 20% above the 30-week line (currently +21%) — the guide treats that as poor entry timing, not a failed trend."
PAGEIND,2026-08-21,35480.0,-0.0668019580259791,0.0939566138036434,-0.07558173322114914,-0.21418979327805454,-0.06588376574950369,36403.95020887587,0.5713044877776685,Stage 1 — Basing,39562.29051776961,46547.97355089381,False,29525.273567492757,0.5309099834270068,0.6518819074683053,1266187635.7673829,39585.277890625,True,-2.5380493149081196,False,-23.77756260171563,False,False,True,True,True,False,False,False,36276.507174479164,36442.213408203126,False,2.8407647152014484,1,1.760150031954504,19.406992405484072,1.6968772662138594,False,43614.205560919945,1.50784302886056,1.9996261848212737,False,22.926171254002092,28.0,True,False,2,False,False,False,True,False,False,True,False,2,False,False,1.0,Page Industries Ltd.,Textiles,EQ,INE761H01022,AVOID,Stage 1 + RS 28; weak RS in a basing stage is AVOID.
PARADEEP,2026-08-24,149.39999389648438,0.17462057574304857,0.2944030173852632,-0.0487711943281528,-0.32127931487120565,0.05471873193440038,129.19719189160492,0.5139706879775385,Stage 2 — Advancing,142.16784293978822,232.22000122070312,False,99.69999694824219,0.35335130294124656,4.40918097617619,2020374920.2751098,142.45919982910155,False,15.637183524723497,False,-35.66445908572112,True,True,True,True,False,False,False,False,129.30860010782877,136.38940006256104,False,2.772039722577753,2,0.5937140227314646,20.00000095666389,0.27885819448203225,True,159.5,0.006354269414079529,0.010048186561651231,False,6.760379194201094,54.0,True,True,5,True,False,False,True,True,True,False,False,4,False,False,,Paradeep Phosphates Ltd.,Chemicals,EQ,INE088F01024,HOLD,Stage 2 + RS 54; trend/leadership is adequate without a stronger entry trigger.
PARAS,2026-08-24,1520.0,0.8719211822660098,1.402592177891353,1.1441669454819778,1.2227097379035965,1.1026622451617896,929.76644019558,5.782406532573892,Stage 2 — Advancing,1285.7813792509191,1585.0,False,580.5,0.461069000472484,2.1785815445781145,2109375543.2257812,1289.3340063476562,False,63.48191699414984,True,-4.100946372239744,True,True,True,True,False,False,False,False,921.9903352864584,863.9640032958985,True,4.592106754618479,2,0.7912374440207918,32.14511041009464,0.5430770641865243,False,1585.0,0.06464852680042957,0.0650679105422101,False,4.276315789473695,98.0,True,True,5,True,True,True,True,True,True,True,True,8,True,False,,Paras Defence and Space Technologies Ltd.,Capital Goods,EQ,INE045601023,WAIT,"Stage 2 + RS 98; wait because price is more than 20% above the 30-week line (currently +63%) — the guide treats that as poor entry timing, not a failed trend."
PARKHOSPS,2026-08-21,274.54998779296875,,,,,,238.76820699757542,3.8316292151517217,Stage 2 — Advancing,282.2901964374617,,False,,0.5305856707274299,1.059382376230676,179666100.08123627,282.4440002441406,True,14.985990490667245,False,,True,False,True,True,False,False,False,False,235.9319333902995,,False,3.292400380353034,3,0.7125192358122397,17.704918032786885,0.5424652012920623,False,305.0,0.011667933629294807,,False,11.09088091819288,,True,False,3,False,False,False,False,False,False,False,False,0,False,False,,Park Medi World Ltd.,Healthcare,EQ,INE119201023,WAIT,Stage 2 + RS unavailable; wait because the close is below its 50-session average — short-term timing has weakened even though the 30-week trend is intact.
PATANJALI,2026-08-24,350.0,-0.23983168496972762,-0.32308813181460994,-0.37934396449237906,-0.408615440908107,-0.3181421814309103,439.6573187423079,-2.4998595933863776,Stage 4 — Declining,375.7754498650046,606.8956852082865,False,326.057353105007,0.3660440239163966,0.714716825471781,1612765480.1032805,374.83254272460937,True,-20.392545494018687,False,-42.32946311360246,False,False,False,False,False,False,False,False,441.3889984130859,469.244916229248,False,2.3464420271439566,3,1.1255154166647312,23.558862907281373,0.6360174484531561,False,426.5469686950346,0.014886173934309441,0.026132954749591708,False,21.870562484295597,2.0,True,False,0,False,False,False,False,False,False,False,False,0,False,False,,Patanjali Foods Ltd.,Fast Moving Consumer Goods,EQ,INE619A01035,SELL,Stage 4 takes precedence: the guide requires SELL regardless of RS.
PGIL,2026-08-21,2386.10009765625,0.481313648700324,0.5476848859220758,0.3771019423918922,0.7685069142735752,0.5311842079976383,1742.6482026841904,4.002196136512515,Stage 2 — Advancing,2076.0254911534926,2539.60009765625,False,1167.6433047093678,0.16836365329305808,5.310806117958405,497059976.834668,2084.928000488281,False,36.92379758467341,True,-6.044258705993211,True,True,True,True,False,False,False,False,1730.3865120442708,1696.2644805908203,True,4.309183368812778,2,0.2921918731953674,35.77729023143369,0.37040075186017285,False,2539.60009765625,0.10140542272870569,0.10487859904844044,False,6.433091392552037,92.0,True,True,5,True,True,True,True,True,True,True,True,8,True,False,,Pearl Global Industries Ltd.,Textiles,EQ,INE940H01022,WAIT,"Stage 2 + RS 92; wait because price is more than 20% above the 30-week line (currently +37%) — the guide treats that as poor entry timing, not a failed trend."
PERSISTENT,2026-08-24,5694.0,0.14958386000235402,0.22560632047428775,-0.10043569961296084,0.06803359586052582,0.09847438734531215,5135.41911922089,-0.8047752343940395,Stage 3 — Topping,5142.365052466299,6552.654707500795,False,4229.809203861739,0.47049935615676164,3.5823407334187527,3273628807.6255126,5147.740888671875,False,10.877026155245018,False,-13.103921171336808,True,True,True,False,False,False,False,False,5166.241363932291,5435.747409667969,False,2.2178734507501634,2,0.3469944718313875,26.116869801541682,0.519149517324268,False,5725.0,0.2421767839484513,0.2744607800787918,False,0.5444327362135626,60.0,True,True,4,True,False,False,False,True,True,True,False,4,False,False,,Persistent Systems Ltd.,Information Technology,EQ,INE262H01021,REDUCE,Stage 3 with RS 60; the guide requires REDUCE when RS is 50 or higher.
PETRONET,2026-08-24,295.95001220703125,0.0991891832155769,-0.027880609738225037,0.10303680357059575,0.10876056317416127,0.07645902468753717,278.1439888314025,0.17504488392299233,Stage 2 — Advancing,281.05588247261795,322.6775170144611,False,232.6659092397909,0.7804675824594612,3.3207198036337324,544310663.0573899,280.9590002441406,False,6.401728633589809,False,-8.283039070934727,True,True,True,True,False,False,False,False,278.00749043782554,276.9771441650391,True,2.0527119639537137,2,1.705506445647638,9.922500977323423,1.0819798051640597,False,296.79998779296875,0.01258732387878534,0.013800397393163572,False,0.28720241624551335,57.0,True,True,5,True,True,True,True,True,False,True,False,6,False,False,,Petronet LNG Ltd.,Oil Gas & Consumable Fuels,EQ,INE347G01014,HOLD,Stage 2 + RS 57; trend/leadership is adequate without a stronger entry trigger.
PFIZER,2026-08-21,4978.2001953125,0.08764573360037597,0.025805740167346825,0.011692055005161572,-0.10941529794068505,0.020674792886515057,4675.858581542969,0.3315575052046382,Stage 2 — Advancing,4642.8240655637255,5672.962316247409,False,4290.491591019992,1.576155859949159,3.8545319916460983,312143975.9865478,4646.936328125,False,6.466012786677622,False,-12.24690174558546,True,True,False,True,False,False,False,False,4674.26892578125,4733.6106640625,False,2.302467518888646,1,2.4802889749931314,16.67330372849113,2.911476750388904,False,5149.0,0.21156551467796592,0.24261362950966678,False,3.430954923193452,47.0,True,False,3,True,False,False,False,True,False,True,False,3,False,False,,Pfizer Ltd.,Healthcare,EQ,INE182A01018,WAIT,Stage 2 + RS 47; wait because relative strength is below 50 — the trend has turned up but the stock still lags most of the universe.
PHOENIXLTD,2026-08-24,1932.0,0.07914871658782974,0.1414392224194545,0.15143928237003967,0.22629970058718007,0.13549512771046673,1799.2117246430496,0.3642143697061728,Stage 2 — Advancing,1970.0294069776348,2169.800048828125,False,1465.5999755859375,0.3253218391864986,0.4950810483563685,982110351.0562195,1972.4919946289062,True,7.380358494678818,False,-10.959537444777789,True,False,True,True,True,True,False,False,1799.222666829427,1797.1149993896483,True,1.9106788488578175,3,0.753031712300123,15.19034428238039,0.49758594648830917,False,2169.800048828125,0.08217168011738811,0.09226004689765252,False,12.308491140172094,67.0,True,True,4,True,True,True,True,False,True,True,False,6,False,False,,Phoenix Mills Ltd.,Realty,EQ,INE211B01039,REDUCE,Stage 2 + RS 67; distribution warning (U/D 0.50) triggers REDUCE.
PWL,2026-08-21,120.83000183105469,,,,,,111.29565498088968,-0.266362220207339,Stage 3 — Topping,127.65999902463427,,False,,0.4123831208368198,3.02592874652268,1620330218.450089,128.0773989868164,True,8.566683804324725,False,,True,False,True,False,False,False,False,False,111.67519983927409,,False,4.68722288185105,2,0.720478133828324,32.53465313936942,1.5851845175915236,False,159.42999267578125,0.005135081058009146,,False,31.945700786049258,,True,False,2,False,False,False,False,False,False,False,False,0,False,False,,Physicswallah Ltd.,Consumer Services,EQ,INE0LP301011,REDUCE,Stage 3 with RS unavailable; the guide requires REDUCE when RS is 50 or higher.
PICCADIL,2026-08-24,684.6500244140625,0.20473348428696436,0.20124574041655974,0.10928388022196933,0.14893437886206873,0.17378619361490533,613.2931506013217,1.285676082501852,Stage 2 — Advancing,677.8078433766085,809.7000122070312,False,515.0,0.7721258918633059,0.58607346886776,336272196.3277893,679.8959997558594,False,11.635035177349828,False,-15.44398986139509,True,True,True,True,True,True,False,False,612.6253332519532,607.5122497558593,True,6.052623381356323,2,3.641388811126084,31.067059898802402,3.1833947521489274,False,809.7000122070312,0.029119483850162685,0.03311502827396374,False,18.264804401341994,72.0,True,True,5,True,True,True,True,True,True,True,True,8,True,False,,Piccadily Agro Industries Ltd.,Fast Moving Consumer Goods,EQ,INE546C01010,REDUCE,Stage 2 + RS 72; distribution warning (U/D 0.59) triggers REDUCE.
PIDILITIND,2026-08-24,1660.0,0.1309205312167605,0.12931640860188254,0.14282496786552734,0.08315174894894528,0.12342683756997525,1481.5718751672196,0.9872069677532957,Stage 2 — Advancing,1607.5024557674633,1707.5,True,1249.9992446237347,0.5580342220825427,1.4349589503599074,1778992942.326117,1608.45712890625,False,12.043163603699082,False,-2.7818448023426035,True,True,True,True,False,False,False,False,1480.3515950520834,1476.1769091796875,True,1.6613601448203528,3,0.9646778938423086,10.024160090972776,0.8241026389653208,False,1707.5,0.07060299637415335,0.07187680430854235,False,2.8614457831325213,64.0,True,True,5,True,True,True,True,True,True,True,False,7,False,False,,Pidilite Industries Ltd.,Chemicals,EQ,INE318A01026,HOLD,Stage 2 + RS 64; trend/leadership is adequate without a stronger entry trigger.
PINELABS,2026-08-24,157.5399932861328,,,,,,171.02808202456123,-2.4366113419015845,Stage 4 — Declining,153.92450968424478,,False,,0.3747617325136067,1.380487395497211,3900274238.5788026,153.93119995117186,False,-7.886476056307179,False,,False,True,False,False,False,False,False,False,172.79366658528645,,False,4.0697160290225005,1,0.8294047488477725,19.505243987411056,0.678136983024052,False,171.8000030517578,0.006700479261906613,,False,9.051676001867781,,True,False,1,False,False,False,False,True,False,False,False,1,False,False,,Pine Labs Ltd.,Financial Services,EQ,INE15B701018,SELL,Stage 4 takes precedence: the guide requires SELL regardless of RS.
PIRAMALFIN,2026-08-21,2180.800048828125,,,,,,1921.3086905643859,0.945830561609462,Stage 2 — Advancing,2105.962754193474,,False,,1.2744187072013227,1.1462630875632738,408398791.5507568,2107.7380102539064,False,13.505969110435512,False,,True,True,True,True,False,False,False,False,1918.1278271484375,,False,2.577361507061032,2,0.9774197108746626,11.23873873873874,0.47373114615435286,False,2220.0,0.09268050030902641,,False,1.7975032233211508,,True,False,4,False,False,False,False,True,False,False,False,1,False,False,,Piramal Finance Ltd.,Financial Services,EQ,INE202B01038,WAIT,Stage 2 + RS unavailable; wait for a clearer entry trigger; no breakout setup is present.
PPLPHARMA,2026-08-21,213.6699981689453,0.21348248493294242,0.3310284669141963,0.13424988125393256,0.11257482308584432,0.2009636282239716,167.90517178239494,1.9765129165246087,Stage 2 — Advancing,184.6486271876915,220.36000061035156,False,132.3000030517578,0.5233536602342771,3.7213166040016072,1491509248.551644,185.064599609375,False,27.256353035903835,True,-3.0359422866565344,True,True,True,True,False,False,False,False,167.64193267822264,170.768349609375,True,3.6391236419987245,3,0.8891886686173464,28.253763992734005,0.594650672138554,False,220.36000061035156,0.00908063182682336,0.00921449715416123,False,3.130997565749305,74.0,True,True,5,True,False,True,True,True,True,True,True,7,False,False,,Piramal Pharma Ltd.,Healthcare,EQ,INE0DK501011,HOLD,Stage 2 + RS 74; trend/leadership is adequate without a stronger entry trigger.
POLYMED,2026-08-21,1719.4000244140625,0.10886111923504904,0.36916703102421056,-0.0839149650760801,-0.12331681958008811,0.0759314969676281,1508.142070480873,0.5547787064211329,Stage 2 — Advancing,1683.3686331954657,2141.1399554955324,False,1182.0,0.6584067535002575,2.402596534964614,345373239.9424683,1686.3880053710936,False,14.007828444559589,False,-19.696981040357308,True,True,True,True,False,False,False,False,1511.872667643229,1596.3990032958984,False,3.827748282089946,3,0.8802113723439321,21.722316025420632,2.2297514959519207,False,1913.699951171875,0.07307174015319676,0.09304185178044982,False,11.30044922641118,57.0,True,True,5,True,False,False,True,True,True,True,False,5,False,False,,Poly Medicure Ltd.,Healthcare,EQ,INE205C01021,HOLD,Stage 2 + RS 57; trend/leadership is adequate without a stronger entry trigger.
POLYCAB,2026-08-21,8966.0,-0.020118283579620533,0.14481408428523213,0.1977851138815634,0.27158475674521276,0.11478947755055344,8538.964513739224,1.5757285957808342,Stage 2 — Advancing,9339.68790211397,10126.0,False,6631.534745548168,0.9536555014012239,1.2959177234050758,2394511341.675,9336.3040234375,True,5.001021910486636,False,-11.45565870037527,True,False,True,True,False,False,False,False,8490.465286458333,8233.8849609375,True,1.9000350530575825,3,0.6697891337226397,13.183883073276714,0.7792189954645775,False,10126.0,0.38104060306549553,0.43565992085962413,False,12.93776488958287,63.0,True,True,4,True,True,True,True,False,True,True,False,6,False,False,,Polycab India Ltd.,Capital Goods,EQ,INE455K01017,HOLD,Stage 2 + RS 63; trend/leadership is adequate without a stronger entry trigger.
POONAWALLA,2026-08-24,475.1000061035156,0.18849282327333494,0.014954069448253726,0.040972858144412205,0.02062299914826138,0.09070711465751945,434.09349310888,0.5740361118873993,Stage 2 — Advancing,463.24019667681523,570.4000244140625,False,361.20001220703125,0.8429872828293092,0.8950175951664727,656102723.0972793,464.51500061035154,False,9.446470321625,False,-16.707576127550627,True,True,True,True,False,False,False,False,434.5730000813802,442.4095004272461,False,3.1083681231608944,2,0.7368484586507735,22.162528431753568,0.7232866602114928,False,511.8999938964844,0.020206918077281172,0.023206223505441423,False,7.74573507055496,59.0,True,True,5,True,False,False,True,True,True,True,False,5,False,False,,Poonawalla Fincorp Ltd.,Financial Services,EQ,INE511C01022,HOLD,Stage 2 + RS 59; trend/leadership is adequate without a stronger entry trigger.
PFC,2026-08-24,364.0,-0.1466619657860695,-0.11702455116319799,0.041742535295506755,-0.05517590246843773,-0.08475636998165359,414.28243495993416,0.1421616828511274,Stage 1 — Basing,407.5623073203891,481.99167945892475,False,321.10284542401155,1.0101411796407473,0.37300109066566134,3409526748.1531157,407.30222900390623,True,-12.137235546758586,False,-24.480024134727827,False,False,False,True,True,True,False,False,412.6762416585286,397.0176918029785,True,2.2360665457589284,2,1.3228547500061614,18.035406477692213,1.4154517625416432,False,440.6780985361999,0.015481620891681818,0.020949983418392625,False,21.06541168576921,24.0,True,False,1,False,True,True,False,False,False,True,False,3,False,False,1.0,Power Finance Corporation Ltd.,Financial Services,EQ,INE134E01011,AVOID,Stage 1 + RS 24; weak RS in a basing stage is AVOID.
POWERGRID,2026-08-24,271.3999938964844,-0.07781173919923445,-0.10958003685738615,-0.004906410189274291,-0.015127411547921188,-0.05704746739861011,291.84253598565925,0.21809808203334669,Stage 1 — Basing,281.49607938878677,324.95001220703125,False,247.224610170096,0.8490754124524411,0.6305444633834747,2466221674.7593794,281.41200073242186,True,-7.004647907178063,False,-16.479463394027892,False,False,False,True,True,False,False,False,290.82907806396486,284.0425179290771,False,1.8620421670436653,2,1.2059132027576533,11.244712009155377,0.9298732904180751,False,295.25,0.011543164328324534,0.014619451763481162,False,8.787769579911032,30.0,True,False,1,False,True,False,False,False,False,True,False,2,False,False,1.0,Power Grid Corporation of India Ltd.,Power,EQ,INE752E01010,AVOID,Stage 1 + RS 30; weak RS in a basing stage is AVOID.
POWERMECH,2026-08-21,2502.39990234375,0.011520272090636885,0.1450535435917384,0.05204733860453725,-0.21635983396033232,0.0007563184834434231,2377.2669012661636,0.6305852191613948,Stage 2 — Advancing,2630.888245825674,3241.6824281456375,False,1717.699951171875,1.3240047841724925,0.6219479601471521,199953742.16413575,2627.7160107421873,True,5.263733786515057,False,-22.80551973207272,True,False,True,True,True,False,False,False,2370.103338216146,2359.490007324219,False,2.89236574097884,2,0.6478319742901577,20.199501246882793,0.7709301401312006,False,3007.5,0.10634797768236667,0.13961443023178574,False,20.184627452357738,41.0,True,False,3,True,True,False,True,False,True,True,False,5,False,False,,Power Mech Projects Ltd.,Construction,EQ,INE211R01019,REDUCE,Stage 2 + RS 41; distribution warning (U/D 0.62) triggers REDUCE.
PRAJIND,2026-08-24,352.6499938964844,-0.08599315406548158,0.16813874724180744,0.08301553814620055,-0.12489894861118,-0.00914619427082703,336.6923474873582,0.732247609676806,Stage 2 — Advancing,335.5294668160233,428.0942610978699,False,269.90699581373747,2.0837201317247516,3.6775902224390413,462101145.68840945,335.57740661621096,False,4.739533442982502,False,-17.623283948704383,True,True,False,True,False,False,False,False,335.4650602213542,331.60373092651366,False,3.848199109891568,1,2.6460683010071286,18.227543239202284,2.151528196246995,False,363.6823786226422,0.014998883277360655,0.018203325978158973,False,3.128423342436304,39.0,True,False,3,True,True,False,True,True,True,True,False,6,False,False,,Praj Industries Ltd.,Capital Goods,EQ,INE074A01025,WAIT,Stage 2 + RS 39; wait because relative strength is below 50 — the trend has turned up but the stock still lags most of the universe.
PREMIERENE,2026-08-24,1030.0,0.047386591853811666,0.3265028598127373,0.04190740417402106,0.022479991667726518,0.09713268787242164,953.7546595743257,2.007831946817662,Stage 2 — Advancing,1046.83529363894,1134.0,False,666.4089382565205,0.579761294267946,1.360757161554448,1003246094.3167846,1046.8639990234376,True,7.994229926981822,False,-9.171075837742503,True,False,True,True,False,False,False,False,947.7905220540365,935.771393737793,False,2.4590857052108617,3,1.04575679622891,13.809521656608245,0.6654448628218849,False,1134.0,0.043807883292396356,0.049179886010083385,False,10.097087378640769,60.0,True,True,4,True,True,False,True,False,True,True,False,5,False,False,,Premier Energies Ltd.,Capital Goods,EQ,INE0BS701011,HOLD,Stage 2 + RS 60; trend/leadership is adequate without a stronger entry trigger.
PRESTIGE,2026-08-21,1631.0,0.17858920921718435,0.09822008339834953,-0.0328378961086736,0.0026572629126393466,0.0850435737273368,1458.1353423019934,0.5073845503816621,Stage 2 — Advancing,1605.7117130055146,1802.9302554788078,False,1088.629585901896,1.2481717558202783,0.6867755068934591,967739624.1173828,1610.1148315429687,False,11.85518605050071,False,-9.536156762378356,True,True,True,True,True,False,False,False,1458.2381803385417,1504.1478997802735,False,2.9339192467782973,3,0.5008526798089208,19.954057377967228,0.7257820516184981,True,1739.3103649051645,0.06931488106176925,0.07476882169158322,False,6.640733593204451,58.0,True,True,5,True,False,False,True,True,True,True,False,5,False,False,,Prestige Estates Projects Ltd.,Realty,EQ,INE811K01011,REDUCE,Stage 2 + RS 58; distribution warning (U/D 0.69) triggers REDUCE.
PRICOLLTD,2026-08-21,797.2000122070312,0.4400289872904424,0.32139901928955794,0.24874683853390955,0.7993685766234211,0.4499144818055547,602.7693075245825,2.092370886175221,Stage 2 — Advancing,658.6294088924633,823.0,False,439.35686142319116,0.9064484076872508,2.2583738525345467,574531393.8337371,660.7919970703125,False,32.25623837433351,True,-3.1348709347471138,True,True,True,True,False,False,False,False,602.2769976806641,607.9612641906738,True,3.385958162743826,2,1.5457708919571695,32.66099487156364,0.8779709377978562,False,823.0,0.03387972043443983,0.03440490556245863,False,3.236325564213427,90.0,True,True,5,True,False,True,True,True,True,True,True,7,False,False,,Pricol Ltd.,Automobile and Auto Components,EQ,INE726V01018,WAIT,"Stage 2 + RS 90; wait because price is more than 20% above the 30-week line (currently +32%) — the guide treats that as poor entry timing, not a failed trend."
PFOCUS,2026-08-24,307.79998779296875,0.26849369682769364,0.14837887249486403,0.8520968967521982,1.0253996533563008,0.5125725632517502,272.55760234675995,1.106435327922517,Stage 2 — Advancing,264.2337251551011,367.0,False,139.0399932861328,2.1453722371481665,1.935804601107285,320477719.83302915,264.69199951171873,False,12.930252226599737,False,-16.13079351690225,True,True,False,True,False,False,False,False,271.1283329264323,253.9260498046875,True,4.843126101510256,2,0.9409965850371258,35.61983809387172,2.0177208927780774,False,314.6000061035156,0.013091326157898445,0.016490476672312047,False,2.209232807091821,92.0,True,True,4,True,True,True,False,True,True,True,True,7,False,False,,Prime Focus Ltd.,Media Entertainment & Publication,EQ,INE367G01038,HOLD,Stage 2 + RS 92; trend/leadership is adequate without a stronger entry trigger.
PRSMJOHNSN,2026-08-21,107.97000122070312,-0.08367988166960127,-0.13610178972112175,-0.22983094842422724,-0.27614642953960733,-0.1618877862048318,120.59062496821086,-1.14043568381621,Stage 4 — Declining,112.52313696169385,176.0,False,97.0999984741211,3.4662302792665614,0.5992216892773824,575303788.7914307,112.41579971313476,True,-10.465675711386924,False,-38.65340839732777,False,False,False,False,True,True,False,False,120.84720001220703,124.82879997253418,False,5.870678155339434,1,3.3115610128848116,25.877863760212904,4.718432708520573,False,131.0,0.0045885516816996435,0.00733198972251804,False,21.32999770206625,11.0,True,False,0,False,False,False,False,False,False,False,False,0,False,False,,Prism Johnson Ltd.,Construction Materials,EQ,INE010A01011,SELL,Stage 4 takes precedence: the guide requires SELL regardless of RS.
PRIVISCL,2026-08-21,3479.699951171875,0.06799688731814424,0.20409460651554379,0.11055225794004864,0.4439569067613307,0.17891950917064234,3228.8106310614226,1.7209011128698215,Stage 2 — Advancing,3587.5125325520835,3774.7057070510364,False,2187.7596135124772,0.6167395544980971,0.5133786704241178,297739089.94542235,3590.569580078125,True,7.770332446780137,False,-7.815331280743276,True,False,True,True,True,True,False,False,3209.3368619791668,3175.2654016113283,True,2.188817220799243,2,0.9319722385337894,9.68832368488778,0.8633505065161601,False,3774.7057070510364,0.14788166048198823,0.16077086931723067,False,8.477907866159873,72.0,True,True,4,True,True,True,True,False,True,True,True,7,False,False,,Privi Speciality Chemicals Ltd.,Chemicals,EQ,INE959A01019,REDUCE,Stage 2 + RS 72; distribution warning (U/D 0.51) triggers REDUCE.
PRUDENT,2026-08-21,3353.5,0.24924795577481573,0.2936249402557407,0.38207122489349676,0.17914088678915685,0.2706665926976052,2737.8241051567925,2.5282720503110534,Stage 2 — Advancing,3091.6247893688724,3455.0,True,2118.407683707669,0.3603289100342251,1.2063014126082052,199489191.7522583,3095.3463916015626,False,22.4877812158772,True,-2.9377713458755395,True,True,True,True,False,False,False,False,2721.929248046875,2679.050705566406,True,3.4680173441194166,2,0.6576436013735109,20.057887120115776,2.2140027394093664,False,3455.0,0.14251836519965863,0.1451112284605621,False,3.0266885343670724,80.0,True,True,5,True,True,True,True,True,True,True,True,8,True,False,,Prudent Corporate Advisory Services Ltd.,Financial Services,EQ,INE00F201020,WAIT,"Stage 2 + RS 80; wait because price is more than 20% above the 30-week line (currently +22%) — the guide treats that as poor entry timing, not a failed trend."
PNB,2026-08-24,115.86000061035156,0.16139690347734548,-0.09006328990672041,-0.02070632562626007,0.13238677960606426,0.06888219420555494,110.22965846649588,-0.299828994472906,Stage 3 — Topping,110.40117705102061,131.33111679644097,False,95.71672519141161,0.6325368581187905,2.04081114843578,1497359839.5191948,110.45000061035157,False,5.107828711604889,False,-11.78023652236898,True,True,True,False,False,False,False,False,110.54858612060546,112.64134616851807,True,1.8926776871790971,1,1.628803742604649,15.941425147914487,0.8192630708102052,False,119.5,0.004927748917471118,0.005476615598736377,False,3.141722225507415,55.0,True,True,4,True,False,True,False,True,False,True,False,4,False,False,,Punjab National Bank,Financial Services,EQ,INE160A01022,REDUCE,Stage 3 with RS 55; the guide requires REDUCE when RS is 50 or higher.
PURVA,2026-08-24,214.3000030517578,-0.05008866465443651,-0.018683037548442694,-0.1288617762123666,-0.2570636367387401,-0.10095715596168449,213.66820720804148,-0.5896090392922493,Stage 3 — Topping,217.76588230507048,305.0,False,160.69000244140625,0.6143859667490003,7.574702431206885,314119376.2128784,217.84660003662108,True,0.29569015061803317,False,-29.73770391745646,True,False,True,False,False,False,False,False,214.44380025227863,222.0647501373291,False,4.0313962219010975,2,2.3640850407795946,21.122990974583217,5.758072486304677,False,261.79998779296875,0.009114591770147173,0.0128033057147925,False,22.165181551462098,20.0,True,False,2,False,False,False,False,False,True,False,False,1,False,False,,Puravankara Ltd.,Realty,EQ,INE323I01011,SELL,Stage 3 + RS 20; RS below 50 in Stage 3 triggers SELL.
QPOWER,2026-08-24,1313.199951171875,0.16845197248215626,0.48471918025685956,0.8069292528890084,0.6670305412102449,0.45911658386408516,1061.4887858351617,3.941395201471476,Stage 2 — Advancing,1203.2505744485295,1440.7180545952106,False,580.8863637342646,1.6502112158269902,2.35142335372677,268870875.58983153,1201.678603515625,False,23.713031046170798,True,-8.851010301190643,True,True,True,True,False,False,False,False,1051.1265734863282,976.4018850708007,True,4.442915629764444,2,0.7974926485929286,21.857592326966497,2.3083876699259345,False,1357.0,0.05585292252477485,0.06185749622745712,False,3.3353678386173202,91.0,True,True,5,True,True,True,True,True,True,True,True,8,True,False,,QUALITY POWER ELECTRICAL EQUIPMENTS Ltd.,Capital Goods,EQ,INE0SII01026,WAIT,"Stage 2 + RS 91; wait because price is more than 20% above the 30-week line (currently +24%) — the guide treats that as poor entry timing, not a failed trend."
QUESS,2026-08-24,338.6000061035156,0.6861652926761936,0.732865238382016,0.6852534089744027,0.30149318264889247,0.6183884830715397,231.04890285126152,4.221864458532765,Stage 2 — Advancing,294.30079591040516,350.75,False,162.53922482226787,0.34867824926424124,7.3405953660995715,488850685.2817413,295.32254608154295,False,46.54906468934434,True,-3.4640039619342478,True,True,True,True,False,False,False,False,229.98865946451824,223.215053024292,True,3.9990839080859355,2,2.028179903536279,32.05973109897691,0.28500188421673817,False,350.75,0.014401310242900492,0.014594017908249964,False,3.5883029171505543,95.0,True,True,5,True,True,True,True,True,True,True,True,8,True,False,,Quess Corp Ltd.,Services,EQ,INE615P01015,WAIT,"Stage 2 + RS 95; wait because price is more than 20% above the 30-week line (currently +47%) — the guide treats that as poor entry timing, not a failed trend."
RRKABEL,2026-08-21,2919.300048828125,0.5045543223942608,1.0284577239843018,1.166932471449884,1.4256648214028158,0.9260327323251047,1913.1704076306573,5.1517983099024,Stage 2 — Advancing,2489.4832979090074,2931.39990234375,True,1158.746695475609,0.41147973524317316,3.9600621377521814,1794539819.9361572,2496.017998046875,False,52.58965104125235,True,-0.4127670709803466,True,True,True,True,False,False,False,False,1897.0798657226562,1779.3282025146484,True,3.0645788148075632,3,0.5312342603109516,26.178615266043664,0.4590439063551651,True,2931.39990234375,0.12406556448077172,0.12406556448077172,True,0.4144778992650089,97.0,True,True,5,True,True,True,True,True,True,True,True,8,True,False,,R R Kabel Ltd.,Capital Goods,EQ,INE777K01022,WAIT,"Stage 2 + RS 97; wait because price is more than 20% above the 30-week line (currently +53%) — the guide treats that as poor entry timing, not a failed trend."
RBLBANK,2026-08-21,392.5,0.1970074070268566,0.19609780975860036,0.2594532880829594,0.553992379886123,0.2807116583562792,338.0279197955954,1.7058175277590015,Stage 2 — Advancing,373.08986648858763,393.8999938964844,True,241.74279959751107,0.36790733237030665,3.970972872168826,1323007262.402211,373.25355834960936,False,16.11466894135365,False,-0.35541861339868364,True,True,True,True,False,False,False,False,336.83324381510414,329.9607113647461,True,1.744515697730674,1,0.9718981241663631,11.918820374577551,0.30057976324495184,False,393.8999938964844,0.01668061975275563,0.016684422874529745,True,0.35668634305334734,82.0,True,True,5,True,True,True,True,True,True,True,True,8,True,False,,RBL Bank Ltd.,Financial Services,EQ,INE976G01028,HOLD,Stage 2 + RS 82; trend/leadership is adequate without a stronger entry trigger.
RECLTD,2026-08-24,327.8999938964844,-0.011277441684278577,-0.049777722514496636,-0.04319920767554519,-0.08217912675601802,-0.03954218806292341,345.1455926764501,-0.3122520345135271,Stage 4 — Declining,352.42020311542586,381.3442016302781,False,299.2584905065143,1.0280933959978429,1.0894925754422087,2075905658.9050782,352.5425030517578,True,-4.996615673470961,False,-14.014690011101605,False,False,True,False,False,False,False,False,345.25770080566406,345.07469528198243,False,2.436645273765293,2,1.257132307276328,13.723432341912256,1.298688390268809,False,375.0149044815861,0.013946218120577345,0.016473031974094773,False,14.36868297105718,34.0,True,False,1,False,True,False,True,False,False,True,False,3,False,False,,REC Ltd.,Financial Services,EQ,INE020B01018,SELL,Stage 4 takes precedence: the guide requires SELL regardless of RS.
RHIM,2026-08-21,375.25,-0.05905212766755241,-0.18157033805888767,-0.18891169361182292,-0.24480891003478267,-0.14667903940811963,398.81041696336536,-0.9893530639953463,Stage 4 — Declining,392.13823625153185,508.29998779296875,False,323.04998779296875,0.08088567508825907,0.6503306187116317,300505026.263443,392.6250012207031,True,-5.907673411030689,False,-26.175485144249144,False,False,False,False,True,False,False,False,400.4903336588542,415.33874969482423,False,3.448177870259113,2,2.408833208238069,20.459664328635956,0.4931539191870134,False,443.79998779296875,0.015947522451519872,0.021043294515011027,False,18.267818199325458,13.0,True,False,0,False,False,False,False,False,False,False,False,0,False,False,,RHI MAGNESITA INDIA LTD.,Capital Goods,EQ,INE743M01012,SELL,Stage 4 takes precedence: the guide requires SELL regardless of RS.
RITES,2026-08-24,220.13999938964844,0.08587223070346561,0.02085200495938211,-0.08967842078197419,-0.11210342096107728,-0.0018370750753476314,211.82132856813195,-0.04350984145292669,Stage 3 — Topping,217.82567401960785,272.0997840702363,False,173.9540675101702,0.07283397819392363,1.9866075201400915,163945913.27805862,218.03949615478516,False,3.927211144292686,False,-19.09585663881881,True,True,True,False,False,False,False,False,212.01568766276043,217.40472984313965,False,2.805977874215614,2,1.3089074125970448,16.824072201905484,0.06373887540678189,False,243.12812900813074,0.009362978059465945,0.011475748463700253,False,10.442504625337644,41.0,True,False,3,True,False,False,True,True,False,True,False,4,False,False,,RITES Ltd.,Construction,EQ,INE320J01015,SELL,Stage 3 + RS 41; RS below 50 in Stage 3 triggers SELL.
RADICO,2026-08-24,4600.0,0.2946017355809485,0.6948664659385957,0.4158674908660256,0.5950063947214173,0.45898876453758714,3434.137834104773,3.4897579245172894,Stage 2 — Advancing,4173.038511986826,4747.0,False,2494.465428414862,0.5438157804625866,1.7524743747683034,2100172137.7450194,4184.818325195312,False,33.949195466673785,True,-3.0966926479882084,True,True,True,True,False,False,False,False,3418.460423177083,3361.1373266601563,True,2.1872664741847827,3,0.5888119402895956,25.24696306556485,0.7165968427003755,True,4747.0,0.19564685742235266,0.20163680848909238,False,3.195652173913044,91.0,True,True,5,True,True,True,True,True,True,True,True,8,True,False,,Radico Khaitan Ltd,Fast Moving Consumer Goods,EQ,INE944F01028,WAIT,"Stage 2 + RS 91; wait because price is more than 20% above the 30-week line (currently +34%) — the guide treats that as poor entry timing, not a failed trend."
RVNL,2026-08-24,221.6999969482422,-0.17967164351687182,-0.3085931034863454,-0.3132542085086475,-0.3109208191171602,-0.2584222836291794,265.782769608171,-2.417458329574751,Stage 4 — Declining,230.70270972158394,398.20450175980454,False,219.4759107986465,1.1030149614182785,0.803252251141372,1002956138.8419502,230.53766021728515,True,-16.586015987762348,False,-44.32509025677194,False,False,False,False,False,False,False,False,267.2926826985677,282.2286329650879,False,2.3166753305129344,2,0.7853006426873127,12.419447262317295,0.6448757619830723,False,250.59891030376434,0.00942932775944973,0.016212357104290195,False,13.035143776871072,3.0,True,False,0,False,False,False,False,False,False,False,False,0,False,False,,Rail Vikas Nigam Ltd.,Construction,EQ,INE415G01027,SELL,Stage 4 takes precedence: the guide requires SELL regardless of RS.
RAILTEL,2026-08-24,282.04998779296875,-0.11499841858226645,-0.12110321910126942,-0.1533010052416801,-0.19590941218354352,-0.1400620947382052,306.0022887138471,-1.1723187994112205,Stage 4 — Declining,298.3742867264093,408.55427403779885,False,243.9284560598348,0.6778952983656703,3.2275678204059326,347981576.80042726,297.9946545410156,True,-7.827490775167689,False,-30.963887611447703,False,False,False,False,False,False,False,False,306.7012106323242,316.2122313690186,False,2.3681514000047006,1,1.044691651596182,16.135408470614877,2.720354392589406,False,327.90954440366335,0.011996129075588535,0.017035483592120988,False,16.259371953724955,14.0,True,False,0,False,False,False,False,False,False,False,False,0,False,False,,Railtel Corporation Of India Ltd.,Telecommunication,EQ,INE0DD101019,SELL,Stage 4 takes precedence: the guide requires SELL regardless of RS.
RAIN,2026-08-24,213.69000244140625,0.37342167290364325,0.4686913854575685,1.0261729909392616,0.443801649995639,0.5371018744399512,166.18177408714817,2.7948429642912,Stage 2 — Advancing,206.49994225595512,250.82236847510148,False,99.43315286007488,0.8368618354820531,0.883126349497267,1291815758.9866219,206.49376068115234,False,28.58810998692556,True,-14.804248225325756,True,True,True,True,False,False,False,False,165.3866537475586,154.76433738708496,True,4.883473377948099,2,0.5171973892938219,28.710318241553562,0.6940016360191059,True,250.82236847510148,0.009088647269616522,0.010192584894388056,False,17.376744634497786,93.0,True,True,5,True,True,True,True,True,True,True,True,8,True,False,,Rain Industries Ltd,Chemicals,EQ,INE855B01025,WAIT,"Stage 2 + RS 93; wait because price is more than 20% above the 30-week line (currently +29%) — the guide treats that as poor entry timing, not a failed trend."
RAINBOW,2026-08-21,1433.199951171875,0.06824002407839891,0.20014134974903985,0.08012728102047073,-0.09456114675602412,0.06443750643405688,1317.1639294854526,1.213953533108425,Stage 2 — Advancing,1469.3548201018689,1610.0,False,1081.4576042961687,0.8604580322888274,1.9370058104498404,159036166.66116333,1471.5059448242187,True,8.809535327296093,False,-10.981369492430126,True,False,True,True,False,False,False,False,1313.932178548177,1318.1948803710939,True,2.9673858932006647,2,1.1255965530352259,14.858543154339046,0.8930577048866482,False,1610.0,0.060908696599149,0.06844764697857018,False,12.336035085932151,54.0,True,True,4,True,False,True,True,False,True,True,False,5,False,False,,Rainbow Childrens Medicare Ltd.,Healthcare,EQ,INE961O01016,HOLD,Stage 2 + RS 54; trend/leadership is adequate without a stronger entry trigger.
RALLIS,2026-08-24,211.32000732421875,-0.15387384454767272,-0.2087703623938495,-0.144915675293803,-0.4338642749304117,-0.21905960034268193,242.95772050831417,-0.8846094287036754,Stage 4 — Declining,222.85392222684973,380.62314750165905,False,207.52999877929688,0.4217428260787592,0.6736607042041636,159316548.83649674,222.7342007446289,True,-13.021900731494862,False,-44.48051604026587,False,False,False,False,True,False,False,False,242.90879557291666,246.3936097717285,False,1.7525893129724377,3,0.6485939430206765,16.28141543012039,0.7945529552029811,False,247.88999938964844,0.008987846813793901,0.01632090192401283,False,17.305503879394625,5.0,True,False,0,False,False,False,False,False,False,False,False,0,False,False,,Rallis India Ltd.,Chemicals,EQ,INE613A01020,SELL,Stage 4 takes precedence: the guide requires SELL regardless of RS.
RKFORGE,2026-08-21,737.0499877929688,0.3017484491389699,0.34237082580443645,0.37988193361754097,0.2797727618360275,0.32110448390718893,577.5482626027074,3.0143435443756417,Stage 2 — Advancing,625.4294158337163,772.7999877929688,False,459.4101971519111,0.33611429666824716,4.838400862169382,1434552888.0141845,626.09400390625,False,27.617038353032285,True,-4.626035269759521,True,True,True,True,False,False,False,False,574.8260363769531,561.8622422790527,True,3.1864478397332836,2,0.7716373798371738,28.823758219270857,0.807496744587537,False,772.7999877929688,0.031323440981268005,0.03213774318059217,False,4.850417284050201,85.0,True,True,5,True,True,True,True,True,True,True,True,8,True,False,,Ramkrishna Forgings Ltd.,Automobile and Auto Components,EQ,INE399G01023,WAIT,"Stage 2 + RS 85; wait because price is more than 20% above the 30-week line (currently +28%) — the guide treats that as poor entry timing, not a failed trend."
RCF,2026-08-24,119.02999877929688,-0.08984554297044456,-0.0672361240499727,-0.1691608084821804,-0.2383230775584978,-0.13088221920630802,126.98954062265892,-0.605842672199397,Stage 4 — Declining,128.26176467596315,161.77122672091298,False,106.0,0.5577661127491055,0.7994572001008121,89463618.51417693,128.25080001831054,True,-6.267871987200346,False,-26.420784961563704,False,False,True,False,False,False,False,False,127.07421778361002,130.70087940216064,False,1.8854785025249405,2,0.8999675715608878,16.035712105887274,0.5077448952467647,False,140.0,0.005062575043512154,0.006942687675204141,False,17.617408582508087,16.0,True,False,1,False,False,False,False,False,False,False,False,0,False,False,,Rashtriya Chemicals & Fertilizers Ltd.,Chemicals,EQ,INE027A01015,SELL,Stage 4 takes precedence: the guide requires SELL regardless of RS.
RATEGAIN,2026-08-24,962.0999755859375,0.3466302178565055,0.875438548900463,0.39515662651882044,0.9434400551652782,0.5814591332595146,706.8691784584358,2.756563154868097,Stage 2 — Advancing,918.5205927830117,1050.0,False,437.0,0.983706755609983,0.7587982134353833,635226619.6987336,920.4000048828125,False,36.1072182669101,True,-8.371430896577381,True,True,True,True,False,False,False,False,705.2956675211589,698.6085011291503,True,5.025465437146022,1,1.3925680565207548,22.31904529389881,0.8430352566601548,False,1050.0,0.04091996451076323,0.042075534732725774,False,9.136267190998492,94.0,True,True,5,True,True,True,True,True,True,True,True,8,True,False,,Rategain Travel Technologies Ltd.,Information Technology,EQ,INE0CLI01024,WAIT,"Stage 2 + RS 94; wait because price is more than 20% above the 30-week line (currently +36%) — the guide treats that as poor entry timing, not a failed trend."
RATNAMANI,2026-08-24,2697.0,0.05648697446479245,0.08915183510778313,0.1705722964751475,0.12586982468517016,0.09971358103953715,2433.2504200902476,0.6214372218007913,Stage 2 — Advancing,2485.019416360294,3330.2583637320286,False,1927.9657490362597,20.178764207495654,2.243994090947748,253413278.81123048,2483.175966796875,False,10.839393172691626,False,-19.015292345737777,True,True,True,True,False,False,False,False,2420.3043497721355,2400.8708795166017,False,4.555760585782473,2,1.9480205384528437,24.346904448863647,2.9067201004451975,False,2835.4487921430928,0.1147086031452359,0.13304125314957282,False,5.133436861071283,61.0,True,True,5,True,True,False,True,True,True,True,False,6,False,False,,Ratnamani Metals & Tubes Ltd.,Capital Goods,EQ,INE703B01027,HOLD,Stage 2 + RS 61; trend/leadership is adequate without a stronger entry trigger.
RTNINDIA,2026-08-21,30.450000762939453,-0.10756149718151775,-0.020270243317667247,-0.3060619867426233,-0.4321148569655683,-0.19471401627777887,32.84282775089658,-1.444533294917405,Stage 4 — Declining,32.583921656889075,64.0,False,24.399999618530273,0.8472350732939203,1.0551469852211657,41326178.93184872,32.50760005950928,True,-7.2856911289918,False,-52.421873807907104,False,False,False,False,False,False,False,False,32.95406681060791,35.36465006828308,False,3.3708648051815455,2,0.9307941979126556,24.90118728052298,0.6326902160785873,False,37.95000076293945,0.0012940761380833424,0.002731609283038128,False,24.630541254791073,7.0,False,False,0,False,False,False,False,False,False,False,False,0,False,False,,RattanIndia Enterprises Ltd.,Consumer Services,EQ,INE834M01019,SELL,Stage 4 takes precedence: the guide requires SELL regardless of RS.
RTNPOWER,2026-08-24,7.860000133514404,-0.13815786928241136,-0.059808557858430644,-0.210050222694938,-0.3578431143388521,-0.1808035266914087,8.907328778750276,-0.3377725079203642,Stage 4 — Declining,8.781372631297392,12.84000015258789,False,7.519999980926514,1.6083129649179762,0.5590278252601082,109501929.15795004,8.766800079345703,True,-11.758055318833927,False,-38.78504641660594,False,False,False,False,True,True,False,False,8.890200014114379,9.082899992465974,False,2.4718273267120106,1,1.6202115925827099,20.124486151096235,1.150876577627838,False,9.640000343322754,0.00033430094031768813,0.0005509800684984176,False,22.64631271720432,8.0,True,False,0,False,False,False,False,False,False,False,False,0,False,False,,RattanIndia Power Ltd.,Power,EQ,INE399K01017,SELL,Stage 4 takes precedence: the guide requires SELL regardless of RS.
RAYMONDLSL,2026-08-21,726.9500122070312,0.001672938222643694,-0.20005978890928489,-0.3525478912977702,-0.38623355504545553,-0.18709907176144466,800.5504112506735,-1.7053076696221359,Stage 4 — Declining,752.2773078469669,1348.3018107388446,False,677.0,0.5473157764411039,1.621669628188775,143050772.92933044,751.4478491210938,True,-9.193724468726305,False,-46.08402907886951,False,False,False,False,False,False,False,False,804.3010624186198,870.8846670532226,False,3.22826332436966,2,1.0244499025779568,19.723747214888153,0.929046929679574,False,843.3378197313632,0.030894208236653637,0.056930700730573734,False,16.010427893243563,8.0,True,False,0,False,False,False,False,False,False,False,False,0,False,False,,Raymond Lifestyle Ltd.,Textiles,EQ,INE02ID01020,SELL,Stage 4 takes precedence: the guide requires SELL regardless of RS.
REDINGTON,2026-08-24,365.1000061035156,0.6879362879938666,0.5549836311143677,0.2821934477536263,0.5335730038475854,0.5493245317406625,252.80024646079704,2.317842180935159,Stage 2 — Advancing,296.309637929879,370.79998779296875,True,187.19874597305954,1.2831172668482198,8.574394785711553,4071049067.4029083,297.4843817138672,False,44.422329967994486,True,-1.5372119409657659,True,True,True,True,False,False,False,False,252.89086344401042,258.11052001953124,True,4.077161265605509,2,0.7859057295575218,36.027396989236074,0.6066303312266143,False,370.79998779296875,0.015528406269355349,0.015528406269355349,True,1.561211063863155,94.0,True,True,5,True,False,True,True,True,True,True,True,7,False,False,,Redington Ltd.,Services,EQ,INE891D01026,WAIT,"Stage 2 + RS 94; wait because price is more than 20% above the 30-week line (currently +44%) — the guide treats that as poor entry timing, not a failed trend."
REDTAPE,2026-08-21,122.87999725341797,-0.029224593683126354,-0.00949154956463727,-0.02642133596595242,0.0004381618742892446,-0.01878478220451063,125.99543777991985,0.31909398335445704,Stage 1 — Basing,130.76890653722427,161.05605346448013,False,105.92267660028074,0.2878229975119977,0.5769742046175773,70105674.00833245,130.7469055175781,True,-2.472661376790264,False,-23.703583559795625,False,False,True,True,True,True,False,False,125.73954249064127,125.58519100189208,False,4.060291554175093,0,3.7382244701690834,18.62078802101354,1.6342033428297231,False,148.49000549316406,0.005222202571729736,0.0067575248707606094,False,20.84147852553255,37.0,True,False,2,False,True,False,True,False,False,True,False,3,False,False,1.0,Redtape Ltd.,Consumer Durables,EQ,INE0LXT01019,AVOID,Stage 1 + RS 37; weak RS in a basing stage is AVOID.
REFEX,2026-08-24,286.45001220703125,0.02979985792298767,0.2191490058105221,-0.11128614485465649,-0.24147918119070166,-0.014803320877772141,271.51911252778154,1.3880702401692258,Stage 2 — Advancing,320.1588954551547,413.67773156512,False,187.40098243331008,0.3737863944197072,0.33039619741510723,163844327.85270387,320.30008911132813,True,5.499023453725371,False,-30.755273888379687,True,False,True,True,True,True,False,False,270.4655801391602,277.9306939697266,False,3.1506363663952617,2,0.5421417468534933,22.991031015824877,0.3518995502338892,True,370.21662523764206,0.012183270586282657,0.017221925847861815,False,29.243012553990976,38.0,True,False,3,True,False,False,True,False,True,False,False,3,False,False,,Refex Industries Ltd.,Utilities,EQ,INE056I01025,REDUCE,Stage 2 + RS 38; distribution warning (U/D 0.33) triggers REDUCE.
RELAXO,2026-08-21,376.6000061035156,0.2818244443525755,0.05210223008931636,-0.07797773326389768,-0.21721055637965492,0.06411256583018296,344.9241672092014,0.29633115322427184,Stage 2 — Advancing,394.68725765452666,526.0,False,236.5,0.064896954497576,0.6688386025159977,139395581.58833313,395.7280029296875,True,9.183421141697611,False,-28.403040664730874,True,False,True,True,True,False,False,False,346.11553385416664,361.99965026855466,False,3.6852290258999214,2,0.752048017639999,25.18143763494481,0.1436102190651584,False,454.70001220703125,0.01600489554318011,0.02184157576716105,False,20.738185033923862,54.0,True,True,4,True,False,False,True,False,True,False,False,3,False,False,,Relaxo Footwears Ltd.,Consumer Durables,EQ,INE131B01039,REDUCE,Stage 2 + RS 54; distribution warning (U/D 0.67) triggers REDUCE.
RELIANCE,2026-08-24,1309.800048828125,-0.02853002391309145,-0.0790481493170333,-0.14326711532390213,-0.06623893615858478,-0.06912284972514063,1349.1833688396298,-0.5328427748223508,Stage 4 — Declining,1306.6568651386335,1604.3820104615531,False,1249.800048828125,0.6049214142987149,1.1299745812083761,13606388978.569408,1306.6500024414063,False,-2.9190487313356495,False,-18.3610860575956,False,True,False,False,False,False,False,False,1350.4642081705729,1393.86548828125,False,1.493685711415226,2,0.5916297199643881,7.1402016377683495,0.6285784113731098,False,1345.9000244140625,0.05570831813149276,0.06781378094300845,False,2.756144009785011,27.0,True,False,1,False,False,False,False,True,False,True,False,2,False,False,,Reliance Industries Ltd.,Oil Gas & Consumable Fuels,EQ,INE002A01018,SELL,Stage 4 takes precedence: the guide requires SELL regardless of RS.
RPOWER,2026-08-24,23.09000015258789,-0.14734120318904753,-0.09237422689216068,-0.3766198816990727,-0.5279083985969464,-0.258316982713255,25.650821907879553,-2.173094123542063,Stage 4 — Declining,24.464705822514553,50.72999954223633,False,20.170000076293945,0.7568297708418068,1.4447764692711107,501908279.72335684,24.421199951171875,True,-9.983390647240887,False,-54.48452521005086,False,False,False,False,False,False,False,False,25.770933329264324,28.552649965286253,False,3.164634525547178,2,0.8544059506573027,26.836732966062755,0.6419194410095446,False,29.399999618530273,0.0009820621668990138,0.002088407838804835,False,27.327845059521017,3.0,True,False,0,False,False,False,False,False,False,False,False,0,False,False,,Reliance Power Ltd.,Power,EQ,INE614G01033,SELL,Stage 4 takes precedence: the guide requires SELL regardless of RS.
RELIGARE,2026-08-24,226.9499969482422,-0.05563419594082697,0.07610243488027613,-0.06450951674170902,-0.09581674522612671,-0.03909844379384271,236.0123286835135,-0.15774229247222937,Stage 4 — Declining,253.91019634172028,280.0,False,196.50999450683594,1.89184058961704,0.584655440205525,260186214.59724045,254.17460021972656,True,-3.839770483949445,False,-18.94642966134208,False,False,True,False,True,True,False,False,235.88179992675782,238.3383002471924,False,3.8271495608673844,2,0.518861939994181,20.267857142857142,0.960465533473158,False,280.0,0.00965262036846437,0.012036511501971258,False,23.37519443274383,34.0,True,False,1,False,False,False,True,False,False,True,False,2,False,False,,Religare Enterprises Ltd.,Financial Services,EQ,INE621H01010,SELL,Stage 4 takes precedence: the guide requires SELL regardless of RS.
RBA,2026-08-24,106.44999694824219,0.5723781646493284,0.6737421305372642,0.7388107616084687,0.32780340999779023,0.577022526288436,69.65772397271517,3.4842975064420356,Stage 2 — Advancing,79.27058799594056,111.1500015258789,False,57.150001525878906,0.5208258863358141,10.972554622560729,2099649657.8101711,79.47459976196289,False,52.818655099811316,True,-4.228524078375672,True,True,True,True,False,False,False,False,69.51679979960123,68.20839992523193,True,5.8082255103902805,2,1.1539823935791638,42.80701860357303,0.8545721152397532,False,111.1500015258789,0.004527523342509264,0.004530426993754051,True,4.415222839247179,94.0,True,True,5,True,True,True,True,True,True,True,True,8,True,False,,Restaurant Brands Asia Ltd.,Consumer Services,EQ,INE07T201019,WAIT,"Stage 2 + RS 94; wait because price is more than 20% above the 30-week line (currently +53%) — the guide treats that as poor entry timing, not a failed trend."
ROUTE,2026-08-21,502.29998779296875,-0.016899057148377805,-0.013174803691563874,-0.23769939374852378,-0.4239157263344495,-0.14171760761425856,517.8184122019801,-1.5287061316693884,Stage 4 — Declining,534.7629562078738,874.314895009936,False,406.1171468902937,0.09848066188389883,0.771620402219264,158013669.2008621,535.136689453125,True,-2.9968854029389425,False,-42.54930452863205,False,False,True,False,False,False,False,False,520.9682204182943,559.4289277648926,False,2.0510001643731255,2,1.3788361368013071,22.638552297130172,0.17092224789090835,False,642.6973989895835,0.021346942925320526,0.03741183932000096,False,27.950908741507252,14.0,True,False,1,False,False,False,False,False,False,False,False,0,False,False,,Route Mobile Ltd.,Telecommunication,EQ,INE450U01017,SELL,Stage 4 takes precedence: the guide requires SELL regardless of RS.
RUBICON,2026-08-21,1724.699951171875,,,,,,1092.2249365912544,6.792982123206093,Stage 2 — Advancing,1488.2759937959559,,False,,0.765623776851462,2.2594736364663586,701483066.8095887,1492.1568603515625,False,57.90702934823333,True,,True,True,True,True,False,False,False,False,1075.230799560547,970.9292678833008,False,4.420204633702585,2,1.029293830952754,30.604733828528737,1.0701679709777916,False,1820.0999755859375,0.07329697853017643,,False,5.531398336808757,,True,False,4,True,True,False,True,True,False,False,False,4,False,False,,Rubicon Research Ltd.,Healthcare,EQ,INE506V01022,WAIT,"Stage 2 + RS unavailable; wait because price is more than 20% above the 30-week line (currently +58%) — the guide treats that as poor entry timing, not a failed trend."
SBFC,2026-08-21,93.93000030517578,0.027680511346386938,-0.021868150586437762,-0.1263950591721582,-0.173078586729004,-0.05319615475896522,92.29530997440733,-0.6688964564839139,Stage 3 — Topping,92.39137208228017,123.0,False,79.5999984741211,0.5069984992272278,0.5092505681992708,151287783.68511468,92.42739959716796,False,1.771152110786267,False,-23.634146093353024,True,True,True,False,True,True,False,False,92.69873301188152,95.99129962921143,False,1.8668925644773533,2,0.33372459311071256,9.66649406253802,1.5253560982373804,False,97.44999694824219,0.003991874187176708,0.004976754311636756,False,3.7474679353029394,31.0,True,False,3,False,False,False,False,True,False,True,False,2,False,False,,SBFC Finance Ltd.,Financial Services,EQ,INE423Y01016,SELL,Stage 3 + RS 31; RS below 50 in Stage 3 triggers SELL.
SBICARD,2026-08-21,649.0,0.04643661274768718,-0.170985632294806,-0.2582726761100991,-0.21076871703051991,-0.10943075998801013,665.5603010506466,-1.9219621670849674,Stage 4 — Declining,629.7627455767463,961.6311031378486,False,565.4500122070312,1.322113468991651,1.2353127297611857,1074135902.545993,630.5690002441406,False,-2.4881744035070374,False,-32.510502428396734,False,True,False,False,False,False,False,False,670.364072265625,719.0625701904297,False,2.408649730913287,1,1.2675014221190317,13.98694542948353,1.637554454736018,False,674.2000122070312,0.02758145788417428,0.039680367612810935,False,3.8828986451511893,19.0,True,False,1,False,False,False,False,True,False,False,False,1,False,False,,SBI Cards and Payment Services Ltd.,Financial Services,EQ,INE018E01016,SELL,Stage 4 takes precedence: the guide requires SELL regardless of RS.
SBILIFE,2026-08-24,1761.800048828125,-0.05821345228321151,-0.15298422541129608,-0.12435523375639246,-0.05096869123693015,-0.08894701099420835,1876.5589507638592,-0.9067451631493251,Stage 4 — Declining,1819.1764705882354,2129.040438508761,False,1700.4000244140625,0.5809789074529159,0.5871319580220873,1590848237.3534424,1820.37,True,-6.115390187397063,False,-17.249103541587086,False,False,False,False,True,True,False,False,1881.1094889322917,1916.3513842773436,False,1.748211809436811,2,1.4242848030444428,9.300259821719974,0.8495792684672715,False,1915.0,0.07493274846951524,0.08988540017244864,False,8.695649161423113,23.0,True,False,0,False,False,False,False,False,False,True,False,1,False,False,,SBI Life Insurance Company Ltd.,Financial Services,EQ,INE123W01016,SELL,Stage 4 takes precedence: the guide requires SELL regardless of RS.
SJVN,2026-08-24,65.80000305175781,-0.09494479916929843,-0.10836393230398389,-0.15381495370016074,-0.3228852928224587,-0.15499075543304003,71.74603971716476,-0.7592877560890332,Stage 4 — Declining,69.44209184833602,99.04170637636334,False,62.68610889438828,0.5812103777397533,0.9742463800326747,111897144.11772537,69.37588394165039,True,-8.287616555348908,False,-33.56333865885289,False,False,False,False,False,False,False,False,71.72790623982748,72.84560409545898,False,1.3611776093208172,3,0.6118118576617201,12.809644262028428,0.6192559523162611,False,75.09003832302183,0.002798600829447311,0.004254727920830528,False,14.118593982368877,12.0,True,False,0,False,False,False,False,False,False,False,False,0,False,False,,SJVN Ltd.,Power,EQ,INE002L01015,SELL,Stage 4 takes precedence: the guide requires SELL regardless of RS.
SKFINDUS,2026-08-21,2758.300048828125,,,,,,2436.745600382487,0.3377385695982005,Stage 2 — Advancing,2715.751340379902,,False,,0.3448525135295877,1.5342237923771995,127355712.18912354,2722.8521875,False,13.196061517261581,False,,True,True,True,True,False,False,False,False,2444.7904720052084,,False,3.8550971525675464,2,0.5667811917348103,21.627423384150426,1.452568420612216,False,3018.3457066763153,0.11722332300257132,,False,9.427750906166699,,True,False,4,False,False,False,False,True,False,False,False,1,False,False,,SKF India (Industrial) Ltd.,Capital Goods,EQ,INE2J8701016,WAIT,Stage 2 + RS unavailable; wait for a clearer entry trigger; no breakout setup is present.
SKFINDIA,2026-08-24,1586.4000244140625,-0.04104421030634475,-0.14416649379813562,-0.17476145100577745,-0.6393541648443526,-0.20807410605219107,1601.3062969887094,-0.7545271087706751,Stage 4 — Declining,1560.406982421875,4953.039658667183,False,1370.529580184146,0.43210954210505825,4.585410463981365,217292398.2510193,1559.384248046875,False,-0.9308820306694887,False,-67.9711826728852,False,True,False,False,False,False,False,False,1605.3485766601561,1664.3898095703125,False,3.8366290364187523,1,3.20491371362527,16.97245152719422,5.959168526120578,False,1716.9000244140625,0.0674726476937728,0.21087787738641042,False,8.226172339363158,5.0,True,False,1,False,False,False,False,True,False,False,False,1,False,False,,SKF India Ltd.,Automobile and Auto Components,EQ,INE640A01023,SELL,Stage 4 takes precedence: the guide requires SELL regardless of RS.
SKYGOLD,2026-08-24,798.0,0.6980529402528242,1.2028985507246377,1.353288073242906,1.6168223251561504,1.1138229659258687,484.9613001575209,6.841336793028141,Stage 2 — Advancing,639.3274488262101,848.0,False,259.0,0.5167891436223208,2.642261075694442,1013749789.8089142,641.4409973144532,False,64.54921243010536,True,-5.8962264150943415,True,True,True,True,False,False,False,False,480.54799886067707,444.3852490234375,True,4.463839915077873,2,0.9062056147940835,42.74764150943396,0.7687890318318396,False,848.0,0.033940476570225524,0.035192808648041043,False,6.265664160400997,98.0,True,True,5,True,True,True,True,True,True,True,True,8,True,False,,SKY GOLD AND DIAMONDS Ltd.,Consumer Durables,EQ,INE01IU01018,WAIT,"Stage 2 + RS 98; wait because price is more than 20% above the 30-week line (currently +65%) — the guide treats that as poor entry timing, not a failed trend."
SMLMAH,2026-08-24,5204.0,0.3541761259985228,0.03784912331783219,0.8615588370532195,0.15339937497909983,0.35223191746943944,4174.802351442102,1.8356882090686533,Stage 2 — Advancing,4496.954159007353,5987.89990234375,False,2703.052088847761,0.20555740200305217,3.088001310900357,1747283959.550415,4507.05826171875,False,24.65260776243412,True,-13.091399574614137,True,True,True,True,False,False,False,False,4166.607807617187,4013.96126953125,True,5.499203909080927,1,1.3826760875268465,37.10649707878495,0.7794979709888422,False,5987.89990234375,0.22133614044041808,0.2493095717279312,False,15.063410882854544,87.0,True,True,5,True,True,True,True,True,True,True,True,8,True,False,,SML Mahindra Ltd.,Capital Goods,EQ,INE294B01019,WAIT,"Stage 2 + RS 87; wait because price is more than 20% above the 30-week line (currently +25%) — the guide treats that as poor entry timing, not a failed trend."
SHRIPISTON,2026-08-21,4600.10009765625,0.4046670526355498,0.5693139240015035,0.7580183536570859,0.7744503581248019,0.5822233482108983,3559.4567362467446,3.124664808173061,Stage 2 — Advancing,4210.980851715686,4645.7998046875,True,2477.934776842253,1.2988895377239251,5.22085427783363,268124973.1925537,4224.7969921875,False,29.23601657557462,True,-0.9836779231240267,True,True,True,True,False,False,False,False,3530.291009114583,3379.1124182128906,True,3.8638894076132453,3,0.5513796064569524,23.09804423252205,0.9869162068377041,False,4645.7998046875,0.1954968676525298,0.1954968676525298,True,0.9934502741480333,95.0,True,True,5,True,True,True,True,True,True,True,True,8,True,False,,SPR Auto Technologies Ltd.,Automobile and Auto Components,EQ,INE526E01018,WAIT,"Stage 2 + RS 95; wait because price is more than 20% above the 30-week line (currently +29%) — the guide treats that as poor entry timing, not a failed trend."
SRF,2026-08-24,2580.800048828125,-0.020344136683446923,0.0008142122066125967,-0.07730127462300218,-0.1120902619230989,-0.045853119541276466,2654.1322891026325,-0.7912443552720361,Stage 4 — Declining,2697.259152879902,3198.0092293385956,False,2350.533958547856,0.5419902326699572,0.6948731531563112,732110835.704065,2696.89751953125,True,-2.7629459381356303,False,-19.299793598097914,False,False,True,False,True,False,False,False,2658.1317236328123,2731.194217529297,False,1.5183555688071977,1,0.7354233148241227,13.978276372800558,0.4519848582850156,False,2964.3674789070474,0.10976639547579933,0.13487145023326796,False,14.862345893595696,32.0,True,False,1,False,False,False,False,False,False,True,False,1,False,False,,SRF Ltd.,Chemicals,EQ,INE647A01010,SELL,Stage 4 takes precedence: the guide requires SELL regardless of RS.
LOTUSDEV,2026-08-21,164.80999755859375,0.1673750255610129,0.17813995480501332,-0.03070047202363868,-0.14201675932832414,0.06803455491501527,145.32813831197805,0.9711594568023507,Stage 2 — Advancing,160.6574515548407,207.5,False,102.19999694824219,0.10347427475756032,1.0082113529911607,626724148.6134094,161.18980072021483,False,13.405428207436131,False,-20.573495152484945,True,True,True,True,False,False,False,False,145.36186701456705,149.62000019073486,False,4.935120617801683,2,1.2872829025253778,34.453014695500755,0.5753343402653714,False,207.5,0.007004160256630538,0.008592935509522868,False,25.902556321699464,55.0,True,True,5,True,False,False,True,True,True,True,False,5,False,False,,SRI LOTUS DEVELOPERS AND REALTY Ltd.,Realty,BE,INE0V9Q01010,HOLD,Stage 2 + RS 55; trend/leadership is adequate without a stronger entry trigger.
SAATVIKGL,2026-08-21,418.95001220703125,,,,,,429.5817235486261,0.5115995676155061,Stage 1 — Basing,445.5362746294807,,False,,8.185741722664709,1.2240448615718644,63662854.234529115,444.91900024414065,True,-2.4748984323099132,False,,False,False,True,True,False,False,False,False,427.6859995524089,423.2129997253418,False,4.184780727672073,2,1.6494518440366377,21.967543162873987,2.0211741688518967,False,493.0,0.017804702800096352,,False,17.675136802806833,,True,False,2,False,True,False,True,False,False,False,False,2,False,False,1.0,Saatvik Green Energy Ltd.,Capital Goods,EQ,INE13B501022,AVOID,Stage 1 + RS unavailable; weak RS in a basing stage is AVOID.
SAFARI,2026-08-21,1496.800048828125,-0.02969162219606092,-0.18387994319673318,-0.3412565511519293,-0.2554489735618444,-0.16799374246052576,1619.0325910780166,-2.116331154968243,Stage 4 — Declining,1577.5337009803923,2504.019782423858,False,1361.4252325150483,0.6629235101712406,0.2431928276053793,68076784.2543457,1578.42009765625,True,-7.549727097742009,False,-40.224112471697715,False,False,False,False,True,True,False,False,1634.418028157552,1787.762628173828,False,2.3192333365745297,3,0.3927748063367621,13.611633343097612,0.24395817845978832,False,1700.807765776561,0.06361159862524335,0.10409915099725167,False,13.629590479246545,10.0,True,False,0,False,False,False,False,False,False,False,False,0,False,False,,Safari Industries (India) Ltd.,Consumer Durables,EQ,INE429E01023,SELL,Stage 4 takes precedence: the guide requires SELL regardless of RS.
SAGILITY,2026-08-24,43.22999954223633,0.05065503665175419,0.021910714507932028,-0.12307195516560632,-0.05835153759162026,-0.011640540989157235,42.23087020769511,-1.3004768026599667,Stage 3 — Topping,41.73243683459712,57.700033807096844,False,35.748125066049155,0.6049268699033011,1.2472764771062654,965026557.202018,41.76891372680664,False,2.3658743701643115,False,-25.07803429238332,True,True,False,False,False,False,False,False,42.49838821411133,44.56012201309204,False,2.1935642319671094,3,0.9793161553666887,16.695502055978714,0.611251901936736,False,46.134335508432706,0.0018386551210452786,0.002298174863754412,False,6.718334482883348,38.0,True,False,2,False,False,False,False,True,False,False,False,1,False,False,,Sagility Ltd.,Information Technology,EQ,INE0W2G01015,SELL,Stage 3 + RS 38; RS below 50 in Stage 3 triggers SELL.
SAILIFE,2026-08-21,1457.4000244140625,0.2805553604056068,0.5481198073275639,0.6919952002351415,0.5759935381606516,0.47544385330691413,1114.0679296033136,3.678158391841291,Stage 2 — Advancing,1298.7490258310356,1485.0,True,783.8499755859375,0.6876515291811011,2.7668980968576395,790656724.8715576,1300.3620068359376,False,30.81787794869917,True,-1.858584214541248,True,True,True,True,False,False,False,False,1104.7996651204428,1052.5269982910156,True,3.6753318622786817,2,1.4252236954879876,20.451175163089225,1.383538487507859,False,1485.0,0.06193716085326815,0.06258678832225927,False,1.8937817430759285,91.0,True,True,5,True,True,True,True,True,True,True,True,8,True,False,,Sai Life Sciences Ltd.,Healthcare,EQ,INE570L01029,WAIT,"Stage 2 + RS 91; wait because price is more than 20% above the 30-week line (currently +31%) — the guide treats that as poor entry timing, not a failed trend."
SAMHI,2026-08-21,159.55999755859375,0.08810691641244883,-0.03437429040030682,-0.1279921232691369,-0.2509623774370493,-0.047422991656319066,162.81875894480737,-0.9196798587869592,Stage 4 — Declining,171.93137284821154,222.0,False,127.0,0.47456776633078895,0.9821119470328985,162636345.89731446,172.1002001953125,True,-2.0014655604384535,False,-28.126127225858667,False,False,True,False,False,False,False,False,163.3782671101888,168.77135025024415,False,3.1412276278787696,2,0.7553321063995976,16.373581663382332,0.6379501021372588,False,188.22999572753906,0.006781043686689221,0.009563338211798377,False,17.96816157409196,32.0,True,False,1,False,False,False,True,False,False,False,False,1,False,False,,Samhi Hotels Ltd.,Consumer Services,EQ,INE08U801020,SELL,Stage 4 takes precedence: the guide requires SELL regardless of RS.
SAMMAANCAP,2026-08-24,149.39999389648438,-0.07469349879784826,-0.02620260931064622,-0.018976948696941,0.22629887261810788,0.006346463402964832,155.8950000919708,0.5432412886834825,Stage 1 — Basing,164.918431001551,192.9499969482422,False,116.69999694824219,0.3944459988813357,0.7034210086977676,1299153518.4926133,164.60179962158202,True,-4.166269727479821,False,-22.570616087358562,False,False,True,True,False,False,False,False,155.44966674804687,154.71435012817383,False,3.886019642430734,2,1.344589758725101,20.84288361303616,1.0169474375680394,False,183.17999267578125,0.006354269414079529,0.008202854706627629,False,22.610441873714016,43.0,True,False,2,False,True,False,True,False,False,True,False,3,False,False,1.0,Sammaan Capital Ltd.,Financial Services,EQ,INE148I01020,AVOID,Stage 1 + RS 43; weak RS in a basing stage is AVOID.
MOTHERSON,2026-08-24,169.0,0.24316201537196824,0.2908115612390485,0.5548358530874815,0.7845645481229384,0.42330719863868105,134.49547707544613,2.894117419187925,Stage 2 — Advancing,151.78717400045957,173.27000427246094,True,90.66054722372972,0.2543297672293817,1.9764028860171532,3454992865.5014954,151.86565856933595,False,25.654783101143487,True,-2.4643643834315943,True,True,True,True,False,False,False,False,133.83620864868163,129.13237483978273,True,2.576078284320847,2,0.4229598516322817,21.236941458522228,0.5366639567708504,True,173.27000427246094,0.00718789541399513,0.007281644686820335,False,2.5266297470183163,89.0,True,True,5,True,True,True,True,True,True,True,True,8,True,False,,Samvardhana Motherson International Ltd.,Automobile and Auto Components,EQ,INE775A01035,WAIT,"Stage 2 + RS 89; wait because price is more than 20% above the 30-week line (currently +26%) — the guide treats that as poor entry timing, not a failed trend."
SANDUMA,2026-08-24,205.2100067138672,-0.08839298036505372,0.05461521088943222,0.051381138242348134,0.37682720590230123,0.06120751886079483,207.60347904571114,-0.7287861333708956,Stage 4 — Declining,204.46442009420957,272.33215508462166,False,140.6390852275007,1.208632685780241,1.0588105467411693,165981868.14390334,204.27520080566407,False,-1.1529056944739047,False,-24.647162341111585,False,True,False,False,False,False,False,False,207.8742793782552,210.7989451599121,False,2.863963677138014,2,0.8898705217666246,13.181817445610497,0.5574512488842859,False,219.46181130471902,0.008727976722866957,0.010957402338887246,False,6.944985197882536,54.0,True,True,2,False,False,False,False,True,True,True,False,3,False,False,,Sandur Manganese & Iron Ores Ltd.,Metals & Mining,EQ,INE149K01016,SELL,Stage 4 takes precedence: the guide requires SELL regardless of RS.
SANOFICONR,2026-08-21,4222.10009765625,-0.08569724979402216,0.05995004413260663,-0.09559221985526523,-0.1839740188703497,-0.07820213883621052,4461.555554620151,0.4134360802390491,Stage 1 — Basing,4571.952110140931,5275.810550953666,False,3914.755837704811,0.28075540702440255,3.8833187603225494,58447911.22148438,4572.452607421875,True,-5.3670845074636375,False,-19.972484666018676,False,False,True,True,False,False,False,False,4447.195388997396,4464.990203857422,False,1.8105397686265239,3,1.2644295755006163,14.755429267302619,0.33227342971997265,False,4927.0,0.17943247461675496,0.22734374660356507,False,16.695480591164813,26.0,True,False,2,False,False,False,True,False,False,True,False,2,False,False,2.0,Sanofi Consumer Healthcare India Ltd.,Healthcare,EQ,INE0UOS01011,AVOID,Stage 1 + RS 26; weak RS in a basing stage is AVOID.
SANSERA,2026-08-24,3844.300048828125,0.34708107893078766,0.6390108927001172,1.3617989581313141,1.969391022498065,0.9328726062382144,2700.834932510167,5.398805167342147,Stage 2 — Advancing,3365.327454810049,4040.39990234375,False,1238.5663892297234,0.48255200322841907,1.6655622289254284,1003390939.0529785,3373.832001953125,False,42.33746766801541,True,-4.853476345296204,True,True,True,True,False,False,False,False,2675.3180013020833,2431.7519995117186,True,4.2253648716119505,2,0.7561810642256843,30.279178594031787,1.1831897364158501,False,4040.39990234375,0.16350548337865642,0.17054923589198717,False,5.101054835077279,97.0,True,True,5,True,True,True,True,True,True,True,True,8,True,False,,Sansera Engineering Ltd.,Automobile and Auto Components,EQ,INE953O01021,WAIT,"Stage 2 + RS 97; wait because price is more than 20% above the 30-week line (currently +42%) — the guide treats that as poor entry timing, not a failed trend."
SAPPHIRE,2026-08-21,242.33999633789062,0.3285455373752073,0.11595133657743029,-0.049647073184742596,-0.26217084082451814,0.09224489946371686,187.93834481074893,0.6818761676664176,Stage 2 — Advancing,195.14941196815641,347.8999938964844,False,139.91000366210938,0.6563398784234146,4.277310198849653,822161200.5535133,195.66740020751953,False,28.946541793758662,True,-30.342052144445432,True,True,True,True,False,False,False,False,188.5890665690104,202.74029998779298,False,4.681734008246788,2,1.2469429080921355,31.8,1.4783713334962019,False,250.0,0.01029906071285744,0.014559530211641913,False,3.1608499537274737,59.0,True,True,5,True,False,False,False,True,True,False,False,3,False,False,,Sapphire Foods India Ltd.,Consumer Services,EQ,INE806T01020,HOLD,Stage 2 + RS 59; trend/leadership is adequate without a stronger entry trigger.
SARDAEN,2026-08-24,507.0,-0.1045215758899306,-0.020034308935435563,0.07656293305275375,-0.14720982280352335,-0.059944870093213275,525.7206910015785,0.37101746531740254,Stage 1 — Basing,506.67664531632965,637.3049486596227,False,451.3682929916116,0.3280216101801794,6.1339872096961745,808399297.5214523,506.38716674804687,False,-3.560957619132843,False,-20.44624773959147,False,True,False,True,False,False,False,False,524.1905572509766,518.5460499572754,False,2.8487144554861192,1,1.7464458283423137,10.064518580980376,9.194144973536615,False,540.4266194815406,0.02156368624198539,0.026867720479888346,False,6.593021593992221,29.0,True,False,2,False,True,False,False,True,False,True,False,3,False,False,2.0,Sarda Energy and Minerals Ltd.,Metals & Mining,EQ,INE385C01021,AVOID,Stage 1 + RS 29; weak RS in a basing stage is AVOID.
SAREGAMA,2026-08-24,510.04998779296875,0.267834957169947,0.5550304505883195,0.37646742570651637,0.05372568447994297,0.3041786950229346,407.72225889441086,2.8701481332706003,Stage 2 — Advancing,499.1049020804611,574.5,False,307.04998779296875,0.9151946158350219,2.483578963506182,484368713.5731842,499.835,False,25.097410471538172,True,-11.218452951615532,True,True,True,True,False,False,False,False,405.73466532389324,397.4031303405762,True,4.157156073292654,3,0.5977876394759304,22.828545499823218,0.45250777965034794,True,574.5,0.021693408095652972,0.02347744129199656,False,12.636018772574054,84.0,True,True,5,True,True,True,True,True,True,True,True,8,True,False,,Saregama India Ltd,Media Entertainment & Publication,EQ,INE979A01025,WAIT,"Stage 2 + RS 84; wait because price is more than 20% above the 30-week line (currently +25%) — the guide treats that as poor entry timing, not a failed trend."
SCHAEFFLER,2026-08-21,4017.89990234375,-0.01736408366448461,0.04167215754067577,0.020315523549322423,0.008780270485438502,0.007207956849293495,4037.7132863011852,0.6482951117792402,Stage 1 — Basing,4123.758856081495,4445.0,False,3489.687030472257,1.0138762658731015,0.9397352368921915,280264920.9215576,4125.1200341796875,True,-0.4907080456816093,False,-9.608551128374575,False,False,True,True,False,False,False,False,4024.471728515625,3986.8406677246094,True,2.3203294728825195,3,0.5615232945155184,10.812822360436893,1.103583466132649,False,4429.0,0.17075429420542695,0.19469028291048854,False,10.231715763163841,43.0,True,False,2,False,True,True,True,False,False,True,False,4,False,False,2.0,Schaeffler India Ltd.,Automobile and Auto Components,EQ,INE513A01022,AVOID,Stage 1 + RS 43; weak RS in a basing stage is AVOID.
SCHNEIDER,2026-08-24,1158.4000244140625,-0.11410213670661651,0.2917038806667396,0.5775569163439318,0.3461941015851975,0.19745012503652715,1132.4376734903415,3.970988994507274,Stage 2 — Advancing,1349.5882400811888,1548.0,False,571.8499755859375,1.1957125624688036,0.678127266537397,660246453.7761841,1352.256005859375,True,2.2926074901501003,False,-25.167957079194924,True,False,True,True,True,False,False,False,1118.2676688639324,1020.5462524414063,True,5.765341988731709,2,0.9637874631574886,25.710594315245476,1.3208952068791084,False,1548.0,0.04926898356838868,0.06533074288498125,False,33.63259386868569,74.0,True,True,4,True,True,True,True,False,True,False,True,6,False,False,,Schneider Electric Infrastructure Ltd.,Capital Goods,EQ,INE839M01018,REDUCE,Stage 2 + RS 74; distribution warning (U/D 0.68) triggers REDUCE.
SENCO,2026-08-21,344.3999938964844,-0.0008678983155707698,0.05999686283055339,0.08011752056380161,-0.10107074493333168,0.007461568365976359,335.18604841561154,0.5342313908037744,Stage 2 — Advancing,359.07895017137713,428.75506028088586,False,275.20093917748864,0.5858098122573525,1.5046942517667317,997846052.9706863,359.51312072753905,True,2.7489048319362164,False,-19.674418846307915,True,False,True,True,False,False,False,False,334.46324076334633,330.95867263793946,True,4.945614285852807,1,1.9769360390434283,25.79069436738154,1.0746163533286353,False,428.75506028088586,0.014636446728760804,0.018059257024330474,False,24.493341428384554,43.0,True,False,3,True,True,True,True,False,False,True,False,5,False,False,,Senco Gold Ltd.,Consumer Durables,EQ,INE602W01027,WAIT,Stage 2 + RS 43; wait because the close is below its 50-session average — short-term timing has weakened even though the 30-week trend is intact.
STYL,2026-08-21,392.54998779296875,,,,,,285.4664881212958,3.5314038809584503,Stage 2 — Advancing,353.86682248583026,,False,,0.38669461240749237,1.5148303090374489,70713071.04289551,355.38328369140623,False,37.51175851722839,True,,True,True,True,True,False,False,False,False,284.183273824056,288.0435746002197,False,4.948548437568567,2,1.2726381725844509,35.79578684340283,0.7792892302043923,False,431.1268868805509,0.01668274415369013,,False,9.827257747343921,,True,False,4,True,False,False,True,True,False,False,False,3,False,False,,Seshaasai Technologies Ltd.,Financial Services,EQ,INE04VU01023,WAIT,"Stage 2 + RS unavailable; wait because price is more than 20% above the 30-week line (currently +38%) — the guide treats that as poor entry timing, not a failed trend."
SHAILY,2026-08-21,3321.0,0.2065395095367848,0.6425144467577772,0.34051833814079036,0.6518193786425475,0.40958623652293696,2543.8082763671873,3.58200333842027,Stage 2 — Advancing,2996.9627326516543,3615.199951171875,False,1770.9000244140625,0.3894180937330839,2.193727790306742,667243247.4350342,2997.4619873046877,False,30.552291650796892,True,-8.137861118207567,True,True,True,True,False,False,False,False,2527.2813346354164,2501.2515026855467,True,4.168710886250108,2,0.9671401667048553,27.30969412931336,0.6321307784919584,False,3615.199951171875,0.14113716738573617,0.14601908460125648,False,8.858776006379854,89.0,True,True,5,True,True,True,True,True,True,True,True,8,True,False,,Shaily Engineering Plastics Ltd.,Consumer Durables,EQ,INE151G01028,WAIT,"Stage 2 + RS 89; wait because price is more than 20% above the 30-week line (currently +31%) — the guide treats that as poor entry timing, not a failed trend."
SHAKTIPUMP,2026-08-24,493.8999938964844,-0.020091612064388475,-0.07942753586504125,-0.2635009233022484,-0.4152299361411347,-0.15966832388744026,540.8205152537724,-2.1553383413929983,Stage 4 — Declining,541.6876932779948,912.1978482724178,False,455.4704698872696,0.41276497006218427,0.3953905809863822,181549725.62091216,541.6165057373047,True,-8.675802791111076,False,-45.85604484467205,False,False,True,False,True,True,False,False,544.0226017252604,582.4581002807618,False,1.8670640051327225,3,0.42503605578266374,20.847614824647657,0.29156742140523795,False,620.7014314281929,0.021006517757992678,0.038078914951102154,False,25.673504575560813,11.0,True,False,1,False,False,False,False,False,False,False,False,0,False,False,,Shakti Pumps (India) Ltd.,Capital Goods,EQ,INE908D01010,SELL,Stage 4 takes precedence: the guide requires SELL regardless of RS.
SHARDACROP,2026-08-24,779.2999877929688,-0.11776894552182815,-0.3223937978051973,0.001527150235218322,-0.1760220402898316,-0.14648531578069338,964.4855797077047,-0.26427421971367826,Stage 4 — Declining,852.5156644933364,1282.80960014975,False,743.4273285628773,1.1120237482687003,0.3169769818731127,182219201.5988678,851.4602624511718,True,-19.20045211778676,False,-39.25053353966197,False,False,False,False,True,True,False,False,958.989766031901,926.0785556030273,False,2.397337759941932,2,1.0402376751869518,18.31219583717814,0.8117183008252186,False,926.6989212871135,0.03314512904368959,0.053285727492689755,False,18.914273810216354,13.0,True,False,0,False,True,False,False,False,False,False,False,1,False,False,,Sharda Cropchem Ltd.,Chemicals,EQ,INE221J01015,SELL,Stage 4 takes precedence: the guide requires SELL regardless of RS.
SHAREINDIA,2026-08-21,174.1300048828125,0.2046736140449108,0.23657764482763333,0.057731625087288574,0.11886334196256199,0.16450396799346112,146.94114869216392,1.2120351708070576,Stage 2 — Advancing,163.558292463714,209.3574059154358,False,115.03003922161069,0.07310395489077068,0.6677223076677412,98927299.60110474,164.1096597290039,False,18.503228287406536,False,-16.826441309103934,True,True,True,True,True,False,False,False,146.8439367167155,151.3934372329712,True,3.2832615328656263,2,1.233539564250618,32.70165586155939,0.1006233606962038,False,196.79549498357252,0.0074002456025367555,0.008613861007237057,False,13.016418460456403,71.0,True,True,5,True,False,True,True,True,True,True,True,7,False,False,,Share India Securities Ltd.,Financial Services,EQ,INE932X01026,REDUCE,Stage 2 + RS 71; distribution warning (U/D 0.67) triggers REDUCE.
SFL,2026-08-21,664.9500122070312,0.11822881105766014,0.18278583802088733,0.09263092441272991,-0.047562093350016044,0.09286245823978428,619.1701559132543,1.46941192709249,Stage 2 — Advancing,734.43311623966,832.4500122070312,False,456.183017738798,0.2981928320115939,0.8547484702989521,230235120.496579,735.0697839355469,True,7.393744006645986,False,-20.12132831326604,True,False,True,True,False,False,False,False,616.4043111165364,612.2808926391601,True,5.146465424420228,2,0.9611232813447022,20.589827845595025,0.6548072249966026,False,832.4500122070312,0.028259307791632365,0.0348693628275119,False,25.189863437110382,60.0,True,True,4,True,True,True,True,False,True,True,False,6,False,False,,Sheela Foam Ltd.,Consumer Durables,EQ,INE916U01025,HOLD,Stage 2 + RS 60; trend/leadership is adequate without a stronger entry trigger.
SHILPAMED,2026-08-24,855.7999877929688,0.7456399547026389,1.6697863683766476,1.4454920929869135,1.0115904307966392,1.1236297603130956,484.01917716248397,7.8436818032392885,Stage 2 — Advancing,654.3215667126226,866.6500244140625,True,259.5,1.5970920413244172,15.11266888155992,2498298068.1167936,656.752998046875,False,76.81117364192347,True,-1.251951343153701,True,True,True,True,False,False,True,True,478.5206658935547,442.5909991455078,True,4.482440645000989,3,0.9052042141612241,39.50268585667609,0.6556597420333855,False,866.6500244140625,0.03639882134647437,0.03639882134647437,True,1.2678238812640075,98.0,True,True,5,True,True,True,True,True,True,True,True,8,True,False,,Shilpa Medicare Ltd.,Healthcare,EQ,INE790G01031,WAIT,"Stage 2 + RS 98; wait because price is more than 20% above the 30-week line (currently +77%) — the guide treats that as poor entry timing, not a failed trend."
SCI,2026-08-24,288.45001220703125,-0.0880492464772602,0.10985001531749972,0.21976023636062259,0.4082732344455575,0.11235699863383189,279.2223333071356,1.9628929751984048,Stage 2 — Advancing,294.6509794347426,368.75,False,193.00434197829298,0.2902454781934249,0.7303096041414472,878260618.725357,294.3289990234375,True,3.3047782355380084,False,-21.77626787605932,True,False,True,True,False,False,False,False,277.1952648925781,264.82056343078614,True,3.1622241625330942,1,0.8576545872523302,21.151511452414773,0.3718132367087805,False,330.0,0.012268334437335854,0.015346566621663995,False,14.404571341514384,63.0,True,True,4,True,True,True,True,False,True,True,False,6,False,False,,Shipping Corporation of India Ltd.,Services,EQ,INE109A01011,HOLD,Stage 2 + RS 63; trend/leadership is adequate without a stronger entry trigger.
SHREECEM,2026-08-24,24020.0,-0.028346401574272484,-0.09208538778411368,-0.0908857717824818,-0.19511144131535785,-0.08695508080609968,25306.51969178082,-0.6536108514385353,Stage 4 — Declining,25875.206341911766,30583.60891452037,False,22491.53768306518,0.5252624414582864,0.3397003858791903,648119993.5,25897.4976953125,True,-5.083748012171984,False,-21.461198162928785,False,False,True,False,True,True,False,False,25360.019322916665,25658.01033203125,False,2.164862614487927,1,1.2925226898370943,13.321234119782213,0.9400109579951494,False,27550.0,1.0216168511488937,1.325254789856366,False,14.696086594504587,23.0,True,False,1,False,False,False,True,False,False,True,False,2,False,False,,Shree Cement Ltd.,Construction Materials,EQ,INE070A01015,SELL,Stage 4 takes precedence: the guide requires SELL regardless of RS.
RENUKA,2026-08-24,25.469999313354492,0.06792448243076032,0.09642702605505615,-0.07213119834437975,-0.12232946548625756,0.007563065417187903,24.328219113284593,-0.28657411978497693,Stage 3 — Topping,22.75117638531853,33.5,False,21.049999237060547,12.839527430167303,4.345747510489824,525537738.6799165,22.724999923706054,False,4.693233790575424,False,-23.970151303419428,True,True,False,False,False,False,False,False,24.314466603597005,24.899349946975708,False,4.515116051239416,2,2.4971221546702784,22.326590451735672,6.587429674855618,False,27.68000030517578,0.0010832881139581057,0.0014275403561403615,False,8.676878882609685,43.0,True,False,2,True,False,False,False,True,False,True,False,3,False,False,,Shree Renuka Sugars Ltd.,Fast Moving Consumer Goods,EQ,INE087H01022,SELL,Stage 3 + RS 43; RS below 50 in Stage 3 triggers SELL.
SHRIRAMFIN,2026-08-24,1119.0,0.19588713414405046,0.05993207627104935,0.35876576310036734,0.8384140242411151,0.3297772263801265,1007.1262896812126,0.9394059089656626,Stage 2 — Advancing,1057.4038265452666,1153.699951171875,False,559.901669759886,0.6031739881994221,1.9215645777966088,4890921069.4789,1058.6514721679687,False,11.108210704558118,False,-3.0077102054679283,True,True,True,True,False,False,False,False,1006.7156591796875,977.2293798828125,True,2.193924392394357,1,0.6123832865508765,15.48629505731906,0.5130422272095253,False,1153.699951171875,0.04759322466426361,0.048083711909268856,False,3.1009786570040276,86.0,True,True,5,True,True,True,True,True,True,True,True,8,True,False,,Shriram Finance Ltd.,Financial Services,EQ,INE721A01047,HOLD,Stage 2 + RS 86; trend/leadership is adequate without a stronger entry trigger.
SHYAMMETL,2026-08-21,984.9000244140625,0.05829175679452914,0.1636728112971857,0.19733497542757528,0.04234565013593716,0.1039873900899513,906.0560559502964,1.3983835448936999,Stage 2 — Advancing,990.2257187787225,1085.2199244205422,False,742.7285204868352,0.11838264239454764,0.6031683856396001,408106814.099353,990.441513671875,True,8.701886372921198,False,-9.244199977257683,True,False,True,True,True,False,False,False,902.6156465657552,882.1890292358398,True,2.1107602935271292,3,0.576072696050292,15.954124210358705,0.7159701984705649,True,1085.2199244205422,0.04185666955854959,0.04530589142913013,False,10.185795260403419,61.0,True,True,4,True,True,True,True,False,True,True,False,6,False,False,,Shyam Metalics and Energy Ltd.,Capital Goods,EQ,INE810G01011,REDUCE,Stage 2 + RS 61; distribution warning (U/D 0.60) triggers REDUCE.
ENRIN,2026-08-21,3435.60009765625,-0.03885855429955243,0.23823252963854413,0.032478396942173804,0.043562420113686606,0.04731124761905994,3168.469339304957,2.7061254731509665,Stage 2 — Advancing,3483.0097991344974,3968.0,False,2111.5907386684353,0.4586607232268904,1.8812783150364674,2771111485.1052613,3480.5319970703126,True,8.430908736831633,False,-13.417336248582412,True,False,True,True,False,False,False,False,3138.511539713542,3080.0796826171877,True,3.818006108611612,2,0.895572622149184,21.35348533713811,0.6421443115113622,False,3909.89990234375,0.1460074875198319,0.1709008296621905,False,13.805442752521312,52.0,True,True,4,True,True,True,True,False,True,True,False,6,False,False,,Siemens Energy India Ltd.,Capital Goods,EQ,INE1NPP01017,HOLD,Stage 2 + RS 52; trend/leadership is adequate without a stronger entry trigger.
SIEMENS,2026-08-24,4114.0,0.08461219755416605,0.2283741894915814,0.3066836497592309,0.3028539795127059,0.20142724277437007,3511.1226003986517,1.8799855223390116,Stage 2 — Advancing,3717.341456992953,4118.2001953125,True,2812.180840788319,3.625523970600451,2.6060485397259803,1774478129.7523682,3720.004541015625,False,17.17050266296305,False,-0.10199104252582858,True,True,True,True,False,False,True,True,3494.5400537109376,3402.007706298828,True,2.410410529946741,2,0.9469987523392983,17.889288102164794,1.33258815758672,False,4118.2001953125,0.17497634161642583,0.17497634161642583,True,0.10209517045454142,75.0,True,True,5,True,True,True,True,True,True,True,True,8,True,False,,Siemens Ltd.,Capital Goods,EQ,INE003A01024,WAIT,"Stage 2 + RS 75; wait because a breakout without leadership is not an entry: RS needs 80, short by 5."
SIGNATURE,2026-08-21,795.2999877929688,-0.032305151282677746,-0.21101191687205478,-0.2878761165640269,-0.29694128171675416,-0.17208792354363828,836.1423628065321,-0.910638675001274,Stage 4 — Declining,795.406862745098,1158.0,False,705.2000122070312,0.48650265534558296,1.1126998970850153,181756374.5361511,795.7869995117187,True,-4.884619752607067,False,-31.321244577463837,False,False,False,False,False,False,False,False,838.6760013834636,904.6030026245118,False,2.3167376126867523,2,0.8627687429258899,18.70824053452116,0.431550221264125,False,898.0,0.03379897244775976,0.04904550476262206,False,12.91336775850247,9.0,True,False,0,False,False,False,False,False,False,False,False,0,False,False,,Signatureglobal (India) Ltd.,Realty,EQ,INE903U01023,SELL,Stage 4 takes precedence: the guide requires SELL regardless of RS.
SKIPPER,2026-08-24,575.0,0.2498641783656801,0.5500740829712825,0.20330646155823007,0.06540571943102225,0.263702924138379,462.21551787277747,2.4465856265218244,Stage 2 — Advancing,541.9980408911612,593.0,False,327.04998779296875,4.367739085825808,2.7409850662600124,412734363.9503784,541.8440014648437,False,24.40084284627282,True,-3.0354131534570006,True,True,True,True,False,False,False,False,458.8233339436849,456.6344999694824,True,3.8111818680852094,2,1.5223727393290853,15.126477606581998,1.3355731245618743,False,593.0,0.024455857177794083,0.0255426129946274,False,3.1304347826087042,80.0,True,True,5,True,True,True,True,True,True,True,True,8,True,False,,Skipper Ltd.,Capital Goods,EQ,INE439E01022,WAIT,"Stage 2 + RS 80; wait because price is more than 20% above the 30-week line (currently +24%) — the guide treats that as poor entry timing, not a failed trend."
SMARTWORKS,2026-08-24,550.5,0.22021502260357195,0.283366323193629,0.038679245283018915,0.12095294880522522,0.1766857124978034,446.9571911537484,0.7827597448292867,Stage 2 — Advancing,481.7362718769148,619.0,False,361.5,3.2074775515680547,1.8283871456513954,61446198.94062195,481.9729974365234,False,23.16615794433745,True,-11.066235864297258,True,True,True,True,False,False,False,False,446.8566660563151,459.9859994506836,False,3.3112760182251115,2,2.123919300861927,18.909912109375,1.1744162309964699,False,555.0,0.023413825002392422,0.02603719704471748,False,0.8174386920980936,72.0,True,True,5,True,False,False,True,True,True,True,True,6,False,False,,Smartworks Coworking Spaces Ltd.,Services,EQ,INE0NAZ01010,HOLD,Stage 2 + RS 72; trend/leadership is adequate without a stronger entry trigger.
SOBHA,2026-08-21,1294.5999755859375,-0.06488274798143268,-0.1414092291341249,-0.14988787400847692,-0.14423541443369248,-0.11305960270783194,1379.0975535425646,-0.6952826007713075,Stage 4 — Declining,1392.463077320772,1724.929636640264,False,1125.387113140645,0.23853454094748497,0.36914024318723854,121683312.07212524,1393.7631616210938,True,-6.127019639732767,False,-24.947664641701106,False,False,True,False,True,True,False,False,1380.1389388020834,1415.538331298828,False,2.5297409837429825,1,1.0704078112708224,18.691888425777492,0.5025215397775589,False,1559.5,0.05501842019025668,0.07203006819392631,False,20.461921011095985,18.0,True,False,1,False,False,False,False,False,False,True,False,1,False,False,,Sobha Ltd.,Realty,EQ,INE671H01015,SELL,Stage 4 takes precedence: the guide requires SELL regardless of RS.
SOLARINDS,2026-08-24,19925.0,0.09953522821801264,0.5013760086983736,0.49149197078157636,0.34299576943694654,0.3069868410705844,16235.363635755564,2.7494768844743556,Stage 2 — Advancing,18535.570427389706,20422.0,True,11639.12322904721,0.48494609193042565,1.3791043248372534,2778030134.85,18560.945859375,False,22.725923773697644,True,-2.4336499853099602,True,True,True,True,False,False,False,False,16141.959993489583,15339.529750976562,True,3.057895680229432,2,1.053854111001348,17.627752045967668,1.7103539383633672,False,20422.0,0.8474486161174731,0.8639934417657573,False,2.4943538268506815,84.0,True,True,5,True,True,True,True,True,True,True,True,8,True,False,,Solar Industries India Ltd.,Chemicals,EQ,INE343H01029,WAIT,"Stage 2 + RS 84; wait because price is more than 20% above the 30-week line (currently +23%) — the guide treats that as poor entry timing, not a failed trend."
SONACOMS,2026-08-24,813.5,0.3740875462779827,0.5409660519744273,0.6182586967212811,0.820338652721883,0.5455476987947114,604.3660648293691,4.059067100496483,Stage 2 — Advancing,710.3005311255362,844.0,False,399.83497257584986,0.6444039330120462,1.6442659568668256,2008762300.395935,712.6141076660156,False,34.60385143061859,True,-3.6137440758293837,True,True,True,True,False,False,False,False,600.2234838867188,571.0200521850586,True,2.823338737625121,1,0.9645455642763071,30.108355125424414,0.7859911035771422,False,844.0,0.0345997214158878,0.03521307555354077,False,3.74923171481254,93.0,True,True,5,True,True,True,True,True,True,True,True,8,True,False,,Sona BLW Precision Forgings Ltd.,Automobile and Auto Components,EQ,INE073K01018,WAIT,"Stage 2 + RS 93; wait because price is more than 20% above the 30-week line (currently +35%) — the guide treats that as poor entry timing, not a failed trend."
SONATSOFTW,2026-08-24,306.75,0.1651045328174452,0.1554008315965778,-0.1299220688837318,-0.1562056290767524,0.039896439854196816,274.8851326720355,-0.10915625855176803,Stage 3 — Topping,299.34301368862975,411.02636935916286,False,203.57848075867477,0.15338495976208325,1.981425839215067,639160968.1653595,300.21264892578125,False,11.592066481813813,False,-25.369751707595224,True,True,True,False,False,False,False,False,275.78668192545575,294.5487492370605,False,4.322693658800023,2,0.46203153770055955,28.18449588074663,0.21690950402736817,False,358.1232364456742,0.01304666815528406,0.016605716286444156,False,16.747591343333077,50.0,True,True,4,True,False,False,True,True,True,False,False,4,False,False,,Sonata Software Ltd.,Information Technology,EQ,INE269A01021,REDUCE,Stage 3 with RS 50; the guide requires REDUCE when RS is 50 or higher.
SOUTHBANK,2026-08-21,44.970001220703125,0.10734307252107556,0.12993626372952272,0.1891106637216835,0.5254328503328751,0.21183318456524652,41.79286104399583,0.44720566628815295,Stage 2 — Advancing,45.877862518908934,49.41417107532308,False,27.836319281468388,0.26611132599435855,0.8150502310672919,324574598.5061579,45.87130546569824,True,7.60211217260931,False,-8.993715280269733,True,False,True,True,False,False,False,False,41.87063774108887,41.17059516906738,True,1.6578257344000473,2,0.41496979760564384,13.807617024037972,0.35068026616373993,True,49.41417107532308,0.0019111528424038354,0.0020761103936929215,False,9.882521089579077,75.0,True,True,4,True,True,True,True,False,True,True,True,7,False,False,,South Indian Bank Ltd.,Financial Services,EQ,INE683A01023,HOLD,Stage 2 + RS 75; trend/leadership is adequate without a stronger entry trigger.
STARCEMENT,2026-08-21,194.6199951171875,-0.09601002746780574,-0.08834551708733529,-0.1287368784028443,-0.3339983629077249,-0.1486201626667032,212.3509265768117,-0.5133856476061238,Stage 4 — Declining,205.5784304749732,307.54132736825795,False,191.5,0.5184561163814738,0.4537721512443398,40441497.921569824,205.31859893798827,True,-8.34982533180073,False,-36.71744972208418,False,False,False,False,True,True,False,False,212.3690571085612,215.46497482299804,False,2.135297526793437,2,1.233512172083716,12.954545454545455,0.6965209301897265,False,220.0,0.00827103728619863,0.013029421526401588,False,13.040800287519438,13.0,False,False,0,False,False,False,False,False,False,False,False,0,False,False,,Star Cement Ltd.,Construction Materials,EQ,INE460H01021,SELL,Stage 4 takes precedence: the guide requires SELL regardless of RS.
STARHEALTH,2026-08-21,578.5,0.09845243175223328,0.2760560101722118,0.17724869187089087,0.3141753383866892,0.1928769807868517,519.6231047531654,1.8900520520575448,Stage 2 — Advancing,581.1098034428616,624.9000244140625,False,416.54998779296875,0.29181877664327244,1.7704732647114205,311221290.8584778,582.34,True,11.330692324546,False,-7.4251916468669465,True,False,True,True,False,False,False,False,516.87866800944,505.68900115966795,True,2.2329929331553275,2,0.4671240634194723,16.78668912077928,0.5434865391312383,True,624.9000244140625,0.024585321087819446,0.02613735402087711,False,8.020747521877691,74.0,True,True,4,True,True,True,True,False,True,True,True,7,False,False,,Star Health and Allied Insurance Company Ltd.,Financial Services,EQ,INE575P01011,HOLD,Stage 2 + RS 74; trend/leadership is adequate without a stronger entry trigger.
SBIN,2026-08-24,1039.5,0.0951327292790567,-0.1349325334285265,0.09029166022491242,0.2964619369122312,0.0884173044533461,1047.2299361555545,0.2777799390295099,Stage 1 — Basing,1041.0274430817249,1212.8384373028666,False,784.3618392231308,0.8571750246710346,1.3913777155178506,10827884033.349842,1041.4309924316406,True,-0.7381317023777534,False,-14.291964368175858,False,False,False,True,False,False,False,False,1046.4923954264323,1025.2639157104493,True,1.9824099640645398,1,1.1125246015419459,11.00044572761505,0.6943226412796296,False,1124.5,0.04421193658489904,0.05156236970387502,False,8.177008177008172,59.0,True,True,2,False,True,True,False,False,True,True,False,4,False,False,3.0,State Bank of India,Financial Services,EQ,INE062A01020,WATCH,Stage 1 + RS 59; adequate RS in a basing stage remains WATCH.
SAIL,2026-08-24,179.64999389648438,-0.10715179214740778,0.1215507685788959,0.3601604437155983,0.491852715185064,0.15185206863694856,170.87657520869007,0.873046454862747,Stage 2 — Advancing,170.41117619533165,209.6999969482422,False,116.63813628480024,3.0217098285379045,2.43195983451414,3353987897.859613,170.16919982910156,False,5.134360094167034,False,-14.329996895123799,True,True,False,True,False,False,False,False,170.2745330810547,162.30149990081787,True,3.2746202095706263,2,1.2100336993877732,14.125002985415252,1.0789557117184538,False,184.0,0.007640860161259131,0.009140317731991431,False,2.4213783753436413,69.0,True,True,4,True,True,True,False,True,True,True,False,6,False,False,,Steel Authority of India Ltd.,Metals & Mining,EQ,INE114A01011,HOLD,Stage 2 + RS 69; trend/leadership is adequate without a stronger entry trigger.
SWSOLAR,2026-08-21,192.1699981689453,-0.022234635526955815,-0.06641079679434958,-0.1589198102134648,-0.3108481478834635,-0.1161296051890379,202.32544797700027,0.09263035441429146,Stage 1 — Basing,220.21313715916054,284.75,False,148.0,0.31417886044468296,0.6840542149535461,135380035.30542296,220.45279998779296,True,-5.0193635598471005,False,-32.51273110835986,False,False,True,True,True,False,False,False,202.13099965413411,206.14394981384277,False,2.26324905663241,2,0.374932323875913,26.6104283530781,0.22142436477606137,False,260.79998779296875,0.008166916349920821,0.01211980116078211,False,35.71316557108344,17.0,True,False,2,False,False,False,True,False,False,False,False,1,False,False,3.0,Sterling and Wilson Renewable Energy Ltd.,Construction,EQ,INE00M201021,AVOID,Stage 1 + RS 17; weak RS in a basing stage is AVOID.
STLTECH,2026-08-24,658.5,0.49268958202573776,2.9882502426610458,5.1204574998957595,4.046363493597191,2.6280900800410945,387.81678045612495,10.12730021199455,Stage 2 — Advancing,590.2784322102865,683.5,False,84.5999984741211,0.9195187265233741,1.4651262478390787,1263192619.9616973,589.9080010986328,False,69.7966754366624,True,-3.657644476956845,True,True,True,True,False,False,False,False,379.93713292439776,310.7637495803833,True,4.771666811789849,2,0.7993139032334515,27.980980248719824,0.5872832893985318,False,683.5,0.02800727295926505,0.028962960578781408,False,3.796507213363709,99.0,True,True,5,True,True,True,True,True,True,True,True,8,True,False,,Sterlite Technologies Ltd.,Telecommunication,BE,INE089C01029,WAIT,"Stage 2 + RS 99; wait because price is more than 20% above the 30-week line (currently +70%) — the guide treats that as poor entry timing, not a failed trend."
STAR,2026-08-24,993.5999755859375,-0.1343629851970396,0.15941062655844074,0.12251496874686052,0.1533825256596857,0.03331643011418156,998.9013467030983,0.5576627279268331,Stage 1 — Basing,1048.4113075405944,1225.262710817159,False,765.0675335548549,0.7160704174869745,2.049917555102448,543516072.4629364,1047.774697265625,True,-0.5307201892016722,False,-18.907188898021687,False,False,True,True,False,False,False,False,994.9457682291667,974.4386297607422,True,3.5793370261335467,1,1.783239421476993,18.62404155879334,3.0944231100056623,False,1144.4411907797362,0.042259720164851085,0.05157396546199203,False,15.181282095427374,50.0,True,True,3,False,True,True,True,False,False,True,False,4,False,False,2.0,Strides Pharma Science Ltd.,Healthcare,EQ,INE939A01011,WATCH,Stage 1 + RS 50; adequate RS in a basing stage remains WATCH.
STYRENIX,2026-08-21,2081.60009765625,-0.043294933776417244,0.07902980342542687,0.04362792123799819,-0.1819606845321703,-0.029178565484315945,2133.7752466662178,0.9985826319593549,Stage 1 — Basing,2282.953728170956,2678.51238334573,False,1761.8624901691985,0.7433742312153189,0.9643756397933035,207383712.36029053,2286.387490234375,True,-2.4452035935596084,False,-22.28521657771382,False,False,True,True,False,False,False,False,2124.5028548177083,2097.544228515625,False,3.9174395294868463,2,0.8578995911955329,21.312792012364977,0.674877235728406,False,2625.9669159348305,0.08846466167210928,0.11806142275691915,False,26.15136398636333,35.0,True,False,2,False,True,False,True,False,False,True,False,3,False,False,2.0,Styrenix Performance Materials Ltd.,Chemicals,EQ,INE189B01011,AVOID,Stage 1 + RS 35; weak RS in a basing stage is AVOID.
SUBROS,2026-08-21,733.1500244140625,0.025815043923193226,-0.08885850721506594,-0.1373690983012852,-0.14858920295378608,-0.06463734412475015,764.2793078192349,-0.4719103813080494,Stage 4 — Declining,795.4774516984528,1213.699951171875,False,622.0999755859375,0.10297769285497378,0.9838851072607261,48762808.93392029,796.9560009765624,True,-4.073024493361654,False,-39.59379962846853,False,False,True,False,False,False,False,False,765.2599975585938,793.5337490844727,False,2.7148028192448197,3,0.4898310711506969,19.467651639968857,0.1770613872128125,False,897.9000244140625,0.03115769879993499,0.052517468663514,False,22.471526224345297,28.0,False,False,1,False,False,False,True,False,False,False,False,1,False,False,,Subros Ltd.,Capital Goods,EQ,INE287B01021,SELL,Stage 4 takes precedence: the guide requires SELL regardless of RS.
SUDARSCHEM,2026-08-21,1215.0999755859375,0.2427103074953325,0.35336030147248865,0.19099127081716327,-0.14345166100229445,0.17726410525560451,918.9650611877441,1.6962263230808627,Stage 2 — Advancing,1002.3889746572457,1595.8711433648984,False,723.169537946061,2.1279423712695023,3.979585003453905,627642454.9969208,1004.8722155761719,False,32.22482844075103,True,-23.859768964560878,True,True,True,True,False,False,False,False,917.688291015625,936.2320327758789,False,4.527283334756552,1,2.3588665568968596,29.95496838770968,3.725224497460767,False,1220.9000244140625,0.05163979784543102,0.06608234219022123,False,0.4773309970093731,72.0,True,True,5,True,False,False,True,True,True,True,True,6,False,False,,Sudarshan Chemical Industries Ltd.,Chemicals,EQ,INE659A01023,HOLD,Stage 2 + RS 72; trend/leadership is adequate without a stronger entry trigger.
SUDEEPPHRM,2026-08-21,1111.800048828125,,,,,,736.8529271619074,5.232281491973745,Stage 2 — Advancing,899.6523461435355,,False,,0.5378245793617145,3.827785237578007,423539538.2062073,902.6818518066407,False,50.8849334575326,True,,True,True,True,True,False,False,False,False,730.6523620605469,,False,5.989644790871665,3,1.1907633409302232,36.172188011406384,1.1476853149483528,False,1180.0,0.04724971682954674,,False,6.134192136774952,,True,False,4,False,False,False,False,True,False,False,False,1,False,False,,Sudeep Pharma Ltd.,Chemicals,EQ,INE0QPI01025,WAIT,"Stage 2 + RS unavailable; wait because price is more than 20% above the 30-week line (currently +51%) — the guide treats that as poor entry timing, not a failed trend."
SUMICHEM,2026-08-24,523.4500122070312,0.11831178076657944,0.29606495161294344,0.17939291183375472,-0.12262864242099603,0.11789055651177222,453.9762934854586,1.8260082625352059,Stage 2 — Advancing,504.127295998966,615.9651099206416,False,361.7279903344155,0.16233378734558251,1.2347587656958645,300235719.3844345,504.7416674804688,False,15.303380312698645,False,-15.019535396335936,True,True,True,True,False,False,False,False,453.2049342854818,454.05601028442385,True,3.6536465054848186,2,0.6017713244375993,28.230006645685908,0.2941475077528811,False,572.0499877929688,0.022263336936086477,0.02576596408330579,False,9.284549518114371,64.0,True,True,5,True,False,True,True,True,True,True,False,6,False,False,,Sumitomo Chemical India Ltd.,Chemicals,EQ,INE258G01013,HOLD,Stage 2 + RS 64; trend/leadership is adequate without a stronger entry trigger.
SPARC,2026-08-24,195.0399932861328,-0.07021981544699774,0.5297254375382965,0.46086436454872626,0.335158754390636,0.23706178511673268,176.58000031562702,2.4641482009530424,Stage 2 — Advancing,225.63725520115273,289.0,False,108.0,0.1823896328194533,0.5039694856737421,176851360.08226776,225.56940032958985,True,10.45418107232392,False,-32.512113049781036,True,False,True,True,True,True,False,False,175.31540028889975,165.58135025024413,True,3.8710002830176435,2,0.6805517830991601,33.605534642625436,0.23400467608420436,False,289.0,0.008295426469154054,0.01202583071582779,False,48.174738488646,77.0,True,True,4,True,True,True,True,False,True,False,True,6,False,False,,Sun Pharma Advanced Research Company Ltd.,Healthcare,EQ,INE232I01014,REDUCE,Stage 2 + RS 77; distribution warning (U/D 0.50) triggers REDUCE.
SUNPHARMA,2026-08-24,1910.0,0.03816855482652515,0.10578917529845966,0.0823479020461424,0.17398292633479828,0.08769142266649013,1808.2428354759738,0.9154013997419774,Stage 2 — Advancing,1912.1025677849266,2046.9000244140625,False,1533.9890668325556,1.1156475148605274,0.7753090368871788,4266463034.722284,1914.3190356445311,True,5.62740592843225,False,-6.6881637002887295,True,False,True,True,False,False,False,False,1803.2039615885417,1788.141099243164,True,1.576289745436378,3,0.7291895810025482,12.65258596534394,0.6890362126883869,False,2046.9000244140625,0.08123597775580295,0.08568718283270962,False,7.167540545238871,59.0,True,True,4,True,True,True,True,False,False,True,False,5,False,False,,Sun Pharmaceutical Industries Ltd.,Healthcare,EQ,INE044A01036,HOLD,Stage 2 + RS 59; trend/leadership is adequate without a stronger entry trigger.
SUNTV,2026-08-21,472.04998779296875,-0.08060888508804276,-0.18247196602901306,-0.10570283528134794,-0.16168927144990297,-0.1222163685872699,540.4807105754984,-0.800650782307677,Stage 4 — Declining,495.9906436695772,653.9340000086492,False,470.70001220703125,0.9600916527318171,2.001664613016799,236754808.4690918,495.72187377929686,True,-12.661085112485381,False,-27.81381794084338,False,False,False,False,False,False,False,False,540.4172076416015,542.8471406555176,False,2.2979297309580202,1,2.0472153746003996,10.43876346538358,2.60758014616504,False,525.5622079593558,0.020061366498515792,0.028954699172209497,False,11.336134212518267,17.0,True,False,0,False,False,False,False,False,False,False,False,0,False,False,,Sun TV Network Ltd.,Media Entertainment & Publication,EQ,INE424H01027,SELL,Stage 4 takes precedence: the guide requires SELL regardless of RS.
SUNDARMFIN,2026-08-21,4534.5,0.016730862017602988,-0.11965795923335454,-0.0278621449712535,-0.12350297691576007,-0.04751227141703243,4728.614081021013,-0.8085673270850413,Stage 4 — Declining,4525.138260186887,5612.405266256894,False,3979.0182224383775,0.4155097492522093,2.285341005357948,277493516.15175784,4532.89734375,False,-4.105094594209291,False,-19.205763217733306,False,True,False,False,False,False,False,False,4738.961964518229,4772.032047119141,True,2.7037150324693227,3,0.6277425239761296,14.82890832145558,0.47906764416974507,False,4965.2998046875,0.19270896883788638,0.24461500520510918,False,9.500491888576468,32.0,True,False,1,False,False,True,False,True,False,True,False,3,False,False,,Sundaram Finance Ltd.,Financial Services,EQ,INE660A01013,SELL,Stage 4 takes precedence: the guide requires SELL regardless of RS.
SUNTECK,2026-08-24,307.3500061035156,0.06644688787427189,-0.23401867637753115,-0.26286126128974696,-0.20824765593234573,-0.11444676357021603,329.6376731559022,-2.1223734229477875,Stage 4 — Declining,310.82843316770067,472.5,False,270.75,1.3309619263863999,0.6628410263174721,49873987.686476134,311.0800018310547,True,-6.761262096958676,False,-34.952379660631614,False,False,False,False,True,False,False,False,331.3963354492187,353.0392515563965,False,2.032350518729313,2,0.5962371354277812,15.670553935860058,0.43012643624024754,False,343.0,0.013072187570194292,0.019866366580077,False,11.59915184269671,18.0,False,False,0,False,False,False,False,False,False,False,False,0,False,False,,Sunteck Realty Ltd.,Realty,EQ,INE805D01034,SELL,Stage 4 takes precedence: the guide requires SELL regardless of RS.
SUPREMEIND,2026-08-24,3601.0,0.019815457305392803,-0.08454991915633359,0.05650801218468948,-0.21580118220275413,-0.04084243491272253,3597.922742869756,0.2245111178821757,Stage 2 — Advancing,3436.662257774203,4618.780107201862,False,3140.0,0.616186680552926,2.69221862824377,704305538.6352295,3434.89404296875,False,0.08552871615552515,False,-22.035690887619474,True,True,False,True,False,False,False,False,3592.5145914713544,3555.4073876953125,False,2.18014759664974,1,0.6391238319306057,14.55549583820244,0.9304028459478726,False,3674.89990234375,0.15315746382128084,0.2005373033786376,False,2.0522050081574594,34.0,True,False,3,True,True,False,False,True,False,True,False,4,False,False,,Supreme Industries Ltd.,Capital Goods,EQ,INE195A01028,WAIT,Stage 2 + RS 34; wait because relative strength is below 50 — the trend has turned up but the stock still lags most of the universe.
SPLPETRO,2026-08-21,697.7999877929688,0.023697680992563086,0.06584266956192764,0.07395533459972548,-0.14160792077185913,0.009117089074984031,692.6873846646013,1.7489804638686435,Stage 2 — Advancing,718.0720071231617,965.127357372077,False,457.2664603074991,0.2171928892300274,0.6048497711172288,132944616.25428772,718.5443371582031,True,0.7380823213408272,False,-27.69866251714258,True,False,True,True,True,False,False,False,686.9392458089193,672.3199244689941,False,2.683946257922959,2,0.627572349245728,13.453688932039713,0.6234124657126073,False,783.7999877929688,0.029655379005992438,0.037765366407796694,False,12.324448481577722,44.0,True,False,3,True,True,False,True,False,True,False,False,4,False,False,,Supreme Petrochem Ltd.,Chemicals,EQ,INE663A01033,REDUCE,Stage 2 + RS 44; distribution warning (U/D 0.60) triggers REDUCE.
SUPRIYA,2026-08-21,805.4500122070312,0.09749282656052971,0.18806696320416072,0.0839053137795227,0.1605062875703831,0.1254928435350252,759.0420692180766,0.7424737469792664,Stage 2 — Advancing,883.2500035903033,1085.0,False,545.5,0.3290006939917229,0.46813087163266764,299050700.81062317,881.3720031738281,True,6.114014607485663,False,-25.76497583345334,True,False,True,True,True,True,False,False,758.2363334147135,756.7232489013672,True,5.420218191952319,1,2.2049501639749347,29.021276182456745,0.9690153778731834,False,1043.199951171875,0.03423033218720476,0.04690713887169738,False,29.517652909754123,65.0,True,True,4,True,True,True,True,False,True,False,False,5,False,False,,Supriya Lifescience Ltd.,Healthcare,EQ,INE07RO01027,REDUCE,Stage 2 + RS 65; distribution warning (U/D 0.47) triggers REDUCE.
SURYAROSNI,2026-08-21,219.8000030517578,-0.06949721901697192,0.00019629237245477604,-0.1346813696853173,-0.24256529140397987,-0.10320896135015725,235.2385573814655,-0.9718649131852497,Stage 4 — Declining,243.9028024112477,308.0746845932235,False,185.2067002350832,0.6297779660468363,0.5573865399716407,198238634.75290984,243.58083526611327,True,-6.562935303447026,False,-28.65366287983774,False,False,True,False,True,True,False,False,235.67547271728515,243.31694259643555,False,4.045445220632357,1,2.524533209790285,21.38946039543488,1.5559813611560744,False,272.6349359946929,0.00934114719123796,0.013094689048178475,False,24.03773075949125,20.0,True,False,1,False,False,False,True,False,False,False,False,1,False,False,,Surya Roshni Ltd.,Capital Goods,EQ,INE335A01020,SELL,Stage 4 takes precedence: the guide requires SELL regardless of RS.
SUZLON,2026-08-24,47.04999923706055,-0.12465117698492001,0.06616809649377209,-0.13843620744911667,-0.19586394485085945,-0.10348688195520883,49.908082152066164,-0.09991957364303694,Stage 4 — Declining,52.38548996869255,61.5,False,38.189998626708984,0.41064620846494393,0.39966849432343293,3170769955.565364,52.321799774169925,True,-5.726693536925054,False,-23.495936199901546,False,False,True,False,True,True,False,False,49.82279996236166,50.71849992752075,False,2.0358281561958425,2,0.5098762086780038,24.019851570730765,0.5345066955820899,False,60.45000076293945,0.002001127063577171,0.002571673717678718,False,28.480343768685845,20.0,True,False,1,False,False,False,True,False,False,True,False,2,False,False,,Suzlon Energy Ltd.,Capital Goods,EQ,INE040H01021,SELL,Stage 4 takes precedence: the guide requires SELL regardless of RS.
SWANCORP,2026-08-21,303.8500061035156,-0.044797232714804736,-0.25113984940599965,-0.3391691731833445,-0.34082586667512327,-0.20414587093881537,338.1358632054822,-2.2404285862083317,Stage 4 — Declining,313.46470672009036,506.0,False,295.6499938964844,0.5547758725197021,0.9434645611921963,259478574.665123,313.4030010986328,True,-10.139668941632307,False,-39.95059167914711,False,False,False,False,False,False,False,False,340.59600118001305,369.621750793457,False,1.9699566541210696,3,0.48043768131746967,13.77964013261115,0.9879765727736246,False,345.79998779296875,0.012913137359707571,0.02106069241191567,False,13.806148048969135,6.0,True,False,0,False,False,False,False,False,False,False,False,0,False,False,,Swan Corp Ltd.,Chemicals,EQ,INE665A01038,SELL,Stage 4 takes precedence: the guide requires SELL regardless of RS.
SWIGGY,2026-08-24,284.25,0.1372274593740459,-0.09474522292993626,-0.2974542864260967,-0.3357092683932955,-0.09069077180024734,278.7793138059851,-1.3205015002640041,Stage 3 — Topping,267.2731359145221,474.0,False,235.75,0.4451709619120657,1.3281930521197387,6172875161.977064,267.4745983886719,False,1.9623716406096614,False,-40.03164556962025,True,True,False,False,False,False,False,False,280.1101985677083,307.0308987426758,False,3.0003767784014164,2,0.41874449719815265,22.704918032786885,0.5531385990129636,False,305.0,0.012089699830935595,0.019519599627115303,False,7.299912049252422,23.0,True,False,2,False,False,False,False,True,False,False,False,1,False,False,,Swiggy Ltd.,Consumer Services,EQ,INE00H001014,SELL,Stage 3 + RS 23; RS below 50 in Stage 3 triggers SELL.
SYNGENE,2026-08-21,407.25,-0.13142811321557868,-0.07747345970472974,-0.3509693753381389,-0.3884358892315093,-0.21594699014110708,431.24354732118803,-3.3336032783079395,Stage 4 — Declining,419.2414628571155,677.034031793237,False,375.25,0.8007449008493708,0.3872208492642214,695781496.7512252,418.4811724853516,True,-5.563804367678515,False,-39.84792774429214,False,False,False,False,True,True,False,False,437.1583428955078,488.3137031555176,False,2.4993422783478034,2,0.6701026514746665,18.863315302710312,0.6315109021848637,False,462.4911670966203,0.017307471068305047,0.028946455397617272,False,13.564436365038745,5.0,True,False,0,False,False,False,False,False,False,False,False,0,False,False,,Syngene International Ltd.,Healthcare,EQ,INE398R01022,SELL,Stage 4 takes precedence: the guide requires SELL regardless of RS.
SYRMA,2026-08-21,1439.300048828125,0.4061116430901468,0.7308652765913595,0.7236180151564997,0.9376323975303407,0.6408677950916988,1082.944407495959,5.283346565993874,Stage 2 — Advancing,1393.7569149241729,1541.423280918013,False,633.8515990037583,0.42859738750052145,2.072531896496549,2462654936.2449036,1396.3239428710938,False,32.90618048955534,True,-6.625255590344226,True,True,True,True,False,False,False,False,1069.145118001302,995.4660458374024,True,3.832456084614768,2,0.47340051483473666,18.535321294154876,0.988956483152742,False,1541.423280918013,0.06116794095445749,0.06391804135618848,False,7.095340000372863,95.0,True,True,5,True,True,True,True,True,True,True,True,8,True,False,,Syrma SGS Technology Ltd.,Capital Goods,EQ,INE0DYJ01015,WAIT,"Stage 2 + RS 95; wait because price is more than 20% above the 30-week line (currently +33%) — the guide treats that as poor entry timing, not a failed trend."
TARC,2026-08-21,124.06999969482422,-0.06227796852706036,-0.20944311351628841,-0.08408391004366433,-0.24678242608445133,-0.13297307733970495,133.02833313412137,-2.1867971736049485,Stage 4 — Declining,126.67921492632698,186.3000030517578,False,109.0999984741211,0.25888197182119743,1.0195191049864776,77803979.1655796,126.70619918823242,True,-6.734154467879572,False,-33.40311451291006,False,False,False,False,False,False,False,False,134.24066640218098,138.97744995117188,False,3.408213211151982,2,1.3937153199254444,19.171345921691977,0.3071036911766026,False,142.39999389648438,0.00527277576467228,0.007601825832702463,False,14.773913312441822,16.0,True,False,0,False,False,False,False,False,False,False,False,0,False,False,,TARC Ltd.,Realty,EQ,INE0EK901012,SELL,Stage 4 takes precedence: the guide requires SELL regardless of RS.
TBOTEK,2026-08-24,1703.5,0.42600036398330987,0.3009775227110536,-0.01571615643338853,0.18085403357094432,0.26362322556304585,1349.5815086887308,0.8714066604248227,Stage 2 — Advancing,1529.6058804381128,1764.800048828125,False,1004.2000122070312,0.4734721636119137,1.3477104803500441,585856715.0577759,1531.157998046875,False,26.2243139101054,True,-3.4734840850004445,True,True,True,True,False,False,False,False,1353.1926684570312,1424.4390020751953,True,3.4772948502164662,2,1.1516960473374536,19.480519480519483,0.5949032936672536,False,1732.5,0.07245313513456038,0.07310381376032578,False,1.7023774581743423,80.0,True,True,5,True,False,True,True,True,True,True,True,7,False,False,,TBO Tek Ltd.,Consumer Services,EQ,INE673O01025,WAIT,"Stage 2 + RS 80; wait because price is more than 20% above the 30-week line (currently +26%) — the guide treats that as poor entry timing, not a failed trend."
TDPOWERSYS,2026-08-24,780.0999755859375,0.20596416969152576,0.7583016510029665,1.0454794678394301,2.0188826044502517,0.84691841253514,540.1566285433835,5.381207557493672,Stage 2 — Advancing,619.1685264437806,798.8499755859375,True,245.9592098659939,0.515593510262094,4.777513995353732,2752798164.145691,619.5975708007812,False,44.421068698092014,True,-2.347124062468342,True,True,True,True,False,False,False,False,534.2974403889974,491.3649380493164,True,5.007142992386584,2,1.514700948131698,41.8481098627997,2.145757874521704,False,798.8499755859375,0.03317915406492233,0.03379713938885505,False,2.403538083168999,97.0,True,True,5,True,True,True,True,True,True,True,True,8,True,False,,TD Power Systems Ltd.,Capital Goods,EQ,INE419M01027,WAIT,"Stage 2 + RS 97; wait because price is more than 20% above the 30-week line (currently +44%) — the guide treats that as poor entry timing, not a failed trend."
TSFINV,2026-08-21,417.1499938964844,0.025344497639239183,0.012406021803674783,-0.1818801988097819,-0.1541157764561849,-0.05458019163676273,409.60841906317347,0.20276736644204707,Stage 2 — Advancing,435.46516448376224,684.5682054144123,False,328.50158671142503,0.3895000164964068,0.8249244724203713,26847115.130862426,436.3664886474609,True,1.8411669492925498,False,-39.06377909503449,True,False,True,True,False,False,False,False,409.21483744303384,425.5678269958496,False,3.191725588709283,3,1.1708463719748328,21.766875283264415,0.35214422002978407,False,493.45001220703125,0.017728204912233345,0.029060329076073817,False,18.290787349137716,30.0,False,False,3,False,False,False,True,False,False,False,False,1,False,False,,TSF Investments Ltd.,Financial Services,EQ,INE202Z01029,WAIT,Stage 2 + RS 30; wait because the close is below its 50-session average — short-term timing has weakened even though the 30-week trend is intact.
TVSMOTOR,2026-08-21,4390.0,0.2985476568183061,0.15437984015880124,0.2799164519229489,0.3427243831616431,0.27482319777600106,3684.890002020474,1.345696657307749,Stage 2 — Advancing,3872.0490243949143,4475.0,True,3226.7216075697747,0.7702831676954603,2.7904422058072487,5010820227.224317,3883.23400390625,False,19.135170862438343,False,-1.8994413407821265,True,True,True,True,False,False,False,False,3682.6887044270834,3663.0969873046874,True,1.5995763250488122,1,0.5247041571005647,25.5195530726257,0.5323298581831808,False,4475.0,0.18656795086521585,0.18810439798633127,False,1.9362186788154823,81.0,True,True,5,True,True,True,True,True,True,True,True,8,True,False,,TVS Motor Company Ltd.,Automobile and Auto Components,EQ,INE494B01023,HOLD,Stage 2 + RS 81; trend/leadership is adequate without a stronger entry trigger.
TVSSCS,2026-08-21,121.44000244140625,0.04879524554111336,-0.00743764645740741,0.06619842681752908,-0.08361003225048358,0.014548247838372958,119.4351388613383,1.2638954076349185,Stage 2 — Advancing,133.62156796922872,146.5,False,90.31999969482422,0.3177442698696809,0.7882509252693156,68292556.80997697,133.64879943847657,True,1.6786212158178548,False,-17.105800381292656,True,False,True,True,False,False,False,False,118.66559997558593,116.92400005340576,True,3.832580152618043,2,1.4618620996883385,17.815698617147504,1.1963119341254838,False,146.5,0.005161005104455575,0.00612491113851104,False,20.63570244959849,45.0,True,False,3,True,True,True,True,False,True,True,False,6,False,False,,TVS Supply Chain Solutions Ltd.,Services,EQ,INE395N01027,WAIT,Stage 2 + RS 45; wait because the close is below its 50-session average — short-term timing has weakened even though the 30-week trend is intact.
TMB,2026-08-21,878.5499877929688,0.2913497502333222,0.2951888606741151,0.8004182541631699,1.0996766207871467,0.5555966472182152,709.0701626481681,2.935793054630098,Stage 2 — Advancing,809.058822332644,917.0,False,405.09227596916213,0.675623779485109,1.93538750619559,608033542.1169465,809.8989990234375,False,23.901700293218298,True,-4.19302205093034,True,True,True,True,False,False,False,False,703.6387231445312,655.2480227661133,True,2.522826688250548,2,0.9351240790586833,20.828789531079607,0.3018964699423264,False,917.0,0.03733696377111494,0.038597424944874836,False,4.37653095911168,94.0,True,True,5,True,True,True,True,True,True,True,True,8,True,False,,Tamilnad Mercantile Bank Ltd.,Financial Services,EQ,INE668A01016,WAIT,"Stage 2 + RS 94; wait because price is more than 20% above the 30-week line (currently +24%) — the guide treats that as poor entry timing, not a failed trend."
TANLA,2026-08-21,570.4500122070312,0.10541619164980376,0.2704772248721876,-0.0012807965259276077,-0.07384136439907296,0.08123748944935892,509.28840647730334,1.663415153694614,Stage 2 — Advancing,564.2499976064645,750.0847124549373,False,361.8340643388348,0.21253703807956337,1.206242904650429,488941724.52551574,565.2609973144531,False,12.00922796432311,False,-23.948588374769464,True,True,True,True,False,False,False,False,507.1207218424479,517.6172103881836,False,3.4916032278237217,1,2.3841485208221083,22.370426829268293,0.45511200198561275,False,656.0,0.024243209532688652,0.03163914561519825,False,14.996929785658498,58.0,True,True,5,True,False,False,True,True,True,True,False,5,False,False,,Tanla Platforms Ltd.,Information Technology,EQ,INE483C01032,HOLD,Stage 2 + RS 58; trend/leadership is adequate without a stronger entry trigger.
TATACAP,2026-08-24,364.45001220703125,,,,,,336.33449272260276,0.23153217320242003,Stage 2 — Advancing,357.6192232019761,,False,,0.35840561886668904,1.9724910874382515,846553378.2168534,357.9689672851562,False,8.359392239801355,False,,True,True,True,True,False,False,False,False,336.9182873535156,335.89501693725583,False,2.433216789599456,3,0.3604305346769703,14.737466831035222,0.31041280135282445,True,390.20001220703125,0.015500760777357332,,False,7.0654408389407175,,True,False,4,True,True,False,True,True,False,False,False,4,False,False,,Tata Capital Ltd.,Financial Services,EQ,INE976I01016,WAIT,Stage 2 + RS unavailable; wait for a clearer entry trigger; no breakout setup is present.
TATACHEM,2026-08-21,626.75,-0.15721589537160585,-0.11131650691661721,-0.21433796008106454,-0.3231373785642382,-0.19264472726102633,699.9939874057112,-0.759456784767587,Stage 4 — Declining,694.4705930223652,1011.1043139234446,False,571.5129923118551,0.7235530069516759,1.3653793956235867,454843373.79072267,693.4410046386719,True,-10.46351664778794,False,-38.013319558692515,False,False,False,False,False,False,False,False,700.6628255208333,718.8855331420898,False,2.6286407823718587,2,1.8355294324444809,19.483870967741936,0.8010827573247291,False,775.0,0.02663586861156584,0.042223137511827366,False,23.653769445552463,7.0,True,False,0,False,False,False,False,False,False,False,False,0,False,False,,Tata Chemicals Ltd.,Chemicals,EQ,INE092A01019,SELL,Stage 4 takes precedence: the guide requires SELL regardless of RS.
TATACOMM,2026-08-21,1655.4000244140625,-0.11909880305334941,-0.009632341707385916,-0.13038004936575498,0.05126053631738259,-0.06538989217249143,1683.5276914399246,0.052285254087958144,Stage 1 — Basing,1836.5232795266545,2110.0,False,1310.5824719426591,0.3368047162472309,0.5108285042495428,428786923.2379578,1834.2761791992189,True,-1.670757610277529,False,-21.545022539617886,False,False,True,True,True,True,False,False,1682.869131673177,1713.385166015625,False,2.6389827604734695,2,0.6513347328964977,21.80094786729858,0.4433570961242121,False,2110.0,0.0703518429196264,0.08863009544782578,False,27.46163881125021,28.0,True,False,2,False,False,False,True,False,False,True,False,2,False,False,3.0,Tata Communications Ltd.,Telecommunication,EQ,INE151A01013,AVOID,Stage 1 + RS 28; weak RS in a basing stage is AVOID.
TCS,2026-08-24,2284.10009765625,0.004515430575375623,-0.09555745271256666,-0.24548582212329428,-0.22104786035056234,-0.11061205480713443,2396.012637621736,-1.9677048065209979,Stage 4 — Declining,2231.3895885991114,3287.1613923698505,False,1966.0205187179013,0.3590404394807297,0.9767364431210829,8246356227.444616,2233.0131713867186,False,-4.6707825413045185,False,-30.514513131052933,False,True,False,False,False,False,False,False,2414.143623860677,2579.9929034423826,False,2.468617287373264,2,1.0317369894287507,21.20158241611618,0.5274795458416813,False,2495.0,0.09714717524881177,0.13666657448483835,False,9.233391415733383,19.0,True,False,1,False,False,False,False,True,False,False,False,1,False,False,,Tata Consultancy Services Ltd.,Information Technology,EQ,INE467B01029,SELL,Stage 4 takes precedence: the guide requires SELL regardless of RS.
TATACONSUM,2026-08-24,1062.5,-0.10094774403370788,-0.09041555698723147,-0.0965510233293071,-0.01163127396686281,-0.08009866847016343,1116.3633000622058,-0.5925990499754175,Stage 4 — Declining,1095.2058847464766,1271.9371979227803,False,998.7489642211792,0.7198510377312151,0.5099856358525792,1491842608.1310973,1095.102001953125,True,-4.824889895538886,False,-16.46600148692996,False,False,False,False,True,True,False,False,1117.6904789225262,1128.714695739746,False,1.8991588432247897,2,1.3984577640823497,8.829955951277844,0.8822179143304663,False,1142.699951171875,0.045190170872010806,0.05571713005129209,False,7.548230698529412,25.0,True,False,0,False,False,False,False,False,False,True,False,1,False,False,,Tata Consumer Products Ltd.,Fast Moving Consumer Goods,EQ,INE192A01025,SELL,Stage 4 takes precedence: the guide requires SELL regardless of RS.
TATAELXSI,2026-08-24,3673.5,-0.13261639819645576,-0.16865776404214283,-0.2851505455964847,-0.329800604997173,-0.20976834220574242,4172.427391574807,-2.572821340731901,Stage 4 — Declining,3746.527449065564,5845.177388781378,False,3353.89990234375,0.5306123285905162,1.8826832353671117,972867605.5123413,3740.0939990234374,True,-11.957724958432314,False,-37.153318784635495,False,False,False,False,False,False,False,False,4203.683481445312,4451.686302490234,False,2.3156194021733847,2,0.9592836433613824,19.319222940973056,0.40213225607561104,False,4157.0,0.15624102842195922,0.2487872191935561,False,13.16183476248809,5.0,True,False,0,False,False,False,False,False,False,False,False,0,False,False,,Tata Elxsi Ltd.,Information Technology,EQ,INE670A01012,SELL,Stage 4 takes precedence: the guide requires SELL regardless of RS.
TATAINVEST,2026-08-21,647.9500122070312,-0.02552298674268605,-0.0789255544399794,-0.13259406187172185,-0.06342871833164887,-0.06519886162574445,658.8322547649515,0.17223491021778337,Stage 1 — Basing,669.2627467735141,1178.621408861613,False,536.0852264589291,0.34904301531208076,2.5002637390877696,291151588.34569395,669.3300012207031,True,-1.651747084210775,False,-45.02475457043816,False,False,True,True,False,False,False,False,658.0184493001302,673.6244418334961,False,2.4511388059313255,2,1.7771733567745176,13.101561972330444,0.6601477715917856,False,714.7999877929688,0.02753683508896524,0.04590708850364886,False,10.317150139134146,28.0,True,False,2,False,False,False,False,False,False,False,False,0,False,False,2.0,Tata Investment Corporation Ltd.,Financial Services,EQ,INE672A01026,AVOID,Stage 1 + RS 28; weak RS in a basing stage is AVOID.
TMCV,2026-08-24,475.04998779296875,,,,,,426.08327808118844,0.6691160145171349,Stage 2 — Advancing,431.5186258951823,,False,,0.6335127417352576,2.0819860899705525,4004425324.121344,432.0169982910156,False,11.49228618693876,False,,True,True,True,True,False,False,False,False,426.28122965494794,,False,2.840302046896388,2,1.0265777593059582,18.48093402059405,0.9907372175784822,False,487.79998779296875,0.020204790702222027,,False,2.6839280765451834,,True,False,4,False,False,False,False,True,False,False,False,1,False,False,,Tata Motors Ltd.,Capital Goods,EQ,INE1TAE01010,WAIT,Stage 2 + RS unavailable; wait for a clearer entry trigger; no breakout setup is present.
TMPV,2026-08-24,314.3999938964844,-0.12754088226078264,-0.16035482959470249,-0.1152440763979814,-0.5340172851630347,-0.2129395911354568,348.8391198981298,-0.2829069934786155,Stage 4 — Declining,341.71041271733304,733.6144341409002,False,291.8787603017159,0.7821646077706045,0.5111689546549897,3216881741.3443284,340.6818450927734,True,-9.872495381740032,False,-57.14370120529829,False,False,False,False,True,True,False,False,348.5843572998047,351.3216586303711,False,2.6024618206827954,2,0.8141948041626619,20.93487666045358,1.1808653014213597,False,395.370288314166,0.013372037125968265,0.031189804261085727,False,25.753910938160175,5.0,True,False,0,False,False,False,False,False,False,False,False,0,False,False,,Tata Motors Passenger Vehicles Ltd.,Automobile and Auto Components,EQ,INE155A01022,SELL,Stage 4 takes precedence: the guide requires SELL regardless of RS.
TATAPOWER,2026-08-24,373.5,-0.08091357679250555,-0.010363616442609636,-0.017607037934854186,-0.02537752855319364,-0.043035067303133716,391.6997316961419,0.27961563924423505,Stage 1 — Basing,382.3392651127834,462.0369390979878,False,340.3907303086808,0.8665538960370276,0.41414225073750416,1438694774.8719559,381.9538226318359,True,-4.646347756566804,False,-19.16230751394773,False,False,False,True,True,True,False,False,390.6548219807943,387.9576495361328,False,1.461082308213509,3,0.9227101268440634,9.507993578470941,0.929518777005008,False,406.5,0.015885674184184503,0.020160067472192615,False,8.835341365461847,33.0,True,False,1,False,True,False,False,False,False,True,False,2,False,False,1.0,Tata Power Co. Ltd.,Power,EQ,INE245A01021,AVOID,Stage 1 + RS 33; weak RS in a basing stage is AVOID.
TATASTEEL,2026-08-24,186.3000030517578,-0.09105583853919252,-0.09079503996244431,0.14986712731583052,0.19925591141029808,0.015243264337059841,196.24879915420323,0.038298843767536894,Stage 1 — Basing,188.68823631137025,219.86575104195882,False,149.95745298441892,1.5922191121839462,0.7741834266676785,4224267749.2585754,188.5164010620117,True,-5.069481263234687,False,-15.266474123928187,False,False,False,True,False,False,False,False,195.88402852376302,189.53831840515136,True,1.9791436542130294,2,0.8472833150929305,10.313899981563246,0.8768835354117445,False,200.6999969482422,0.007923697855402418,0.009616077463452468,False,7.729465196242513,45.0,True,False,1,False,True,True,False,False,False,True,False,3,False,False,2.0,Tata Steel Ltd.,Metals & Mining,EQ,INE081A01020,AVOID,Stage 1 + RS 45; weak RS in a basing stage is AVOID.
TATATECH,2026-08-24,797.5,0.20614812234913749,0.41527126111935875,0.1944059753938241,0.1845341804721532,0.2413015323367222,660.155261523103,2.0716102657378777,Stage 2 — Advancing,762.7731227500766,891.0,False,499.7255286427323,0.703985230011694,3.8165224538470564,1998136150.791919,762.8240856933594,False,20.804914613573878,True,-10.49382716049383,True,True,True,True,False,False,False,False,659.6531459554036,658.1345460510254,True,4.333185041319133,2,1.6126997383587258,25.757575757575758,0.6359518352822175,False,891.0,0.033919210607462225,0.037027445893635005,False,11.724137931034484,78.0,True,True,5,True,True,True,True,True,True,True,True,8,True,False,,Tata Technologies Ltd.,Information Technology,EQ,INE142M01025,HOLD,Stage 2 + RS 78; trend/leadership is adequate without a stronger entry trigger.
TTML,2026-08-21,37.779998779296875,-0.10431487657763239,-0.11955257716983247,-0.2579061305729442,-0.35462934423569537,-0.18814356102674737,41.50379315080314,-1.1689491154274534,Stage 4 — Declining,40.97921565934723,60.619998931884766,False,31.219999313354492,0.37849781266435534,0.9556853851949935,62907695.76031399,40.87,True,-8.972178417466425,False,-37.67733512871205,False,False,False,False,False,False,False,False,41.593066711425784,43.83110004425049,False,1.9190058361437026,2,0.6776033915410118,21.379016678976022,0.3719547181292134,False,47.56999969482422,0.0016055892838140716,0.002585326740864742,False,25.913184838142932,7.0,True,False,0,False,False,False,False,False,False,False,False,0,False,False,,Tata Teleservices (Maharashtra) Ltd.,Telecommunication,EQ,INE517B01013,SELL,Stage 4 takes precedence: the guide requires SELL regardless of RS.
TECHM,2026-08-24,1584.0,0.14271110996434078,0.20794082935639624,0.08728419599076287,0.09114943251707586,0.13435933555858331,1461.7896937540133,0.08781421216279561,Stage 2 — Advancing,1521.3432114545037,1807.040094106148,False,1271.0685229802766,0.806622048776138,1.1074876710867927,4774391337.136358,1523.98025390625,False,8.36032069237942,False,-12.34284146951785,True,True,True,True,False,False,False,False,1466.804637858073,1477.4410479736327,True,1.9895391202764252,3,0.5803297005976829,22.33143716722054,0.8376678904352758,False,1686.5999755859375,0.06737057003413187,0.0745378764639504,False,6.477271185980893,67.0,True,True,5,True,False,True,True,True,False,True,False,5,False,False,,Tech Mahindra Ltd.,Information Technology,EQ,INE669C01036,HOLD,Stage 2 + RS 67; trend/leadership is adequate without a stronger entry trigger.
TECHNOE,2026-08-24,998.0499877929688,-0.25211690686176935,-0.14656459920080445,-0.15196705999741733,-0.35001685769269264,-0.23055646612289066,1093.3575339121362,0.11009075908887667,Stage 1 — Basing,1033.9794179878984,1565.3169683570604,False,870.0,0.7648710073933213,0.8797614543828098,253546725.98181763,1033.061005859375,True,-8.716960661362805,False,-36.239751566705934,False,False,False,True,False,False,False,False,1088.882666829427,1097.2760015869142,False,3.69828356262902,0,2.8400698306030674,15.699707474989467,1.3818496424675961,False,1116.9000244140625,0.04244898775263299,0.06758052043417892,False,11.908224845922998,4.0,True,False,1,False,False,False,False,False,False,False,False,0,False,False,1.0,Techno Electric & Engineering Company Ltd.,Construction,EQ,INE285K01026,AVOID,Stage 1 + RS 4; weak RS in a basing stage is AVOID.
TEGA,2026-08-24,1704.300048828125,0.06319404168941056,-0.04370996772417557,-0.07736027832454928,-0.08991575921975492,-0.01691958437793173,1688.4324126144936,-0.4587555245982533,Stage 3 — Topping,1661.539213292739,2125.0,False,1473.0,1.940735778839704,3.6445532463314563,411977021.6221924,1659.1359985351562,False,0.9397850985969125,False,-19.79764476102941,True,True,False,False,False,False,False,False,1692.1633325195312,1748.754496459961,False,3.7434725930714863,2,2.0478093556676416,20.335316387236343,3.8237263832872315,False,1849.0,0.07248716275173583,0.09124977159455892,False,8.490286160079052,37.0,True,False,2,False,False,False,False,True,False,True,False,2,False,False,,Tega Industries Ltd.,Capital Goods,EQ,INE011K01018,SELL,Stage 3 + RS 37; RS below 50 in Stage 3 triggers SELL.
TEJASNET,2026-08-24,509.29998779296875,0.08789916572247858,0.6066245671702484,0.05227270205158829,-0.18006927831420938,0.1309252644705169,472.0188341532668,2.3350129103785866,Stage 2 — Advancing,551.5647032494638,644.75,False,294.0,0.404744715803553,1.4095081187901317,731424692.4951355,550.9489978027344,True,7.898234337741816,False,-21.00814458426231,True,False,True,True,False,False,False,False,468.27799845377604,468.41074951171873,False,3.027965113933008,3,0.7009182168731023,24.303995689341797,0.20019846186844018,False,644.75,0.021661509151508024,0.027322179938446375,False,26.5953299535699,66.0,True,True,4,True,False,False,True,False,True,True,False,4,False,False,,Tejas Networks Ltd.,Telecommunication,EQ,INE010J01012,HOLD,Stage 2 + RS 66; trend/leadership is adequate without a stronger entry trigger.
TENNIND,2026-08-24,553.5,,,,,,567.6900699563222,0.33515308148543976,Stage 1 — Basing,566.0058833103554,,False,,0.41148875793942385,0.255081623597009,2351895657.090033,566.2510009765625,True,-2.499615671877786,False,,False,False,False,True,True,True,False,False,566.077001546224,,False,3.583045651303797,2,0.9714083188935692,15.723574971931864,8.652910077987958,False,622.9500122070312,0.023541420778972217,,False,12.547427679680446,,True,False,1,False,False,False,False,False,False,False,False,0,False,False,1.0,Tenneco Clean Air India Ltd.,Automobile and Auto Components,EQ,INE19RI01016,AVOID,Stage 1 + RS unavailable; weak RS in a basing stage is AVOID.
TEXRAIL,2026-08-24,104.05000305175781,-0.03844373041226434,-0.02483593226127112,-0.19341082905614104,-0.272812052407279,-0.11358925490984398,107.390411324697,-1.0835875161856579,Stage 4 — Declining,110.56862775017234,153.0,False,78.05000305175781,0.41140351759103244,0.6930724511384824,134008907.3846016,110.65040023803711,True,-3.1105274965745333,False,-31.993462057674638,False,False,True,False,True,False,False,False,107.75700037638346,113.34205013275147,False,2.460355798455945,3,0.9669145747631802,17.24082337596464,0.4152716405005002,False,123.37000274658203,0.0044254469808397,0.006466703024393609,False,18.567995317802954,18.0,True,False,1,False,False,False,False,False,True,False,False,1,False,False,,Texmaco Rail & Eng. Ltd.,Capital Goods,EQ,INE621L01012,SELL,Stage 4 takes precedence: the guide requires SELL regardless of RS.
THANGAMAYL,2026-08-21,5487.5,0.4249441685335269,0.5472218698181253,0.818883344425138,1.5862903185904922,0.760456773980162,4562.274722184806,2.5689555796939656,Stage 2 — Advancing,5871.655388327206,7430.0,False,1934.089956974078,0.37481142947073937,0.6323126141958423,1611462187.3,5879.82013671875,True,20.27991153877988,True,-26.144010767160164,True,False,True,True,True,False,False,False,4534.568346354166,4229.951827392578,True,3.692808330621542,2,1.0848985829480813,37.940780619111706,0.3391059346327078,False,7430.0,0.2332099385815198,0.3157028701694993,False,35.398633257403176,97.0,True,True,4,True,True,True,True,False,True,False,True,6,False,False,,Thangamayil Jewellery Ltd.,Consumer Durables,EQ,INE085J01014,REDUCE,Stage 2 + RS 97; distribution warning (U/D 0.63) triggers REDUCE.
ANUP,2026-08-24,1789.5999755859375,-0.0891917115493529,0.10463299426955364,-0.2060587532865611,-0.21241171705750062,-0.09844417983464279,1927.1843160695043,-0.4679808261487062,Stage 4 — Declining,2095.9307909198837,2559.3896551627895,False,1413.1287937902684,0.35214550733410843,0.1694363959248528,116484022.25510255,2098.8803173828123,True,-7.139137618355584,False,-30.07708021418449,False,False,True,False,True,True,False,False,1926.8116772460937,2004.4297637939453,False,4.468771931871403,3,0.3453134928683948,25.062899660891407,0.36026474727981483,False,2383.3321437818063,0.07611513288402341,0.10730959824667687,False,33.17680913587817,21.0,True,False,1,False,False,False,True,False,False,False,False,1,False,False,,The Anup Engineering Ltd.,Capital Goods,EQ,INE294Z01018,SELL,Stage 4 takes precedence: the guide requires SELL regardless of RS.
NIACL,2026-08-24,184.0800018310547,0.12728468288788397,0.24169491577759383,0.07330646538152585,-0.0451150136977323,0.10489114664743107,159.45733945663662,1.524537861065367,Stage 2 — Advancing,179.04493085075828,216.21914184904352,False,116.0144662714778,0.0728700091110586,6.887049069270945,501791276.7415558,179.44463104248047,False,15.441535935769224,False,-14.864151130720538,True,True,True,True,False,False,False,False,159.03995890299478,159.91200965881347,False,3.165937588668708,2,0.21526714756971868,26.853206567213743,0.15230653788332385,True,216.21914184904352,0.007829276928814516,0.009043874921106657,False,17.459332734842945,62.0,True,True,5,True,False,False,True,True,True,True,False,5,False,False,,The New India Assurance Company Ltd.,Financial Services,EQ,INE470Y01017,HOLD,Stage 2 + RS 62; trend/leadership is adequate without a stronger entry trigger.
RAMCOCEM,2026-08-21,899.0499877929688,-0.00562143213530919,-0.19053279521385658,-0.10786384956621575,-0.18885766209399335,-0.09969943422893682,965.6914188779633,-1.0504091789586667,Stage 4 — Declining,916.5055865119485,1211.1945755050306,False,836.0183952677719,1.0507508718646046,0.8667838245752856,253631171.45535278,917.2716333007812,True,-6.900903309509077,False,-25.771630258656597,False,False,False,False,False,False,False,False,969.1750162760417,985.1673764038086,False,3.1612425425166992,2,1.3877675759605324,11.917515651865394,2.209508508998605,False,986.6074693636571,0.03820818085374294,0.05073683287534675,False,9.738889134032313,21.0,True,False,0,False,False,False,False,False,False,False,False,0,False,False,,The Ramco Cements Ltd.,Construction Materials,EQ,INE331A01037,SELL,Stage 4 takes precedence: the guide requires SELL regardless of RS.
THERMAX,2026-08-21,3967.800048828125,-0.12917922316577768,0.26404120877368764,0.3801244056787849,0.23069481616070475,0.12330039685632439,3970.013811624461,1.7837165223484552,Stage 1 — Basing,4498.456102558211,5256.332008959298,False,2731.5439342301706,0.3255577237279596,1.8707256645552988,1629580184.5321412,4494.283720703125,True,-0.055762093065114815,False,-24.51389976764975,False,False,True,True,False,False,False,False,3935.0629573567708,3690.5430261230467,True,2.7323526354113707,2,1.212677111472943,32.1485021509109,0.5416566187372369,False,5256.332008959298,0.16862513087762337,0.22345589642334704,False,32.474720103694146,64.0,True,True,3,True,True,True,True,False,True,True,False,6,False,False,3.0,Thermax Ltd.,Capital Goods,EQ,INE152A01029,WATCH,Stage 1 + RS 64; adequate RS in a basing stage remains WATCH.
THOMASCOOK,2026-08-24,113.43000030517578,0.23642907070496233,0.05880708684099978,-0.2633458666547487,-0.3410213380148345,-0.014540395283731744,103.10513687133789,-1.5619794631223427,Stage 3 — Topping,105.75431374942555,181.5500030517578,False,86.3499984741211,4.37175198482973,4.991504167577371,333694613.0611061,105.6983999633789,False,10.013917586591248,False,-37.52134486451195,True,True,True,False,False,False,False,False,103.76799997965495,114.22734992980958,False,4.62903406000351,1,2.2591506544901474,19.6823036112656,1.1122199345160533,False,120.87000274658203,0.00482439632546177,0.007912139852908827,False,6.559113480904011,38.0,True,False,3,False,False,False,False,True,True,False,False,2,False,False,,Thomas Cook (India) Ltd.,Consumer Services,EQ,INE332A01027,SELL,Stage 3 + RS 38; RS below 50 in Stage 3 triggers SELL.
THYROCARE,2026-08-21,565.5499877929688,0.22142882706281375,0.43424993686633684,0.1195502404877804,0.2898491159960932,0.2573013894951676,468.0114314638335,2.268391623428978,Stage 2 — Advancing,561.6676438275506,662.0,False,338.148639887055,0.37805471976043686,0.7822297777145288,623500034.5551544,562.4589105224609,False,20.84106279713227,True,-14.569488248796258,True,True,True,True,False,False,False,False,467.7757307942708,465.1180029296875,True,4.472259687778925,2,1.3813113847408343,23.6404833836858,1.6392935398123318,False,662.0,0.02403496636318497,0.027420541860289232,False,17.05419755792459,79.0,True,True,5,True,True,True,True,True,True,True,True,8,True,False,,Thyrocare Technologies Ltd.,Healthcare,EQ,INE594H01019,HOLD,Stage 2 + RS 79; trend/leadership is adequate without a stronger entry trigger.
TI,2026-08-24,578.5999755859375,0.32904552078577565,0.30095553813589104,0.21733639900273705,0.1851886765620112,0.27231433105443814,452.9530825680249,2.2901392899309814,Stage 2 — Advancing,473.7950989966299,593.0,True,381.54998779296875,0.9825975862250305,6.203559964467433,806801270.9901352,474.5560009765625,False,27.739493968239604,True,-2.428334639808183,True,True,True,True,False,False,False,False,451.60333374023435,454.32850006103513,True,3.557849672673304,2,2.6743192743297732,28.279934604895658,2.7054401409635624,False,593.0,0.024608971071312748,0.02482916012397872,False,2.4887703113847914,81.0,True,True,5,True,False,True,True,True,True,True,True,7,False,False,,Tilaknagar Industries Ltd.,Fast Moving Consumer Goods,EQ,INE133E01013,WAIT,"Stage 2 + RS 81; wait because price is more than 20% above the 30-week line (currently +28%) — the guide treats that as poor entry timing, not a failed trend."
TIMETECHNO,2026-08-24,185.0500030517578,0.06130994725846306,-0.020225510479097042,-0.06710020930449201,-0.22392712767458567,-0.03772659058824972,184.12945201298962,0.5843221518548436,Stage 2 — Advancing,192.3994113697725,249.14999389648438,False,154.0,0.5139547633037346,1.0732355954773323,709956249.2927758,192.70079956054687,True,0.49994774258235175,False,-25.727470365244532,True,False,True,True,False,False,False,False,183.9083999633789,185.8775496673584,False,3.7588291974400097,1,2.7633505896768424,20.318617057301218,0.7570179052522056,False,217.19000244140625,0.00787053294849417,0.010426066981154695,False,17.368278227295676,35.0,True,False,3,False,False,False,True,False,False,False,False,1,False,False,,Time Technoplast Ltd.,Capital Goods,EQ,INE508G01029,WAIT,Stage 2 + RS 35; wait because the close is below its 50-session average — short-term timing has weakened even though the 30-week trend is intact.
TIMKEN,2026-08-21,3134.10009765625,-0.15507056428589716,-0.00588503190013312,0.021571026040632102,0.052737522472805276,-0.04834352239169802,3360.662132947198,0.4141141632287626,Stage 1 — Basing,3320.0888911228553,3921.832239688061,False,2798.2399489351046,1.722336066549869,2.0820875549608107,129836849.3270752,3315.94365234375,True,-6.741589196658104,False,-20.085819430523788,False,False,False,True,False,False,False,False,3348.955037434896,3276.360673828125,True,2.8586470705763323,2,0.7576041071266862,22.67260886038421,0.5162363229507573,False,3921.832239688061,0.1331942216460591,0.16542861604422898,False,25.134236861831383,32.0,True,False,1,False,True,True,False,False,False,True,False,3,False,False,2.0,Timken India Ltd.,Capital Goods,EQ,INE325A01013,AVOID,Stage 1 + RS 32; weak RS in a basing stage is AVOID.
TIPSMUSIC,2026-08-21,650.9500122070312,-0.011990534524768726,0.1750000220343524,0.303784001845929,0.12371020294113566,0.11570263155437593,613.0565501245959,1.5993835648457244,Stage 2 — Advancing,666.9862730736826,741.0,False,478.56920878389656,0.26506199979939266,0.820829751066129,172019313.29880372,667.5209985351562,True,6.1810712363702836,False,-12.152494978808203,True,False,True,True,False,False,False,False,610.2907413736979,587.9560131835938,True,2.8968649671282964,2,1.168314100263548,17.429153092316128,0.2908180012214901,False,741.0,0.027664330271788853,0.03081085701442829,False,13.833625640109638,63.0,True,True,4,True,True,True,True,False,True,True,False,6,False,False,,Tips Music Ltd.,Media Entertainment & Publication,EQ,INE716B01029,HOLD,Stage 2 + RS 63; trend/leadership is adequate without a stronger entry trigger.
TITAGARH,2026-08-21,843.5499877929688,0.1204010631417547,0.13456622433486043,-0.007354671793102785,-0.012331348499519001,0.07113646606514962,784.7920692180766,0.36531813265840984,Stage 2 — Advancing,858.5009789560355,971.0,False,568.7000122070312,0.625580911866265,1.5373257558885511,311544734.2601288,858.497998046875,True,7.487068343266423,False,-13.12564492348417,True,False,True,True,False,False,False,False,784.9193334960937,796.7554989624024,False,2.6617947969457583,3,0.5195627809268886,18.4346035015448,0.6060668812048852,True,971.0,0.03584951997150616,0.04084709384962708,False,15.108768188176548,56.0,True,True,4,True,False,False,True,False,True,True,False,4,False,False,,Titagarh Rail Systems Ltd.,Capital Goods,EQ,INE615H01020,HOLD,Stage 2 + RS 56; trend/leadership is adequate without a stronger entry trigger.
TITAN,2026-08-24,5079.0,0.24899888672132864,0.1865562157932854,0.31524807880418004,0.4072537385237258,0.2814111613127697,4365.730677774508,1.4574671480158008,Stage 2 — Advancing,4690.50448069853,5168.0,True,3292.2971645749917,0.2933171208206692,1.7836975720389534,4690588792.2519045,4698.924755859375,False,16.337913968369012,False,-1.72213622291022,True,True,True,True,False,False,False,False,4357.738079427083,4253.4664453125,True,1.6936683327532134,2,0.6941516626983675,18.514286293114626,0.691766168118649,False,5168.0,0.21601964974959328,0.2167090065638672,True,1.7523134475290414,82.0,True,True,5,True,True,True,True,True,True,True,True,8,True,False,,Titan Company Ltd.,Consumer Durables,EQ,INE280A01028,HOLD,Stage 2 + RS 82; trend/leadership is adequate without a stronger entry trigger.
TORNTPHARM,2026-08-21,4896.5,0.09778714710793457,0.15666603958373537,0.3399895198401799,0.35435430000715806,0.2093168307293885,4446.30373282597,1.5182388612182907,Stage 2 — Advancing,4820.549029181985,5250.0,False,3450.040733610751,0.3537887231611372,0.5887214647763982,2559556199.44834,4825.536005859375,False,10.125180244667975,False,-6.733333333333336,True,True,True,True,True,True,False,False,4430.8107080078125,4267.275897216797,True,2.0101822001137837,2,0.9404361782584556,16.62857142857143,0.5066180890429114,False,5250.0,0.20809338756526866,0.22039474159447248,False,7.219442458899206,75.0,True,True,5,True,True,True,True,True,True,True,True,8,True,False,,Torrent Pharmaceuticals Ltd.,Healthcare,EQ,INE685A01028,REDUCE,Stage 2 + RS 75; distribution warning (U/D 0.59) triggers REDUCE.
TORNTPOWER,2026-08-21,1247.699951171875,-0.16050596864376876,-0.18093585346791496,-0.020446955257706345,-0.020750269406875632,-0.10862900308400689,1450.683773908944,-0.10847178184500983,Stage 4 — Declining,1387.9682377833947,1817.8039543841724,False,1171.7578125,0.5179509750953818,0.34791562684803257,393479016.9277283,1387.9836938476562,True,-13.99228600938428,False,-31.362238036578304,False,False,False,False,True,True,False,False,1445.9772688802084,1407.1330682373048,True,2.533231976818506,2,1.3478784823115266,16.852347354760905,0.6047933686824726,False,1490.0,0.053025244461222455,0.07740024932053478,False,19.419736980878287,19.0,True,False,0,False,True,True,False,False,False,False,False,2,False,False,,Torrent Power Ltd.,Power,EQ,INE813H01021,SELL,Stage 4 takes precedence: the guide requires SELL regardless of RS.
TARIL,2026-08-24,302.1000061035156,-0.027366387099062583,-0.0013882815199272036,0.05059996149616475,-0.39452851245113485,-0.0800099213346045,302.8888351231405,0.7695835124160721,Stage 1 — Basing,317.98235246246935,552.0,False,224.0500030517578,1.2967012629107058,2.15868638939182,386124755.7198135,317.9959997558594,True,-0.26043515909200954,False,-45.27173802472543,False,False,True,True,False,False,False,False,301.3541327921549,297.92184913635253,False,2.7356114066845514,2,0.6342830976030429,23.655913978494624,0.49977530139041554,False,372.0,0.01284889496117965,0.02299010728716734,False,23.138031275819593,26.0,True,False,2,True,True,False,True,False,True,False,False,4,False,False,3.0,Transformers And Rectifiers (India) Ltd.,Capital Goods,EQ,INE763I01026,AVOID,Stage 1 + RS 26; weak RS in a basing stage is AVOID.
TRANSRAILL,2026-08-24,472.3500061035156,-0.06321457815236908,-0.15327085021908438,-0.2587983061984963,-0.38996674724000513,-0.1856930119924648,513.7641833579704,-0.1943143001734926,Stage 4 — Declining,491.6483154296875,818.0909716568119,False,447.36551634527547,1.6224926199758447,0.8714459364521567,156901706.9243454,491.55981689453125,True,-8.060931181261232,False,-42.261921660508705,False,False,False,False,False,False,False,False,512.506806233724,530.8516865539551,False,2.305342742777509,2,0.7993338117821043,14.457781615625438,0.6738976934031325,False,528.6278760916863,0.020089955282083027,0.03422798597822827,False,11.914442523757973,8.0,True,False,0,False,False,False,False,False,False,False,False,0,False,False,,Transrail Lighting Ltd.,Capital Goods,EQ,INE454P01035,SELL,Stage 4 takes precedence: the guide requires SELL regardless of RS.
TRAVELFOOD,2026-08-21,1307.199951171875,0.23158085651402205,0.07042253802702292,-0.03148848006040117,0.06121115388449749,0.11266138497583267,1243.8199959590518,1.301927579276807,Stage 2 — Advancing,1326.0882329005822,1470.9000244140625,False,1035.300048828125,0.5267691974755031,2.2309089618959765,159092069.22106323,1327.7759985351563,True,5.095589025641445,False,-11.129245395681997,True,False,True,True,False,False,False,False,1239.2566625976563,1242.8999975585937,False,4.232603212211344,2,1.074761519992151,14.644096868505239,1.0211590221681388,False,1470.9000244140625,0.055553898920557385,0.06146711454848082,False,12.522955887156684,63.0,True,True,4,True,False,False,True,False,False,True,False,3,False,False,,Travel Food Services Ltd.,Consumer Services,EQ,INE103V01028,HOLD,Stage 2 + RS 63; trend/leadership is adequate without a stronger entry trigger.
TRENT,2026-08-24,2905.0,0.015696289491470727,0.11004988231430812,-0.32513099362772946,-0.4630320048607849,-0.12934410743825298,2784.57671533872,0.8618686155977384,Stage 2 — Advancing,3029.119619332108,5665.627845083876,False,2180.44477277369,0.3401079079019017,0.5449198847846759,3170218177.2848997,3031.680009765625,True,4.324653150977431,False,-48.725894473977874,True,False,True,True,True,True,False,False,2778.4424527994793,3050.346781005859,False,2.2847306397144704,2,0.33670855935310146,16.58087358496352,0.43768060548000914,True,3399.699951171875,0.12355524365476836,0.24193367130388327,False,17.02925821589931,16.0,True,False,3,False,False,False,False,False,True,False,False,1,False,False,,Trent Ltd.,Consumer Services,EQ,INE849A01020,REDUCE,Stage 2 + RS 16; distribution warning (U/D 0.54) triggers REDUCE.
TRIDENT,2026-08-24,24.43000030517578,0.0012295363571532825,-0.0360789794220473,-0.11131016494701729,-0.12472314364357762,-0.05393064305966713,24.944641831802997,-0.07149106358724788,Stage 4 — Declining,25.29843132168639,30.31139406763905,False,21.533432302754022,0.4823448616057033,1.3467546141676794,86292439.18561658,25.312199935913085,True,-2.0631345605094165,False,-19.403244038657864,False,False,True,False,False,False,False,False,24.935708401997886,25.402372465133666,False,1.8566166604720498,4,0.38570303902792835,11.70446505149911,0.39229425338929086,False,27.34000015258789,0.0010390549535945126,0.0012716654555149892,False,11.911583344497911,31.0,True,False,1,False,False,False,False,False,False,True,False,1,False,False,,Trident Ltd.,Textiles,EQ,INE064C01022,SELL,Stage 4 takes precedence: the guide requires SELL regardless of RS.
TRIVENI,2026-08-24,297.17999267578125,-0.2109916434581015,-0.21794738769531252,-0.1573651419967811,-0.11627137074126803,-0.18271343746991292,371.5128899143167,-1.2059094709496065,Stage 4 — Declining,352.4909781661688,490.1000061035156,False,220.0500030517578,2.175449040025694,2.434552804991276,374273013.7071991,351.57379760742185,True,-20.008161023882398,False,-39.3633974750425,False,False,False,False,False,False,False,False,370.4333231608073,368.5926390075684,False,5.1724322571686,1,3.506093681152606,55.10099973243413,3.101874340012961,False,490.1000061035156,0.012639637316481387,0.020437270572936057,False,64.91689150763493,8.0,True,False,0,False,True,False,False,False,True,False,False,2,False,False,,Triveni Engineering & Industries Ltd.,Fast Moving Consumer Goods,EQ,INE256C01024,SELL,Stage 4 takes precedence: the guide requires SELL regardless of RS.
TRITURBINE,2026-08-21,574.8499755859375,-0.18530329439343285,0.17268453951640295,0.0706114085428915,0.08247920802821462,-0.008966286539871329,571.7078541722791,1.186331708973709,Stage 2 — Advancing,632.6137264476102,787.5999755859375,False,428.3500061035156,0.34445619260313776,0.9097368146039756,506774780.3438843,631.8420007324219,True,0.5496026319609548,False,-27.012443701731193,True,False,True,True,False,False,False,False,568.5813102213542,559.2869961547851,True,3.9451309855962817,1,1.0846097530730998,25.093459573702436,0.983714143959804,False,749.0,0.024430200911158932,0.03272719247914552,False,30.294865062237065,39.0,True,False,3,True,True,True,True,False,True,False,False,5,False,False,,Triveni Turbine Ltd.,Capital Goods,EQ,INE152M01016,WAIT,Stage 2 + RS 39; wait because the close is below its 50-session average — short-term timing has weakened even though the 30-week trend is intact.
TIINDIA,2026-08-24,2880.0,-0.04308117271487333,0.12442726459310616,-0.008692662019129216,-0.06122511345057835,-0.006330571261269612,2810.220995759311,1.1362159951221251,Stage 2 — Advancing,2940.7065190333947,3415.1444625624204,False,2161.889399515081,0.3627474242055459,1.8877757016516126,1548609452.5365722,2935.0337939453125,True,2.4830433032130728,False,-15.669745992557383,True,False,True,True,False,False,False,False,2797.0810498046876,2772.917225341797,False,3.1022456716727316,2,1.0480315037518366,20.076751218533992,2.6003976255284043,False,3333.3831842009567,0.1224919455166034,0.14547572678565848,False,15.742471673644332,40.0,True,False,3,True,True,False,True,False,True,True,False,5,False,False,,Tube Investments of India Ltd.,Automobile and Auto Components,EQ,INE974X01010,WAIT,Stage 2 + RS 40; wait because the close is below its 50-session average — short-term timing has weakened even though the 30-week trend is intact.
UCOBANK,2026-08-21,25.719999313354492,0.0362610648507764,-0.09611203188945194,-0.14822541895838404,-0.1053889541996279,-0.05544085506918223,26.320224406801422,-0.6954387652343019,Stage 4 — Declining,26.498627382166244,33.63829638359693,False,21.855055871357475,0.2679494431410284,1.8320753332459907,104111659.54151067,26.508799934387206,True,-2.2804710331110423,False,-23.53953059912881,False,False,True,False,False,False,False,False,26.39898498535156,27.160173540115355,False,1.2108422369335359,4,0.2127479356429535,15.845539559958683,0.2533530884836276,False,30.040000915527344,0.0010930586715597508,0.0013871277036575436,False,16.796274173809156,30.0,True,False,1,False,False,False,False,False,False,True,False,1,False,False,,UCO Bank,Financial Services,EQ,INE691A01018,SELL,Stage 4 takes precedence: the guide requires SELL regardless of RS.
UNOMINDA,2026-08-21,1265.0,0.17409027060697868,0.06004075726432467,-0.01054507824737938,0.030300306737365057,0.08559530539365354,1136.4430457805765,0.509971358426764,Stage 2 — Advancing,1168.1568651386335,1378.852549646065,False,992.4616833454146,0.5415258780382494,6.749477067162623,1033703625.7069336,1170.3660034179688,False,11.312221470027373,False,-8.257050376799867,True,True,True,True,False,False,False,False,1136.8821398925782,1170.6886666870116,False,2.313381994194664,2,0.7300752469134686,17.761695215554745,0.7154450418340165,False,1298.300048828125,0.05376046875728885,0.0587340681398646,False,2.6324149271245156,58.0,True,True,5,True,False,False,False,True,False,True,False,3,False,False,,UNO Minda Ltd.,Automobile and Auto Components,EQ,INE405E01023,HOLD,Stage 2 + RS 58; trend/leadership is adequate without a stronger entry trigger.
UPL,2026-08-21,569.0,-0.08663307382173169,-0.2363822466106743,-0.23485676446825132,-0.1936166763862317,-0.16762436702172415,627.6962078226023,-1.9683146552786024,Stage 4 — Declining,589.6621069814645,804.4134581804076,False,557.7511250379978,0.4035889064557367,0.691447494368312,1157744917.5321503,589.3703295898438,True,-9.351053438129242,False,-29.26523118010923,False,False,False,False,True,False,False,False,631.1566394042969,662.5155661010742,False,1.9363552728490618,2,0.49670199306957885,10.76695689453592,0.7400114823555254,False,625.0499877929688,0.024181586342211348,0.033353810907334615,False,9.850612968887296,10.0,True,False,0,False,False,False,False,False,False,False,False,0,False,False,,UPL Ltd.,Chemicals,EQ,INE628A01036,SELL,Stage 4 takes precedence: the guide requires SELL regardless of RS.
UTIAMC,2026-08-21,893.0499877929688,-0.013005603616653594,-0.12942719873652764,-0.19178407334617043,-0.32514643235644736,-0.13447378233449053,933.6405340786638,-0.912006090303974,Stage 4 — Declining,915.3993649950214,1362.8249046583157,False,861.6167441984458,0.15725920751993386,0.6807182613920244,114782414.94393615,915.955068359375,True,-4.347556131520214,False,-34.47067303067285,False,False,False,False,True,False,False,False,936.6032609049479,975.2187725830078,False,1.4984761543251446,2,0.8338254500705733,12.012205274337367,0.34771140436832976,False,995.59263046799,0.03795319048809572,0.05754088078150483,False,11.482295960659394,15.0,True,False,0,False,False,False,False,False,False,False,False,0,False,False,,UTI Asset Management Company Ltd.,Financial Services,EQ,INE094J01016,SELL,Stage 4 takes precedence: the guide requires SELL regardless of RS.
UJJIVANSFB,2026-08-24,70.29000091552734,0.33911218647117547,0.15722751025945647,0.30602009130607666,0.6080988878468507,0.3499141724709469,60.233972862975236,1.4440395819930618,Stage 2 — Advancing,65.37568657070983,73.94000244140625,False,41.95000076293945,0.8790199774257502,0.8247571746679053,1053814747.3550934,65.54420028686523,False,16.694944023414028,False,-4.936436847931336,True,True,True,True,False,False,False,False,60.21360023498535,58.77300018310547,True,2.72646146986797,2,0.8426267930703878,25.060862837647647,0.7038590324427643,False,73.94000244140625,0.0029895690842037426,0.0030911627774384285,False,5.192774901604258,87.0,True,True,5,True,True,True,True,True,True,True,True,8,True,False,,Ujjivan Small Finance Bank Ltd.,Financial Services,EQ,INE551W01018,HOLD,Stage 2 + RS 87; trend/leadership is adequate without a stronger entry trigger.
ULTRACEMCO,2026-08-24,11504.0,0.01467843569213434,-0.09422720640955895,0.01336460458112776,-0.06753390056572839,-0.023807926201978177,11563.552894905823,-0.18273582620154105,Stage 4 — Declining,11530.85661764706,12847.756783521221,False,10118.465708821142,1.16147898673457,1.2852623770134284,2775352210.4396486,11536.74091796875,True,-0.5150051670716027,False,-10.459077068183209,False,False,False,False,False,False,False,False,11575.003606770833,11565.427041015624,False,1.6925789787403138,1,1.4853521479611456,10.167640677136895,0.8267501379958442,False,12239.0,0.48928727125798804,0.5533893674773233,False,6.389082058414464,36.0,True,False,0,False,True,False,False,False,False,True,False,2,False,False,,UltraTech Cement Ltd.,Construction Materials,EQ,INE481G01011,SELL,Stage 4 takes precedence: the guide requires SELL regardless of RS.
UNIONBANK,2026-08-24,183.60000610351562,0.1760871471211234,-0.057817068167885455,0.2518757468263295,0.40264721989919283,0.18977603855997677,171.88746893895816,0.662941505510295,Stage 2 — Advancing,172.97871369006586,199.59697275189,False,121.06557921577175,0.29825349542929785,2.7042139618829,2072149264.2129128,173.1105386352539,False,6.814072740065136,False,-8.014633903420709,True,True,True,True,False,False,False,False,171.83929412841798,166.7265486907959,True,2.469653686525452,2,1.1112440727944266,19.456397037882997,0.7287762918963968,False,190.5800018310547,0.0078088617862777385,0.008480622867931489,False,3.801740465958181,73.0,True,True,5,True,True,True,True,True,True,True,True,8,True,False,,Union Bank of India,Financial Services,EQ,INE692A01016,HOLD,Stage 2 + RS 73; trend/leadership is adequate without a stronger entry trigger.
UBL,2026-08-24,1346.699951171875,0.03123707701407885,-0.15200516783273166,-0.20447945169326076,-0.27668765696418607,-0.11413962449240417,1438.1290901915668,-0.5441848470714605,Stage 4 — Declining,1361.886500938266,1877.4402595671793,False,1266.9841747341861,0.4557991787273707,0.529049874275574,129087046.63168335,1362.3269189453124,True,-6.357505709554411,False,-28.26935800970093,False,False,False,False,True,True,False,False,1438.5325463867186,1490.2140222167968,False,2.0545834440229434,2,1.5812063814927306,10.184426308596077,0.4940661482930877,False,1453.6559119362512,0.057277742029915896,0.08178034923828562,False,7.942078016064746,18.0,True,False,0,False,False,False,False,False,False,False,False,0,False,False,,United Breweries Ltd.,Fast Moving Consumer Goods,EQ,INE686F01025,SELL,Stage 4 takes precedence: the guide requires SELL regardless of RS.
UNITDSPR,2026-08-24,1555.0,0.2221940998386407,0.10233909222065618,0.09981842310860567,0.1835926226898985,0.16602766753928833,1352.7841922289704,1.1354654096723316,Stage 2 — Advancing,1432.536314721201,1563.4000244140625,True,1201.5470073699987,0.4529269594696961,1.3326589866136336,965834463.8122193,1435.9513793945312,False,14.948120249530739,False,-0.5372920738702658,True,True,True,True,False,False,False,False,1351.6272924804687,1362.7513220214844,True,1.6798349712548806,3,0.3641622657622467,19.508188956950136,0.5623701612555201,True,1563.4000244140625,0.06613714419386052,0.06613714419386052,True,0.5401944960811811,71.0,True,True,5,True,False,True,True,True,False,True,True,6,False,False,,United Spirits Ltd.,Fast Moving Consumer Goods,EQ,INE854D01024,HOLD,Stage 2 + RS 71; trend/leadership is adequate without a stronger entry trigger.
URBANCO,2026-08-24,168.83999633789062,,,,,,128.1796578185199,0.8735933262486562,Stage 2 — Advancing,136.2068640017042,,False,,8.659804976668346,7.172186727307836,2654728909.188205,136.3582012939453,False,31.72136609768352,True,,True,True,True,True,False,False,False,False,128.17373362223307,129.55700008392333,False,3.7211903332700453,1,2.6179266034153073,26.42023924768052,3.745687524591729,False,172.3300018310547,0.007181090150154311,,False,2.067049022069223,,True,False,4,True,False,False,True,True,False,False,False,3,False,False,,Urban Company Ltd.,Consumer Services,EQ,INE0CAZ01013,WAIT,"Stage 2 + RS unavailable; wait because price is more than 20% above the 30-week line (currently +32%) — the guide treats that as poor entry timing, not a failed trend."
USHAMART,2026-08-24,490.6000061035156,0.061382385507927406,0.21730281844250787,0.18562196403422293,0.3111029246372645,0.16735849562597005,456.9090107956978,1.0404486210537467,Stage 2 — Advancing,494.7854225308287,523.5665450542912,False,370.3178760852046,0.5723195365391764,1.4180530789223138,302959201.28110504,494.8559454345703,True,7.373677146166502,False,-6.2965327449172825,True,False,True,True,False,False,False,False,455.8660681152344,451.9383512878418,True,2.726732779137459,2,0.8273963867860132,12.71347223877693,0.6994881011045913,False,523.0702866364934,0.020866162922943448,0.022932298328770077,False,6.618483515902485,71.0,True,True,4,True,True,True,True,False,True,True,True,7,False,False,,Usha Martin Ltd.,Capital Goods,EQ,INE228A01035,HOLD,Stage 2 + RS 71; trend/leadership is adequate without a stronger entry trigger.
VGUARD,2026-08-24,331.54998779296875,0.09186507390133913,0.06635096907402271,-0.046434681236901865,-0.10605652805597499,0.019517981516764822,316.38154801993534,0.5394029001450473,Stage 2 — Advancing,310.26392319623164,390.34213160745503,False,287.43192892625956,0.2450686126773547,3.494746453760177,990757209.1291275,310.42895080566404,False,4.794350324146479,False,-15.061695639252747,True,True,False,True,False,False,False,False,316.0833870442708,320.7136424255371,False,3.587048638382235,1,2.0565553838734454,17.87659173535441,1.0018498420198485,False,350.0,0.014101459389155156,0.016438795832922033,False,5.564775414364376,47.0,True,False,3,True,False,False,False,True,False,True,False,3,False,False,,V-Guard Industries Ltd.,Consumer Durables,EQ,INE951I01027,WAIT,Stage 2 + RS 47; wait because relative strength is below 50 — the trend has turned up but the stock still lags most of the universe.
VMART,2026-08-21,838.8499755859375,0.3192601048960011,0.4636223180572785,0.053257578567546426,0.11564999919230612,0.2542100211218266,664.8006805843777,2.1671992808162344,Stage 2 — Advancing,775.8496285232843,886.8128854091074,False,457.2878261718021,3.8499714227811386,1.9245056587420202,104358516.2028778,776.9908654785156,False,26.18067340854191,True,-5.408458831881258,True,True,True,True,False,False,False,False,662.0094586181641,685.2686567687988,False,3.1616413508234924,2,0.9198799326559339,20.622090184411338,0.6891260772537383,False,860.0,0.035649776999636604,0.03778404293708913,False,2.521311918652569,79.0,True,True,5,True,False,False,True,True,True,True,True,6,False,False,,V-Mart Retail Ltd.,Consumer Services,EQ,INE665J01013,HOLD,Stage 2 + RS 79; trend/leadership is adequate without a stronger entry trigger.
VIPIND,2026-08-24,302.04998779296875,-0.003792956358053323,-0.17529013571885665,-0.18540993059143696,-0.29763981777304627,-0.1331851593598893,322.6493143578098,-0.9988199557057986,Stage 4 — Declining,306.0392150878906,454.29998779296875,False,278.25,3.6126749324381673,0.7805608943771911,94085275.2277359,305.7149993896484,True,-6.3844321522397385,False,-33.51309797291533,False,False,False,False,False,False,False,False,323.45033284505206,336.0989999389648,False,3.8889031941420336,2,1.6487590052075842,12.634610850186508,1.3799469350008526,False,329.6499938964844,0.012846767586120503,0.01940266508746217,False,9.13756239660346,15.0,True,False,0,False,False,False,False,False,False,False,False,0,False,False,,V.I.P. Industries Ltd.,Consumer Durables,EQ,INE054A01027,SELL,Stage 4 takes precedence: the guide requires SELL regardless of RS.
V2RETAIL,2026-08-24,218.22000122070312,-0.06475807008004109,0.094163650969741,-0.07132519708728424,0.2681310954130971,0.03229068182709434,212.66458892822266,0.5149076094730587,Stage 2 — Advancing,223.7156862745098,259.25,False,158.55999755859375,0.6534653361959756,0.44008290533183164,215677029.50949556,223.5567999267578,True,2.6122883553290954,False,-15.826421901368127,True,False,True,True,True,True,False,False,212.11346659342448,216.6037998199463,False,2.502388849450711,2,0.6391333287767998,14.83207393561333,1.0906022401706932,False,248.9199981689453,0.009281316840333158,0.011396720678121426,False,14.068369891169086,49.0,True,False,3,True,False,False,True,False,True,True,False,4,False,False,,V2 Retail Ltd.,Consumer Services,EQ,INE945H01021,REDUCE,Stage 2 + RS 49; distribution warning (U/D 0.44) triggers REDUCE.
DBREALTY,2026-08-21,106.08000183105469,-0.07183479760876665,-0.09642248337048709,-0.21988523927000636,-0.40856377414099765,-0.17370821839980488,111.78696536360115,0.24713738467245783,Stage 1 — Basing,113.6574509564568,184.8000030517578,False,83.5,2.881076581712144,1.1859398913057357,71526668.1928173,113.69300003051758,True,-5.105213755453375,False,-42.5974025545095,False,False,True,True,False,False,False,False,111.44166646321615,115.05599983215332,False,4.1074131521939865,2,2.017948022171903,22.20017596233832,1.8118293147769406,False,125.98999786376953,0.004508229742459731,0.007879412131137542,False,18.768849631454508,9.0,True,False,2,False,False,False,False,False,False,False,False,0,False,False,1.0,VALOR ESTATE Ltd.,Realty,EQ,INE879I01012,AVOID,Stage 1 + RS 9; weak RS in a basing stage is AVOID.
WABAG,2026-08-24,2001.0999755859375,0.40141269622799425,0.5724559956259412,0.4158539956931051,0.26035573791691546,0.4102982243383901,1572.995821182042,3.436074979090753,Stage 2 — Advancing,2005.3151999080883,2248.015501662673,False,1030.4859602847353,0.5674603644061063,0.8521580121892893,1061009889.0837586,2012.9188012695313,True,27.215848169398992,True,-10.983711006179108,True,False,True,True,False,False,False,False,1560.8705110677083,1498.6965490722657,True,3.4331115689659275,3,0.3807951918245333,27.44619357491363,0.7200861394762283,True,2248.015501662673,0.08511063513289897,0.09490131693142455,False,12.338990009953754,89.0,True,True,4,True,True,True,True,False,True,True,True,7,False,False,,Va Tech Wabag Ltd.,Utilities,EQ,INE956G01038,WAIT,"Stage 2 + RS 89; wait because price is more than 20% above the 30-week line (currently +27%) — the guide treats that as poor entry timing, not a failed trend."
VAIBHAVGBL,2026-08-21,226.0500030517578,0.00364843881261967,-0.024660701466273194,-0.038793907496192825,0.05507300482881505,-0.00021694530168232633,227.51174841986762,0.5121105217522404,Stage 1 — Basing,243.3798502005783,286.0804190389319,False,171.95281788079984,0.3319131205081595,0.63848033289875,134310101.21997148,243.69587677001954,True,-0.6424922573282643,False,-20.98375561278967,False,False,True,True,True,False,False,False,226.75738830566405,229.17368827819826,True,3.72377575305418,2,0.9080445669376056,21.538055919883906,0.5985136572908422,False,280.5181654418038,0.009606762155453814,0.011658637769502204,False,24.095625593765014,41.0,True,False,2,False,False,True,True,False,True,True,False,4,False,False,2.0,Vaibhav Global Ltd.,Consumer Durables,EQ,INE884A01027,AVOID,Stage 1 + RS 41; weak RS in a basing stage is AVOID.
VTL,2026-08-24,599.5499877929688,-0.018177411245900776,0.1109977961067341,0.3770096375690597,0.4623649366851168,0.1828035095738218,578.693492732636,2.0292716825760504,Stage 2 — Advancing,623.6323517444087,688.0,False,382.7530066464721,0.4942239662448179,0.45398442736037165,209015712.05485535,623.3489990234375,True,3.6040659385760065,False,-12.856106425440583,True,False,True,True,True,True,False,False,574.1213330078125,540.1862495422363,True,2.3344891549213904,2,0.4895055493938344,16.27906976744186,0.44542024123257096,True,688.0,0.02550001543028353,0.028593008878568478,False,14.752733551480613,73.0,True,True,4,True,True,True,True,False,True,True,True,7,False,False,,Vardhman Textiles Ltd.,Textiles,EQ,INE825A01020,REDUCE,Stage 2 + RS 73; distribution warning (U/D 0.45) triggers REDUCE.
VARROC,2026-08-21,814.9500122070312,0.4371877443365584,0.4958969141626175,0.2426540211140995,0.48205096727445795,0.4189954782448584,590.9820560879177,3.3537756138277475,Stage 2 — Advancing,685.8044194240196,874.8499755859375,False,461.0607825414901,0.3148233125174365,10.599843201007653,934083686.142041,688.1366979980469,False,37.89758992036043,True,-6.846884043036949,True,True,True,True,False,False,False,False,589.4430879720052,599.3147714233398,True,4.656885780840718,2,1.0161079924655483,34.17991280734699,0.9963762161212156,False,874.8499755859375,0.03463406693281286,0.035975803725785946,False,7.350139576866366,89.0,True,True,5,True,False,True,True,True,True,True,True,7,False,False,,Varroc Engineering Ltd.,Automobile and Auto Components,EQ,INE665L01035,WAIT,"Stage 2 + RS 89; wait because price is more than 20% above the 30-week line (currently +38%) — the guide treats that as poor entry timing, not a failed trend."
VBL,2026-08-24,428.0,-0.20571943912018253,-0.06464771255020496,-0.03739020096765433,-0.16875668268535482,-0.13644669488871586,469.3217179807898,-0.8026014432453876,Stage 4 — Declining,471.697680903416,555.1842484654879,False,379.7399002549519,0.616586688071242,0.5077834082658798,2757316127.598001,470.32362060546876,True,-8.804561220514662,False,-22.90847566677572,False,False,True,False,True,True,False,False,469.76480570475263,471.23202774047854,False,2.080273596403277,2,0.5429363312446086,23.893480982662577,0.45559417993094375,False,555.1842484654879,0.018203664125384118,0.023817890761814245,False,29.715945903151386,14.0,True,False,1,False,False,False,False,False,False,True,False,1,False,False,,Varun Beverages Ltd.,Fast Moving Consumer Goods,EQ,INE200M01039,SELL,Stage 4 takes precedence: the guide requires SELL regardless of RS.
MANYAVAR,2026-08-24,533.9500122070312,0.28538762651038696,0.31111114108540505,-0.11030577274684528,-0.30480501969943885,0.09335512033197899,426.19965609846446,0.40112886139709314,Stage 2 — Advancing,441.49313893037686,788.1436848088485,False,329.20001220703125,0.35473829344900354,8.667485385399146,1443185024.3542647,442.0900018310547,False,25.2816619081629,True,-32.25219937700419,True,True,True,True,False,False,False,False,428.71500122070313,470.0087515258789,False,3.488823356229212,1,1.6022038685493465,31.074006118498986,0.3553251555583957,False,554.0,0.022709922154115762,0.03356453331831484,False,3.7550308707914537,60.0,True,True,5,True,False,False,False,True,True,False,False,3,False,False,,Vedant Fashions Ltd.,Consumer Services,EQ,INE825V01034,HOLD,Stage 2 + RS 60; trend/leadership is adequate without a stronger entry trigger.
VEDL,2026-08-24,277.0,-0.16047889149283345,-0.594840808024394,-0.4312306741575709,-0.3427090357579001,-0.3379476601851064,467.32410807152314,-5.124079115444269,Stage 4 — Declining,274.7284309536803,795.0,False,249.6999969482422,1.064130091929624,1.263727731349263,3396457495.179222,274.1729995727539,False,-40.72636202247764,False,-65.15723270440252,False,True,False,False,False,False,False,False,472.578913675944,492.8355162811279,False,2.8262000160158265,2,0.6998973341918143,19.190939498950748,0.6279577844762625,False,309.0,0.011781343370867758,0.034553300785705135,False,11.55234657039712,1.0,True,False,1,False,False,False,False,True,False,False,False,1,False,False,,Vedanta Ltd.,Metals & Mining,EQ,INE205A01025,SELL,Stage 4 takes precedence: the guide requires SELL regardless of RS.
VIJAYA,2026-08-21,1504.4000244140625,0.19463191144479164,0.4911289404396346,0.49334920384687475,0.47454763474999795,0.36965792038521816,1176.9713804047683,2.872965032189634,Stage 2 — Advancing,1373.2176489736519,1573.0,False,848.0,0.3519332170902375,1.8692900992845698,327583801.51682127,1374.9380029296874,False,27.819592681742968,True,-4.361091899932457,True,True,True,True,False,False,False,False,1170.455001220703,1132.4319998168946,True,3.880523225705753,1,1.6432339083909027,19.26255562619199,1.0800801229596726,False,1573.0,0.06393458538417138,0.06393529344140794,True,4.559955761278056,87.0,True,True,5,True,True,True,True,True,True,True,True,8,True,False,,Vijaya Diagnostic Centre Ltd.,Healthcare,EQ,INE043W01024,WAIT,"Stage 2 + RS 87; wait because price is more than 20% above the 30-week line (currently +28%) — the guide treats that as poor entry timing, not a failed trend."
VIKRAMSOLR,2026-08-24,172.02000427246094,,,,,,196.74979484244568,-1.7321130804048068,Stage 4 — Declining,183.99549087823607,,False,,0.47402618978200006,1.4872053652904205,1265547468.2334397,183.41840057373048,True,-12.569156979191764,False,,False,False,False,False,False,False,False,False,197.1894004313151,212.35325004577638,False,5.0293145668336505,2,1.0713451730354067,27.494165809561345,3.612806490675922,False,214.3000030517578,0.007316342010801447,,False,24.57853605928877,,True,False,0,False,False,False,False,False,False,False,False,0,False,False,,Vikram Solar Ltd.,Capital Goods,EQ,INE078V01014,SELL,Stage 4 takes precedence: the guide requires SELL regardless of RS.
VMM,2026-08-24,113.5,-0.06707219642021744,-0.08164088224669042,-0.15038548460677237,-0.24669807274615363,-0.12257376648801027,116.14493142742,-1.1534818339166586,Stage 4 — Declining,112.74392131730622,157.60000610351562,False,98.7699966430664,15.15230350887546,1.9963532470927567,1772391083.9690926,112.5847998046875,False,-2.2772680606151563,False,-27.982236291634177,False,True,False,False,False,False,False,False,116.35973322550456,120.83824985504151,False,2.874135040801752,2,1.5773149441485408,17.260898764740045,2.28789448545704,False,123.69000244140625,0.004827373547268919,0.0067259146573177605,False,8.977975719300657,16.0,True,False,1,False,False,False,False,True,False,False,False,1,False,False,,Vishal Mega Mart Ltd.,Consumer Services,EQ,INE01EA01019,SELL,Stage 4 takes precedence: the guide requires SELL regardless of RS.
VIYASH,2026-08-24,273.20001220703125,0.11029836185369679,0.24510078610372288,0.23068609147560992,0.5535968309617783,0.24999608644970095,233.6749308337904,1.9384265812668389,Stage 2 — Advancing,267.40392049153644,298.0,False,167.9499969482422,3.3181140176323485,1.2567722528284873,773716517.9459473,267.75299896240233,False,16.914557857023382,False,-8.3221435546875,True,True,True,True,False,False,False,False,232.77866587320963,228.0734493255615,True,4.375393338276615,2,0.9268801850290842,18.506709361236368,1.982140823393583,False,298.0,0.011619722573055227,0.012623839980657473,False,9.077593954928265,79.0,True,True,5,True,True,True,True,True,True,True,True,8,True,False,,Viyash Scientific Ltd.,Healthcare,EQ,INE807F01027,HOLD,Stage 2 + RS 79; trend/leadership is adequate without a stronger entry trigger.
IDEA,2026-08-24,14.069999694824219,0.024763304000264608,0.2896425198540835,0.4098196733655761,0.990098918415997,0.3478175439272372,12.035479473741088,1.7410871177150344,Stage 2 — Advancing,13.807254903456744,15.34000015258789,False,6.460000038146973,0.6156088482516803,1.6473804107391894,5115975773.590167,13.784400005340576,False,16.904355372978962,False,-8.279012028232735,True,True,True,True,False,False,False,False,11.98800002415975,11.719900031089782,True,3.0104576505848777,2,1.206234596337312,16.886540182778354,1.2089670446018321,False,15.15999984741211,0.0005984241791795259,0.0006654692701967283,False,7.746980641292112,87.0,True,True,5,True,True,True,True,True,True,True,True,8,True,False,,Vodafone Idea Ltd.,Telecommunication,EQ,INE669E01016,HOLD,Stage 2 + RS 87; trend/leadership is adequate without a stronger entry trigger.
VOLTAMP,2026-08-21,10869.5,0.18006608787734768,0.3351473783634584,0.3597668315212361,0.33864467850107305,0.27873821282809264,9271.541160425646,2.4192960087050075,Stage 2 — Advancing,9795.463828890932,12724.746990128295,False,6594.353209382375,2.7276177210074093,8.10981544930696,702302976.275,9799.072421875,False,17.235094057447874,False,-14.57983401609142,True,True,True,True,False,False,False,False,9192.97888671875,8843.233969726563,True,2.5480867170917314,2,0.8075211887890558,17.654061868897582,0.6782753498179029,False,11024.22318092603,0.461936296567076,0.5424891251382455,False,1.4234618052903159,82.0,True,True,5,True,True,True,True,True,True,True,True,8,True,False,,Voltamp Transformers Ltd,Capital Goods,EQ,INE540H01012,HOLD,Stage 2 + RS 82; trend/leadership is adequate without a stronger entry trigger.
VOLTAS,2026-08-24,1242.0,-0.01750516597408802,-0.1899208907119836,-0.0802438444957988,-0.07929226920396615,-0.07689346727198493,1350.0056060372967,-0.6185112591960751,Stage 4 — Declining,1305.5294141582415,1577.544205432766,False,1183.0834699283537,0.7932287730450702,0.6772558886971272,1176068914.0068727,1305.112001953125,True,-8.000382039473752,False,-21.270035050505378,False,False,False,False,True,False,False,False,1349.2733308919271,1357.3200457763671,False,2.7150914288949277,3,1.0750375071227762,13.903254156369135,1.4815282385541495,False,1411.9000244140625,0.05282465150403522,0.06718266276055992,False,13.679551080037244,26.0,True,False,0,False,False,False,False,False,False,True,False,1,False,False,,Voltas Ltd.,Consumer Durables,EQ,INE226A01021,SELL,Stage 4 takes precedence: the guide requires SELL regardless of RS.
WAAREEENER,2026-08-24,2674.800048828125,-0.10765636402731438,-0.11532989951112127,-0.17885426136853366,-0.16066601068367692,-0.13403257992359213,2969.7561737478595,0.21360274636876841,Stage 1 — Basing,2816.099992340686,3862.832998996418,False,2403.0,0.7659464482001894,0.5324238039467786,2110399459.805127,2811.403994140625,True,-9.931998038327073,False,-30.755483099501056,False,False,False,True,True,True,False,False,2958.0786751302085,2968.1620092773437,False,1.7165509870818507,2,0.31610624659653364,18.899234897713058,0.5040048405230265,False,3157.800048828125,0.11376439647529958,0.161786777964548,False,18.057424524558783,15.0,True,False,1,False,False,False,False,False,False,False,False,0,False,False,3.0,Waaree Energies Ltd.,Capital Goods,EQ,INE377N01017,AVOID,Stage 1 + RS 15; weak RS in a basing stage is AVOID.
WAAREERTL,2026-08-24,872.3499755859375,-0.08854874324713669,0.0075652435727857625,-0.17904197663386223,-0.18158367989016766,-0.1060315798891035,937.5650668209546,-0.33891772623680927,Stage 4 — Declining,958.1951006721048,1358.0,False,779.5,0.4205934205998771,0.25328984663079035,101610153.40329894,958.0640026855468,True,-6.955793634264229,False,-35.76215201870858,False,False,True,False,True,True,False,False,936.3309985351563,955.7862490844726,False,1.4390526898099008,1,0.6382639984088566,18.220338983050848,0.38775850247377674,False,1062.0,0.03710272419475103,0.05580745601886726,False,21.740130649591507,19.0,True,False,1,False,False,False,True,False,False,False,False,1,False,False,,Waaree Renewable Technologies Ltd.,Capital Goods,EQ,INE299N01021,SELL,Stage 4 takes precedence: the guide requires SELL regardless of RS.
WAKEFIT,2026-08-24,137.80999755859375,,,,,,146.66821931812862,-2.016374222604378,Stage 4 — Declining,127.23764741187001,,False,,0.24732765260917688,0.9331566412857073,208667087.47126085,127.29080032348632,False,-6.039632717106269,False,,False,True,False,False,False,False,False,False,147.60826685587566,,False,4.306135948193606,1,1.643350519563024,25.656522423905688,0.3732279524170721,False,158.7899932861328,0.005861324552982817,,False,15.223856105663769,,True,False,1,False,False,False,False,True,False,False,False,1,False,False,,Wakefit Innovations Ltd.,Consumer Durables,EQ,INE0E7301029,SELL,Stage 4 takes precedence: the guide requires SELL regardless of RS.
WEWORK,2026-08-21,682.9000244140625,,,,,,590.6319421132406,1.2764033213214176,Stage 2 — Advancing,698.9892147288602,,False,,0.318388400489697,1.1759402359816493,181822438.56590882,700.1819995117188,True,15.621925554973037,False,,True,False,True,True,False,False,False,False,590.8456646728515,594.7904997253418,False,3.7529041908575635,2,1.1132072179216606,22.945247047573158,0.46183494859822677,False,794.5,0.029022154487639524,,False,16.342066422049385,,True,False,3,True,False,False,True,False,False,False,False,2,False,False,,WeWork India Management Ltd.,Services,EQ,INE085001019,WAIT,Stage 2 + RS unavailable; wait because the close is below its 50-session average — short-term timing has weakened even though the 30-week trend is intact.
WEBELSOLAR,2026-08-24,80.87000274658203,-0.25044023353344136,0.3235679994465879,-0.25602571281498276,-0.3898445235922373,-0.164636540805503,89.60417804979298,0.18958817189569377,Stage 1 — Basing,97.43686272116268,141.5,False,50.400001525878906,0.9698767367065453,0.5407477003698993,192909389.00756225,97.28259994506836,True,-9.747508981509068,False,-42.84805459605509,False,False,True,True,True,True,False,False,89.3019999440511,91.9378500175476,False,4.757193978087254,2,1.8218744129649966,27.083334341141324,1.4489807619007846,False,110.4000015258789,0.0034395569341534355,0.005923087024596927,False,36.51539232888794,10.0,True,False,2,False,False,False,True,False,True,False,False,2,False,False,1.0,Websol Energy System Ltd.,Capital Goods,EQ,INE855C01023,AVOID,Stage 1 + RS 10; weak RS in a basing stage is AVOID.
WELCORP,2026-08-24,2409.199951171875,0.8921328450925134,2.1133429664848356,1.847449220002268,1.717175846029833,1.492446744540393,1247.4990159126178,7.095084393360973,Stage 2 — Advancing,1658.8258439606311,2422.0,True,707.6502693631002,4.4039981087979445,19.208456681828082,4240968445.5666747,1664.4996826171875,False,93.12239291903614,True,-0.5284908682132494,True,True,True,True,False,False,True,True,1234.5369543457032,1131.6069299316407,True,3.2177254835470217,1,2.786181542839175,43.62238044955605,3.0916792189621987,False,2422.0,0.1024679129019267,0.1024679129019267,True,0.5312987335027497,99.0,True,True,5,True,True,True,True,True,True,True,True,8,True,False,,Welspun Corp Ltd.,Capital Goods,EQ,INE191B01025,WAIT,"Stage 2 + RS 99; wait because price is more than 20% above the 30-week line (currently +93%) — the guide treats that as poor entry timing, not a failed trend."
WELENT,2026-08-21,631.4500122070312,0.27626576122081237,0.2731928843451026,0.19390273554898108,0.34811840330939137,0.27354910912902,522.7559006263469,1.51161498514778,Stage 2 — Advancing,590.309934129902,653.7000122070312,False,409.9812045484441,17.159011140954338,2.0975989962210435,368350331.6404602,591.1252526855469,False,20.79251739682919,True,-3.4037019404174806,True,True,True,True,False,False,False,False,521.2347239176432,519.5004292297364,True,3.5456942201904376,1,2.329082881481071,16.702048399136622,2.392688814110797,False,653.7000122070312,0.02683561158343539,0.026912555799156915,True,3.523636007580744,81.0,True,True,5,True,True,True,True,True,True,True,True,8,True,False,,Welspun Enterprises Ltd.,Construction,EQ,INE625G01013,WAIT,"Stage 2 + RS 81; wait because price is more than 20% above the 30-week line (currently +21%) — the guide treats that as poor entry timing, not a failed trend."
WELSPUNLIV,2026-08-24,190.42999267578125,0.3688535639438406,0.41974823399188077,0.444941451019921,0.6055309423139317,0.44158555104268293,142.18972313240783,2.5487334924795935,Stage 2 — Advancing,164.97329322964538,195.0,True,107.03568289025932,0.8269308956285313,22.919281282138456,1750416725.3566558,165.3758999633789,False,33.92669208480827,True,-2.3435934995993613,True,True,True,True,False,False,False,False,141.56149627685548,139.55761108398437,True,4.348431103704733,2,1.2569039104027493,25.885557173519096,6.921420061081033,False,195.0,0.008099354266517008,0.008099354266517008,True,2.3998358976988765,90.0,True,True,5,True,True,True,True,True,True,True,True,8,True,False,,Welspun Living Ltd.,Textiles,EQ,INE192B01031,WAIT,"Stage 2 + RS 90; wait because price is more than 20% above the 30-week line (currently +34%) — the guide treats that as poor entry timing, not a failed trend."
WESTLIFE,2026-08-21,588.1500244140625,0.2573313065546283,0.15914681261240737,0.07000595505714036,-0.17174670615408205,0.11441373492494446,487.5715205751616,1.316946146627962,Stage 2 — Advancing,511.3260653626685,774.4643697644537,False,398.1246588021791,0.941643231583748,1.3263527354658395,110618459.84510192,512.6417492675781,False,20.62846158862066,True,-24.057187473589913,True,True,True,True,False,False,False,False,487.6644989013672,502.5097901916504,False,4.167783778575504,2,0.5702567423727767,27.17902718644978,0.753467226060003,True,608.9500122070312,0.024995431630127178,0.032851929103789056,False,3.5365105720586376,63.0,True,True,5,True,False,False,True,True,True,True,False,5,False,False,,Westlife Foodworld Ltd.,Consumer Services,EQ,INE274F01020,HOLD,Stage 2 + RS 63; trend/leadership is adequate without a stronger entry trigger.
WHIRLPOOL,2026-08-21,768.5,-0.12416663136512085,-0.17387798978769153,-0.34889437583009986,-0.41382606732262117,-0.23698633913413086,840.3213787210399,-0.20328462100338562,Stage 4 — Declining,791.929412243413,1437.0,False,751.0,0.7216891640775438,0.9551989276535561,296451340.4687592,792.3690002441406,True,-8.54689414546983,False,-46.5205288796103,False,False,False,False,False,False,False,False,838.6829992675781,882.2824993896485,False,3.181524034747072,2,1.534480787889998,10.70154577883472,0.6490586344573075,False,841.0,0.032660015999981404,0.059749618700148145,False,9.433962264150942,4.0,True,False,0,False,False,False,False,False,False,False,False,0,False,False,,Whirlpool of India Ltd.,Consumer Durables,EQ,INE716A01013,SELL,Stage 4 takes precedence: the guide requires SELL regardless of RS.
WIPRO,2026-08-24,181.30999755859375,-0.09713608199921098,-0.08373786566855845,-0.2392318979449335,-0.24342369419737087,-0.15213312436185697,193.40879131996468,-2.0051480810425737,Stage 4 — Declining,178.0436553955078,263.220498300555,False,167.0916913788894,0.5742489662428152,2.0440977140043257,2300874999.609761,178.017890625,False,-6.255555230349053,False,-31.118587370970165,False,True,False,False,False,False,False,False,194.45857513427734,207.72556869506835,False,1.5750443599791693,3,0.6722279038657561,12.672888796433712,0.306457538792979,False,191.33999633789062,0.007711463313389848,0.011010973283496876,False,5.531961234545535,12.0,True,False,1,False,False,False,False,True,False,False,False,1,False,False,,Wipro Ltd.,Information Technology,EQ,INE075A01022,SELL,Stage 4 takes precedence: the guide requires SELL regardless of RS.
WOCKPHARMA,2026-08-24,1901.0,0.20667765046343556,0.39574155653450815,0.47067927889931593,0.28498037625281114,0.31295130252270126,1622.3102659460617,2.0302340976799726,Stage 2 — Advancing,1918.274502623315,2422.300048828125,False,1086.699951171875,0.39538254473155604,0.7792732539732793,1262293240.736676,1918.4879931640626,True,17.178571812304867,False,-21.52087017792542,True,False,True,True,False,False,False,False,1615.7333251953125,1555.8939935302735,True,3.6176450320437556,3,0.8489434296658391,15.452829037072524,0.40643223887528435,False,2120.0,0.08085319042606356,0.09594904959249598,False,11.520252498684913,85.0,True,True,4,True,True,True,True,False,True,True,True,7,False,False,,Wockhardt Ltd.,Healthcare,EQ,INE049B01025,WAIT,Stage 2 + RS 85; wait because the close is below its 50-session average — short-term timing has weakened even though the 30-week trend is intact.
YATHARTH,2026-08-24,907.5499877929688,0.053282155716159796,0.28971349056205287,0.15916164417563583,0.2680125971520817,0.164690408664418,769.3055712556186,2.10582015753904,Stage 2 — Advancing,846.4764356426164,918.9559612353087,True,537.9315639475303,3.9303435571852563,1.6017724249224996,304176440.4664734,846.8277783203125,False,17.970026697156904,False,-1.2411882531353724,True,True,True,True,False,False,True,True,764.4721390787761,750.1646838378906,True,3.1546040116380256,2,1.6060920969272399,13.545402350387793,1.5829202845349797,False,918.9559612353087,0.03859984849247584,0.03859984849247584,True,1.2567873500916038,71.0,True,True,5,True,True,True,True,True,True,True,True,8,True,False,,Yatharth Hospital & Trauma Care Services Ltd.,Healthcare,EQ,INE0JO301016,WAIT,"Stage 2 + RS 71; wait because a breakout without leadership is not an entry: RS needs 80, short by 9."
YESBANK,2026-08-24,22.600000381469727,0.03337903585841451,0.08549475085189417,0.018018000215478835,0.17219914816309378,0.06849399418945917,21.705205499309383,0.09779310875155378,Stage 2 — Advancing,23.56450985927208,25.780000686645508,False,17.200000762939453,0.49320979699350775,1.0704768153514617,1028271244.8810098,23.56020004272461,True,4.122489797154016,False,-12.335144377335405,True,False,True,True,False,False,False,False,21.7114000193278,21.877150039672852,False,1.4190896635052466,4,0.2912618145023154,13.033361213570881,0.46582138562678255,True,25.780000686645508,0.0009612215331257659,0.0010979706245473082,False,14.070797573008619,55.0,True,True,4,True,False,False,True,False,True,True,False,4,False,False,,Yes Bank Ltd.,Financial Services,EQ,INE528G01035,HOLD,Stage 2 + RS 55; trend/leadership is adequate without a stronger entry trigger.
ZFCVINDIA,2026-08-24,2650.10009765625,0.07586374638469251,0.008175325826049518,0.23178112199692058,0.09321638046489356,0.09698006421144974,2451.322074994649,0.8467957280602345,Stage 2 — Advancing,2496.5885943244484,3038.7327548607846,False,2046.7853151927584,0.28348070485355925,2.915238099163675,242141211.19578856,2496.300751953125,False,8.109012874696809,False,-12.789300295752371,True,True,True,True,False,False,False,False,2447.3692529296877,2421.4371618652344,True,2.154635331512679,3,0.16487248255827083,25.62689178951708,0.35968005131333963,True,3038.7327548607846,0.11271385999154677,0.11658053456182066,False,14.664829360530241,60.0,True,True,5,True,True,True,True,True,False,True,False,6,False,False,,ZF Commercial Vehicle Control Systems India Ltd.,Automobile and Auto Components,EQ,INE342J01019,HOLD,Stage 2 + RS 60; trend/leadership is adequate without a stronger entry trigger.
ZAGGLE,2026-08-24,191.32000732421875,-0.11241009225001475,-0.1464643652295925,-0.48032049301618707,-0.5249658415289417,-0.2753141768549502,226.8245211039504,-2.9656347934481575,Stage 4 — Declining,204.35274550494026,413.70001220703125,False,154.36000061035156,1.5913700766609788,4.555635732802766,1096326546.2023149,204.20220031738282,True,-15.65285517056616,False,-53.75392756128928,False,False,False,False,False,False,False,False,228.4742005411784,260.4931499481201,False,6.13407592223701,3,2.63466887012538,30.524797146967597,15.572994200610712,False,222.17999267578125,0.008137208303261933,0.017876974063140535,False,16.130035631488294,2.0,True,False,0,False,False,False,False,False,False,False,False,0,False,False,,Zaggle Prepaid Ocean Services Ltd.,Information Technology,EQ,INE07K301024,SELL,Stage 4 takes precedence: the guide requires SELL regardless of RS.
ZEEL,2026-08-24,104.56999969482422,0.27322541326972183,0.18775554983418363,0.06432569663943233,-0.1360679522548639,0.13249282415163915,93.20109584233532,1.0449732571623294,Stage 2 — Advancing,104.90549035165824,121.80000305175781,False,68.0,1.1533874570107854,1.4268259246873893,3868453607.489171,104.83380020141601,True,12.198251264900616,False,-14.14614361677139,True,False,True,True,False,False,False,False,92.97306660970052,93.39129997253418,False,5.091598125990812,2,1.9144411964942605,23.95437164312277,1.0063387083879456,False,118.3499984741211,0.0044475634393366815,0.005165839969876611,False,13.17777452377571,67.0,True,True,4,True,False,False,True,False,True,True,False,4,False,False,,Zee Entertainment Enterprises Ltd.,Media Entertainment & Publication,EQ,INE256A01028,HOLD,Stage 2 + RS 67; trend/leadership is adequate without a stronger entry trigger.
ZENTEC,2026-08-24,1903.300048828125,0.1953408808557051,0.43720573701177856,0.37713156480624743,0.2758258057009204,0.2961689738460713,1605.8399633120184,2.513016347223096,Stage 2 — Advancing,1803.0061896829045,2042.629425992547,False,1222.3593609523095,0.415770917367871,2.41625068697423,1019843822.4157165,1803.303056640625,False,18.52364446719834,False,-6.821079506221239,True,True,True,True,False,False,False,False,1597.9859041341147,1539.907996826172,True,3.4953236549287245,2,0.9736851316481552,21.71062184824497,0.9671877868730362,False,2042.629425992547,0.08095101593152891,0.08623992390608136,False,7.32041052855581,83.0,True,True,5,True,True,True,True,True,True,True,True,8,True,False,,Zen Technologies Ltd.,Capital Goods,EQ,INE251B01027,HOLD,Stage 2 + RS 83; trend/leadership is adequate without a stronger entry trigger.
ZENSARTECH,2026-08-24,476.8999938964844,-0.0006520965059343409,-0.09102865479612465,-0.3160924540428731,-0.38146280269003097,-0.15797762090817952,517.6105890143408,-2.4234888162373625,Stage 4 — Declining,481.4889029708563,845.3898333433813,False,412.9712066051201,0.12123125376557856,1.3419290911672934,655316332.4965622,482.3144860839844,True,-7.865100904403732,False,-43.58815600958656,False,False,False,False,False,False,False,False,522.2480574544271,567.6160516357422,False,2.624839480581178,3,0.7526372813111183,25.335160941269113,0.09309246198034545,False,553.0999755859375,0.020283475024040508,0.03553054677420227,False,15.978188858185028,11.0,True,False,0,False,False,False,False,False,False,False,False,0,False,False,,Zensar Technolgies Ltd.,Information Technology,EQ,INE520A01027,SELL,Stage 4 takes precedence: the guide requires SELL regardless of RS.
ZYDUSLIFE,2026-08-24,1103.800048828125,0.0633735511887723,0.22231788270150776,0.19224295078459108,0.11730578253218815,0.13172274367916634,1005.7120871347923,1.6985694274815444,Stage 2 — Advancing,1121.8323567708333,1205.0,False,834.749872350541,0.6057902500668004,1.6211402895363902,1794092758.5236695,1122.52654296875,True,9.75308569401594,False,-8.398336196836098,True,False,True,True,False,False,False,False,1002.3123856608073,982.1437356567383,True,2.8900168114065417,2,1.4201179698175277,12.626234878428486,1.8584040781089397,False,1205.0,0.0469467414730135,0.05090305565195036,False,9.168322766366632,66.0,True,True,4,True,True,True,True,False,True,True,False,6,False,False,,Zydus Lifesciences Ltd.,Healthcare,EQ,INE010B01027,HOLD,Stage 2 + RS 66; trend/leadership is adequate without a stronger entry trigger.
ZYDUSWELL,2026-08-24,511.1000061035156,0.04429249673996183,0.28351138246056107,0.14172567292908167,0.28139176365569596,0.15904276250505248,487.1905902183219,0.919301674856654,Stage 2 — Advancing,545.5458894617417,611.8499755859375,False,366.8171926721902,0.6448229227066608,0.5363686058298837,189718803.8508911,546.4897186279297,True,4.907610361374037,False,-16.466449865580003,True,False,True,True,True,True,False,False,485.50325846354167,474.07480255126956,True,2.9201718868852766,2,0.33520660174419104,19.91500865375503,0.22585024928989697,True,611.8499755859375,0.021738067396238715,0.025855853813796032,False,19.712378845484977,69.0,True,True,4,True,True,True,True,False,True,True,False,6,False,False,,Zydus Wellness Ltd.,Fast Moving Consumer Goods,EQ,INE768C01028,REDUCE,Stage 2 + RS 69; distribution warning (U/D 0.54) triggers REDUCE.
ECLERX,2026-08-21,1815.699951171875,0.18198219073917477,0.022488582065764318,-0.18480331703657638,-0.09107866889976757,0.02211419552155398,1647.6528067753234,-1.744788850224388,Stage 3 — Topping,1676.1826363357843,2496.1160957516863,False,1319.2685842580436,0.19839042984245478,0.6602085671048703,433767554.32528687,1681.8017602539062,False,10.199184179186528,False,-27.25899431271882,True,True,True,False,True,False,False,False,1665.9684440104168,1822.6975427246093,False,3.9731462011650565,2,1.5537522024812964,34.81481774648971,0.3715173339780699,False,2023.8780327825186,0.07716433240915926,0.10596218410638437,False,11.46544512909653,47.0,True,False,3,False,False,False,False,True,True,False,False,2,False,False,,eClerx Services Ltd.,Services,EQ,INE738I01010,SELL,Stage 3 + RS 47; RS below 50 in Stage 3 triggers SELL.
